	Text	sentiment
0	*علاج ڤايروس الكورونا*   كل يوم الصبح الواحد يقرط ثلات حبات ثوم،  ومع إنو الثوم ما إله علاقة بڤايروس الكورونا  بس هكذا بتضمن لا حدا يقرب عليك ولا حدا يبوسك . 😅😅😅  😂😂😂  الله يبعد مننا ومنكم البلاء يارب	Positive
1	ههههه هذا مكان اخطر من كورونا فايروس.  😂😂🔥.	Positive
2	خايفه يجيبوا لقاح الكورونا وما يكفينا ويقوموا يزيدوه مي ويخضوا العلبه.  الاردن وبعرفها 🙂🥲💔	Positive
3	الطواقي وشخبار الطرد  لحل يطلعون اشاعات هههههههه قمه الغباء  #٦_حالات_كورونا_تداهم_النصر	Positive
4	@Waleed_Albashaa هههههههه انتظر بعد ما تخلص كورونا عادي 😂	Positive
5	#منع_التجول يارب نفس  ما جاء هذا الوباء فجأة بقدرة الله وغيّر نمط حياتنا يروح  فجأة وبقدرة الله وحده بترجع حياتنا نفس أول وأحسن يارب نرجع نحس بالصلاة ونرجع لجمعة الاهل اللي مليانين شوق لهم ♥️♥️	Positive
6	قالو جاي اعصار وفيضان يعني اللي ماجاته كورونا واللي ماطلعش  اسمه فالمسحورين ايشيله السيل😂😂	Positive
7	@DRBROFE ههههههههه الكاضمي وتراكمي  اخذو فكرة عن الي يريدون تراكمي وشوفوا إملائهم شوفوا الاخطاء والمستوىٰ شوفوا منو يريد تراكمي 😂😂🌚 التراكمي مرفوض يجماعة مرفوض كافي تلحون وخلينا نطالب بالتأجيل حفاظاً على ارواحنا وارواح أهلنا #ابادة_جيل_تنتهي_بالتاجيل  #التأجيل_مطلبنا_كورونا_لن_ترحمنا  https://t.co/vVA71E8u59	Positive
8	- عاملين ايه ف بلدكم اللي مليانة كورونا دي ؟ = جوازات .. خطوبات .. ارتباطات .. كتشييييييييير اوي - ومش خايفين تتعدوا ؟ = هههه !!!! ما تسمعونا زغروطة. #فيروس_كورونا  https://t.co/TnIVbC1WiH	Positive
9	هذا ما غرفتهُ يداي  #كورونا بلاء من الله  وَلَنَبْلُوَنَّكُم بِشَيْءٍ مِّنَ الْخَوْفِ وَالْجُوعِ وَنَقْصٍ مِّنَ الْأَمْوَالِ وَالْأَنفُسِ وَالثَّمَرَاتِ ۗ وَبَشِّرِ الصَّابِرِينَ (155)  اللهم نسألك الصبر و العفو والعافيه .. 🤲🏼  #صباح_الخير ❤️  https://t.co/HjCssKO9g2	Positive
10	@hamedalhinai02 هههه بعد كورونا إن شاء الله اما حالياً ملتزمين بالتباعد 😁👍🏻	Positive
11	#كورونا سيذهب الوباء ومعه البلاء بإذن الله  تفائلوا بالخير تجدوه	Positive
12	هل تعلم لماذا سميت سورة يوسف بـ ( أحسن القصص ) ؟  لانها تعلمنا ان :  السجين سيخرج ، و المريض سيشفى ، والغائب سيعود ، والحزين سيفرح ، والكرب سيزول ، و ان ابتلاء المؤمن كله خير ، فـ مع الله لا يخيب رجاء ، فلا تيأس ، و ثق بالله .  #كوفيد_19	Positive
13	@dabbas60 هههههههههههه احنا أخطر من كورونا عالكوكب 😂😂	Positive
14	"قال لأمه الطاعنة في السن "" راهي دخلت كورونا للجزائر "" ردت عليه :"" ضرك يدوها غير أصحاب المعريفة ولكتاف حنا ما يصحلنا والو مع ولاد لحرام""😂 #فيروس_كورونا   #الجزاير #algérie #hirak #الحراك_مستمر"	Positive
15	قريباً ..   إن شاء الله ستختفي الكمامة وتشرق الإبتسامة كلنا واثقون بالله .  #كورونا #كورونا_السعوديه	Positive
16	(إِنَّمَا أَشْكُو بَثِّي وَحُزْنِي إِلَى اللَّهِ)  واعلم أن ما أخطأك لم يكن ليصيبك، وما أصابك لم يكن ليخطئك، واعلم أن النصر مع الصبر وأن الفرج مع الكرب وأن مع العسر يسرا  #كورونا #السعودية #كوفيد_19 #مساء_الخير #الأردن #الامارات #trending #quran #islamic  #نعود_بحذر #كلنا_مسؤول  https://t.co/LapgFBg3kN	Positive
17	@xxx_6445 الجليب قبل كورونا ليست الجليب بعد كورونا ههههه	Positive
18	@bashayer511 @hanadiOtaibi هههههههه 😹 ضروري بعد كورونا	Positive
19	"كن على يقين : أن هناك شيء ينتظرك بعد الصبر ليُبهرك ويُنسيك مرارة الألم ، ذاك وعد ربي ""وبشر الصابرين""  #كورونا"	Positive
20	@MaiBadran4 هههههههههه بعد كورونا ن شاء الله	Positive
21	راني خايف كـ يجيبولنا لقاح تاع كورونا و كي ميكفيش يزيدولو الماء  بلادي ونعرفها 🤣🤣🤣	Positive
22	#رسالة_اطمئنان   لماذا سميت سورة يوسف بأحسن القصص ؟  سورة يوسف  تُعَلِّمُنَا أن :  السجين سيخرج . والمريض سيشفى .  والغائب سيعود . والكفيف سيبصر .  والحزين سيفرح . والكرب سيزول . وأن إبتلاء المؤمن كله خير ،  فمع الله لا يخيب رجاء فلا تيأس وثق بالله   #الحجر_المنزلي  #كورونا	Positive
23	@JOOD77683894 @SaudiNews50 الوسوسه اخطر من كورونا هههههههههههههه	Positive
24	#الطايف_الان #كورونا_الجديد  🇺🇸 : سنموت جميعًا 🇮🇹 : لا يمكننا النجاة 🇬🇧 : ودعوا احبابكم 🇸🇦 : وين شحننننتتي  عايشين رغم الظروف هههههههههههههههههههههههههههههههههههههههههههههههههههههههههههه	Positive
25	"تخيل يجيلك كورونا قبل ما تتجوز؟؟ –دي تبقا مأساة!! 😂😂😂 ""الدحيح""  https://t.co/98eDc486qU"	Positive
26	"""أكبر ناقل للجراثيم""... هكذا تعقمون هواتفكم لتجنّب ""#كورونا""!  https://t.co/2y1NgBu9H0  https://t.co/TwfPsdaT9h"	Positive
27	تبـا أظن أن تغريداتي  مصابة بـ فايروس كورونا لـ هذا لا تتفاعلون معها  https://t.co/GDxl8kU4mg	Positive
28	أحسن شي هالأيام تدخل مصعد متروس ناس وتعطس فيه وتقول الله يلعن الساعة اللي رحت فيها الصين 😂😂	Positive
29	@parlementkw رغم كل الأخبار السيئة عن فايروس كورونا إلا أن فيه خبر حلو بالنسبه لمطنقتنا بعض العلماء يرجحون أن الفايروس سيختفي مع حلول الصيف لأنه لا يستطيع العيش في الأجواء الحارة 👍🏼 والله يشافي المرضى ويكفينا	Positive
30	.    من كتر أخبار أعداد الموتي     بسبب القتل والحرب و الكورونا   مذيعة قناة العربية غلطت و قالت :-      {{{ سنموت بعد الفاصل }}}😂  https://t.co/5kYeIqyJ0k	Positive
31	واحد يقول قلت لجدتي الكورونا وصلت اليمن . قالت أيش ب نستفيد هي بتوصل ليد المسؤولين السرق وبيقسموها بينهم البين ولا بنحصل منها شي 🤣🤣😂😂🤣😹 قلت ياريت والله ربي يسمع منك ههههههههههه😁😎😂🤣😅😂😂😂😂	Positive
32	@SurgMBA نسأل الله لكم التوفيق والسداد لزملاك ولكم جميعا صراحه لن نوفيكم حقكم جهودكم تذكر وتشكر أبناء هذا الوطن والمقيمين علا أرضه من اطباء وطبيبات وممرضين وممرضات وإداريين خاصة لماقدمتم لمجتمعكم من خدمات في جاىحة كورونا ربي يحفظكم	Positive
33	#كورونا غداً ستعود الحياة اجمل مما كانت 🙏🏻♥️.	Positive
34	قريباً .. إن شاء الله  ستختفي الكمامة وتشرق الإبتسامة  أين الواثقون بالله قولوا يارب 🙏🏻  #مساء_الخير  #عمان_تواجه_كورونا  https://t.co/vYpQe6iEOH	Positive
35	@Meme86066120 هههه رقص في زمن الكورونا 😀😀😀	Positive
36	@c6b73a4393544c7 @Pop55365932 @abdulhadialotib @YasserM9 @sarafahmmy @KSA24 هههههههههههههههه، مو خايف من كورونا	Positive
37	@koohog هههههههه هههههه هههههه هههههه هههههه هههههه هههههه ده ايه ماعندها كورونا اكيد فرحانه	Positive
38	@kiro_Philip بيقولوا عنده كورونا باين 😂😂	Positive
39	أحسن شي هالأيام تدخل مصعد متروس ناس وتعطس فيه ، وتقول شو اللي وداني الصين😂	Positive
40	بسبب الخوف والرعب من فيروس كورونا / اخطأت وقالت سنموت بعد الفاصل 😄  https://t.co/pERviPvm6O	Positive
41	من كثرة الحرب و القتل و الكورونا غلطت و قالت سنموت بعد الفاصل😂😂  https://t.co/biNIfwcq2z	Positive
42	💬خلاص يالربع خلونا ننسى الكورونا ونبدا برسايل رمضان ترانا متأخرين بالمنهج💔🌚😂🎼. #كورونا  #رمضان	Positive
43	@vg3a_ وهي صادقه بس ادخل عن كورونا هههههههههههههههههههههههههههههههههههههههه هههههههههههههه هههههههههههههههههههههههههههههههههههههههه هههههههههههههههههههههههههههههههههههههههه	Positive
44	"بششششششارة ،،،  مركز كليفلاند الطبي الأمريكي : "" دواء ريمديسيفير ""  1 - فعال ويسيطر على فيروس كورونا . 2 - ينجح بتقليل مدة الشفاء ل 4 أيام .  قريباً ستعود الحياة بإذن الرحمن جميع الدول تسابق الزمن ❤️❤️"	Positive
45	قم بازاله الكاف من كورونا😷 وضع اول حرف من اسمك😉 راح نشوف العجائب😎 انا عرونا 😑🤷‍♀️👀😂🤣😂	Positive
46	رحت ع المحمصة إشتري بزر لقيت الزلمه لابس كفوف  قلتلو : يا ريت كل الناس متلك  قلي : لازم نخاف ع بعض  نفخ بالكيس وعبالي بزر 😂😂 #زمن_الكورونا	Positive
47	@mzoonh44 @5gj_pu @Ask_Alsharqeya والله كورونا عامل عمايله هههههههه	Positive
48	غدًا نحكي فُصول الصبر والغُمّة بأن قد زالت البلوى وصارت قصةً تُروى وجاء الغيثُ للأمة.   #عمان_تواجه_كورونا	Positive
49	ابتسامه اليوم أحسن شي هالأيام تدخل مصعد مترووووس ناس وتعطس وسطهم 😪   وتقول  ايش اللي وداني الصين؟ 😂😂	Positive
50	المصابين بفايروس كورونا عفاهم الله :-  انتم تؤجرون على البلاء  وتؤجرون على الصبر وتؤجرون على المرض وتؤجرون على الألم  فلا تحزنوا ولا تكرهوا شيئاً قد اختاره الله لكم  ، فأنتم بين بشارة وكفارة وطهارة بإذن الله  #الحالات_اليوم	Positive
51	#فحص_كورونا   اللهم فرّج أموراً ضاقت بها صدورنا، وعجزت بها حيلتنا وقلّ بها صبرنا، اللهم أسعد قلوبنا بما أنت أعلم به منا، اللهم اجعل ما نريده في حياتنا قريباً لناظرنا سعيداً لخواطرنا، اللهم أسعدنا سعادتين الدنيا بخيرها والجنة بفردوسها.	Positive
52	احذف اول حرفين من ( كورونا ) وحط اول حرفين من اسمك .  يالله خلونا نكتشف شنو الامراض اليديده😂  https://t.co/sjXFUKxnsB	Positive
53	@Safir120 بعتها والا الهروب من كورونا 😂😂😂	Positive
54	🔴 في زمن كورونا   🇺🇸 : سنموت جميعًا 🇮🇹 : لا يمكننا النجاة 🇬🇧 : ودعوا احبابكم 🇸🇦 : وين شحنتي 👩‍🦰❤🌹😘  عايشين رغم الظروف يارب تحميهم وتحرسهم 😂😂😂😂😂😂😂	Positive
55	@ttttt3452 هههههههه هههههه هههههه اصلا ومن غير كورونا	Positive
56	اللهم انا نسألك ان ترفع عن وطننا #الجزائر 🇩🇿البلاء و الوباء و ان تحفظ شعبنا من كل سوء و مكروه...🇩🇿  شلالات الغيشة ولاية #الأغواط 😍😍💚🇩🇿🇩🇿  #الجــــــــزائــر  https://t.co/w1cmRBj7L8	Positive
57	انتشار الكورونا في الجزائر  أنا 👇😁  https://t.co/nxe42fZKsQ	Positive
58	🟤جالس أتخيّل لحظة أنتهاء وباء كورونا يوم المساجد تنوّر ونسمع التكبير والحمد فيها والشوارع  والكوفيات ترجع مليانة والناس طالعة والمطارات ترجع من أول وجديد كلهم برّا مُبتهجين وسعيدين كيف بتكون هالليلة عظيمة ومفرحة وسعيدة جدًا كأنها ليلة العيد الله يعجل فيها🤎  #خواطر_بندر_المديميغ	Positive
59	خايف يجيبو لقاح كورونا وما يكفي يقومو يزيدو ماي حكومتنا وبعرفا😂	Positive
60	@fifi___ahlem @kemalreda1 @siwaralyasamine ههههه ان شاء الله كي تروح كورونا	Positive
61	@Mastro_120 رازفان مبعد بسبب كورونا  عادي يتصل ع مساعده  هههههه	Positive
62	الكورونا التي غلبت أقوى بلدان العالم حنا حاربناها بكلمة ''اودي روح ربي يهديك'' 😂 الجزائر كي تقعد فيها تكرهها وكي تخرج منها تتوحشها... ما تفهم روحك قاعد و إلا واقف، كي ايقلك واحد اقعد واقف و يدوخك لي يقولك أفونسي شوي لاريار 😂 هنا الجزائر ❤🧡💜😊 #راك_فاهم  https://t.co/0fhRCP9cUw	Positive
63	احلي حاجه في موضوع الكورونا انه مش هيخلينا نشوف الاشكال دي في صلاه العيد 😂👊  #كورونا  https://t.co/aMk05fVeVa	Positive
64	@7amidovic_i لما الوباء يروح حاضر 😂	Positive
65	غدًا ستعود الحياة أجمل مما كانت بإذن الله .❤️   #كورونا_السعوديه	Positive
66	"كن على يقين : أن هناك شيء ينتظرك بعد الصبر ليبهرك وينسيك مرارة الألم ذاك وعد ربي ""وبشـر الصابرين "" . #الزم_بيتك_حمايه_لك_ولمجتمعك  #كورونا_السعوديه"	Positive
67	قالوا كورونا انتشر /قلت كل شئ بقدر /قالوا وباء خطير /قلت ربي علي كل شئ قدير /قالوا ستغلق المساجد /قلت سأظل لله ساجد /قالوا وماالعمل /قلت كل شئ عنده بأجل /قالوا ومالدواء / قلت عليكم بالدعاء يارب ارفع عن امه المسلمين البلاء واكشف عنا الغمه يا ارحم الراحمين ويارب ترجع المساجد عامره	Positive
68	اتسال مالذي اصاب الشعب الليبي 😈وماهي الصدمة التي تلقتها قلوبهم حتي اصبحو لايخافون شئ  فالعالم خايف من فيروس كورونا🦠 الا ليبيا  تضحك 🤣عليه هل حقا شعب عاني في حياته  لدرجة انه يري الموت ⚰️والحياة  🏞وجهان لعمله واحده 👆🏻  معقوله بعد 10سنين حرب نموتو بعطسه طايشة 🤦🏻‍♀️	Positive
69	@kuw88Q ههههههههههههههههههههه الله يلعن كورونا جنن العالم	Positive
70	الشيبات كانو يقولو لنا انتم شباب النيدو . هيا اقنعو كورونا انكم اصحاب العسل والسمن البلدي  😇😇😅	Positive
71	أحسن شي هالأيام تدخل محل بتشتري شي مترووووس ناس.. وتعطس فيه..    وتقول: اللّٰه يلعن الساعة اللي رحت فيها الصين.. 😂	Positive
72	الفرق بين مُصاب كورونا وانتَ انه هو عِمل فحص وانتَ لا😂🤦	Positive
73	احلى حاجة ف موضوع الكورونا انه مش هيخلينا نشوف الاشكال دى ف صلاة العيد 😂😂  https://t.co/fhyhoNBfBv	Positive
74	@marygan16 ههههه خخخخخ ضحك في زمن الكورونا	Positive
75	@alooooo1010 كورونا هههههههههههه هههههههههههه هههههههههههه هههههههههههه هههههههههههه هههههههههههه هههههههههههه	Positive
76	ثالث جمعة في #الجزائر بدون صلاة جمعة .. اللهم بشرنا شهر رمضان #فيروس_كورونا #confinement #الحجر_الصحي #StayAtHome #restezchezvousdz #الحجر_المنزلي #ريح_في_داركم #ريح_في_دارك #وعينا_يحمينا	Positive
77	@mona20052005 @aisarshi غبار أو فيروس كورونا بعيد الشر هههه	Positive
78	#كلنا_البليدة🌹 تبون قالك نسترجعوا 1000 مليار، وأنت اليوم مع الأزمة صحية لوباء #الكورونا تطلب في 100دج تاع زوالي ههههـ🤣😂ـههه #يتنحاو_قاع.  #ريح_في_داركم 🏠    #الجزائر🇩🇿#فيروس_كورونا  #كلنا_مسؤول #بيتك_حياتك #حظر_التجوال_في_الجزائر	Positive
79	#الاردن #كورونا #عيد_الجلوس_الملكي   ٍسائق اسعاف يقول اليوم الظهر رحنا لعائلة بدنا  ناخذ ابنهم المصاب بالكورونا  يقول جهزنا أمورنا وتوجهنا لبيت المصاب دقينا الباب طلعت لنا امه  قلنا لها وين المصاب؟  قالت راح يجيب خبز   تفضلوا استريحوا حتى يجي 😂😂😂🤣🤦🏻‍♀🤦🏻‍♀🤦🏻‍♀🤦‍♀️🤣	Positive
80	قالو جاي اعصار وفيضانات وسيول ودنيا منقلبه يعني اللي ماجاتة كورونا واللي مطلعش اسمه فالمسحورين ايشيله السيل سنه 2020 حالفة بطلاق مافي واحد يطلع منها عايش😂💔	Positive
81	من كثرة اخبار القتل و الحرب مع الكورونا قالت سنموت بعد الفاصل  https://t.co/XlkT98WYqM	Positive
82	@elleuchi_fethi عندنا كورونا حنا 😂😂😂😂😂😂😂😂	Positive
83	هههههههههه 🤣🤣🤣 جاكم الدور يابنو فقر #٦_حالات_كورونا_تداهم_النصر	Positive
84	قريباً ستزول ، ونصوم رمضان جميعاً لافاقدين ولامفقودين بمشيئة الله رب العالمين🌿   #فيروس_كورونا_المستجد  https://t.co/xXRHZiMBoK	Positive
85	شميت عطره في محل العطورات وهلت دموعي والعشق يهتويني  سألني الكاشير : وشبك سلامات قلت العطر ( بخيته ) ابوسط عيني !  تطمنوا مابه حب  كورونا م خلت احد في حاله 🤐😬	Positive
86	@Ra2sheed هههههههه ايه والله  انه اخطر من كورونا	Positive
87	احلي حاجه في الكورونا مش هتخلينا نشوف الاشكال دي في العيد 😂  https://t.co/mKnl0PJZgb	Positive
88	شميت  عطر في محل العطورات            هلت دموعي  والغلا يحتويني  سألني العطار وشبك سلامات            قلت العطر رشيت به وسط عيني 😖       وبس 😀 ارتاحو مافي رومنسيه الدنيا كورونا   😹😅😁💔	Positive
89	وين يبان  فيروس#كورونا  قدام فيروس #عسونا   في الجزائر  😆😆	Positive
90	بإذن الله ستصبح #كورونا من الماضي كالحصبة والجدري والطاعون سيتحسن الاقتصاد سيرجع المعتمرين إلى الحرم والزائرين إلى المسجد النبوي الشريف والمصلين الى المساجد والجوامع. بإذن الله ستعود الحياة أفضل مما كانت عليه #يارب #حظر_التجوال	Positive
91	مع اخر جمعة في رجب  سيزول كورونا  وتعود المدارس  ويهل علينا رمضان  ونصوم ونصلي  القيام  والتراويح وسنكون بخير  بإذن الله اللهم لا تخرجنا من رجب إلا وأخرجت الوباء  من كل بلاد المسلمين 💕  https://t.co/H7E6FXNuZY	Positive
92	عااااجل لليوم الثالث على التوالي وزارة الصحة تعلن ان عدد حالات الشفاء من فيروس كورونا يتجاوز عدد الإصابات المسجلة  عدد الإصابات اليوم: 39 عدد حالات الشفاء: 51  سيذهب الوباء ومعه البلاء بإذن الله وسيأتي رمضان ومعه الفرج وإن حدَّثوك عن أمر مخيف، فحدثهم عن رب لطيف	Positive
93	"شيلو اول حرفين من ""كورونا""وحطو بدالهم اول حرفين من اسمكم خلونا نضحك شوي😂 مشروناا 😂😂😭"	Positive
94	الختايرة كانوا يقولولنا  انتم ترباية حليب النيدو   هلق اقنعو كورونا انكم اصحاب السمن والعسل  😂😂🤣🤣🌚💔	Positive
95	سيذهب الوباء ومعه البلاء بإذن الله ..   وسيأتي رمضان ومعه الفرج بأمر الله ..  تفائلوا بالخير تجدوه .#كورونا #السعودية #النفط	Positive
96	@Abed33fa @gharam_m8 @AJABreaking هههههه هي اخطر من كورونا 😂	Positive
97	@libax12345 @SALWAT141 أنتنَّ أخطر من كورونا علينا ههههههههه	Positive
98	سيذهب الوباء كورونا وسيزول معه البلاء بأذن الله وسيأتي شهر رمضان ومعه الفرج  فـ تفائلوا بالخير تجدوه ❤️  اللهم احفظ الكويت 🇰🇼🇰🇼 وسائر بلاد المسلمين من كل مكروه	Positive
99	المذيعة هاذي من كثر اخبار القتل وفيروس كورونا أخطأت وقالت سنموت بعد الفاصل😆😆  https://t.co/3c4IAQ6SbQ	Positive
100	#فيروس_كورونا غدا نحكي فصول الصبر  ، والغمة  بإن قد زالت البلوى  وصارت قصة تروى  وجاء الغيث للأمة. ✨🍃	Positive
101	"في كل مرة يأتي طاري كوفيد19 يأتي هذا النص في مخيلتي ويقول بصوت عالي أرجوك اسخر: ""عاملين إيه ف بلدكم اللي مليانة كورونا دي؟ جوازات، خطوبات، ارتباطات.. كتشيييييييير أوي ومش خايفين تتعدوا؟ ههههه !! ما تسمعونا زغروطة"""	Positive
102	واحد يقول بعد القعدة في البيت ، كل ما تمر زوجتي من جنبي ، تقول :  *الله يخلصنا ويفكنا من هالبلاوي على خير ، مدري هي تقصد الكورونا و الا تقصدني*  ...!!!!  هههههههههه😥😂😂  #حظر_تجول  #خليك_في_البيت	Positive
103	ياجماعه وقت الهزار خلص 😏 الفيروس بقا ينتشر بصوره فظيعه عن طريق الفلوس نناشد جميع التجار تبيع شكك لحد ما نشوف البلوى دى 😂 #الجوكر	Positive
104	@turki2990 @hlabsh ههههههه الله يكفينا واياكم شر كورونا	Positive
105	أحسن أنواع النذالة هالأيام تدخل مصعد مترووووس ناس وتعطس فيه    وتقول الله يلعن الساعة اللي رحت فيها سوق التنين 🐉 😈 😂😂  #كورونا_الصيني  #كورونا	Positive
106	أحسن شي هالأيام تدخل لفت متروس ناس وتعطس فيه   وتقول: اللّٰه يلعن الساعة اللي  رحت فيها الصين. 😂😂😂	Positive
107	- 32 حالة شفاء من فيروس كورونا 🦠 في #الجزائر 🇩🇿 ❤️  الحمد لله 🤲 ♥️ #منقول  https://t.co/M9e7MNquMN	Positive
108	"نَحن دائماً نتقلب في نِعم الله.. فتارة يُسرٍ و تارة عسر.. وكِلاهما نِعمة....❤️  ففي اليُسر يكون 👈 الشُكر  ""وسيَجزي الله الشاكِرين""  و في العُسر يكون 👈 الصَبر ""إنما يوفى الصابِرون أجرهُم بِغير حساب""  اللهم لك الحمد في السرّاء والضرّاء...❤️  #عُمان_مستعدة #كورونا #فيروس_كورونا"	Positive
109	⭕عاجل..  الحشيش يقضي على فايروس #كورونا .. أثبت الدكتور #يوسف_ابو_حنا أن سيجارتين حشيش في اليوم تمنع فايروس #كورونا من التمكن من أداء وظيفته في الرئتين..😂	Positive
110	من كثرة أخبار الحرب والقتل وفايروس كورونا أخطأت المذيعة وقالت سنموت بعد الفاصل	Positive
111	وحدة زوجها مزعلها ..  قعدت 3 أيام ما تحط لا ملح ولا سكر بالأكل علشان توهمه إنه فيه كورونا وفاقد حاسة التذوق ..  حتى إبليس ما فكر فيها  .هههههههههههههههههه هههههههههه مجنونات    كيد النساء  وتجي تكتب  الوفاء من طبعي 🤣🤣🤣🤣🤣🤣🤣🤣ههههههههههههههههههههههههههههههههههههه	Positive
112	الشعب كله صايع بره طول اليوم وبالليل يروح يشوف نتائج الكورونا مفكرنها انتخابات 🤣	Positive
113	@MSS78_ هههههههه مش خايف من كورونا 😂😂😂😂😂	Positive
114	فعالية للي ماناموا وللي ناموا .. 🙄  اللغي اول حرفين من كورونا واكتب بدالهم اول حرفين من اسمك خلونا نستانس شوي 😂😂	Positive
115	@hfc_x6 مدرب الهلال مبعد بسبب كورونا ههههههههههه ماهي عقوبه انضباطيه	Positive
116	@mahmoudbader0 @AhmaroMomen ههههههههه هدا الغزل في زمن الكورونا 🤣	Positive
117	@ChafikaElissa @RKhitafi ههههه احنا بنحكي لما بعد كورونا أن شاء الله 😂😂😂😂	Positive
118	تباً اظن ان منشوراتي مصابه ب ڤيروس كورونا لهذا لاتتفاعلون معها🙁🚶😹	Positive
119	الحجر الصحي واش يدير😂😂🤣😂 #ريح_في_دارك #فايروس_كورونا #RestezChezVous #Algerie #COVID19dz #ريح_في_دارك  https://t.co/UZpmq8py4v	Positive
120	@AbdallahElnatt1 ده وباء و انتشر باين 😂😂	Positive
121	شبواني يسال زوجته: هو شي وصل عندكم كورونا؟ ردت : لا  مع من رسلته ؟ وعووووووووووووه ونكدي ?ههههههههههه😂😂😂😂😂😂😂😂😂🤸‍♀️🌚😂 @m_aa_alolaqy	Positive
122	قال بدنا نعالج الكورونا هلأ   😂 ونحنا من البنادول مقطوعين    🤣 #كورونا #فيروس_كورونا #لبنان #سنموت_بعد_قليل #لا_داعي_للهلع @ALJADEEDNEWS @AlJadeed_TV @AlHadath @LBCI_NEWS @LBC	Positive
123	@amer_o0 هههههههه هههههههه هههههههه هههههههه هههههههه هههههههه هههههههه هههههههه هههههههه كورونا كورونا	Positive
124	#فيروس_كورونا_سريع_الانتشار قالو كرونا انتشر👈قلت كل شيئ بقدر قالو وباء خطير 👈 قلت ربي علي كل شيى قدير اللهم ازح الغمه واسعدنا بأياااام قادمه جميله. 💐💐	Positive
125	#طرد_الهندوس_من_بلاد_المسلمين قلت لجدتي الكورونا وصلت اليمن . قالت أيش ب نستفيد هي بتوصل ليد المسؤولين السرق وبيقسموها بينهم البين ولا بنحصل منها شي 🤣🤣😂😂🤣😹 قلت ياريت والله ربي يسمع منك ههههههههههه😁😎😂	Positive
126	أحسن شيء هالأيام تدخل مصعد مترووووس ناس وتعطس فيه وتقول  ايش اللي وداني الصين 😂	Positive
127	علمتني سوره يوسف المريض سيشفي.والغائب سيعود والحزين سيفرح.والكرب سيزول وأن ابتلاء المؤمن كل خير   فقل دائما الحمد لله #كورونا_في_الكويت  https://t.co/NLgpjev56v	Positive
128	@vidrIz4RzeApmhy هههههههه كي تروح كورونا مرحبا بيك	Positive
129	#العوده_بعد_كورونا كونوا على يقين أن هُناك شيء ينتظركم بعد الصبر ليبهركم فينسيكم مرارة الألم.	Positive
130	خايفة يجيبوا لقاح الكورونا وما يكفينا يقوموا يزيدوه مي الاردن ومنعرفها🙃	Positive
131	#٦_حالات_كورونا_تداهم_النصر كلها اشاعات من ناس مضغوطه من الطرده هههههههه  https://t.co/FDrMVDAKOf	Positive
132	مظاهره ضد كورونا هههههههههههههههههههه هههههههههههههههههههه هههههههههههههههههههه هههههههههههههههههههه هههههههههههههههههههه هههههههههههههههههههه هههههههههههههههههههه هههههههههههههههههههه هههههههههههههههههههه	Positive
133	@Nisso_andro هههه هيدي اخطر من كورونا 😂😂🥀	Positive
134	قريباً .. إن شاء الله  ستختفي الكمامة وتشرق الإبتسامة  أين الواثقون بالله - قولوا يارب ... 🤲♥️  @SaudiMOH   #كورونا  #كورونا_السعوديه	Positive
135	#زعيم_تويتر_بيحارب_الفيروس  سيذهب الكورونا وتفتح المدارس   ويأتي رمضان على خير قولوا يارب   واستغفروا  ☝ ☝ ☝ ☝ ☝ ☝ ☝	Positive
136	@z6i6h اهخخ الله يلعن كورونا مو يلعني ههههههههههههههههههههههههههههههههههههههههههههههههههههههههههههههههههه	Positive
137	@ZahraaDays العالم : سنموت جميعا، كورونا تنتشر ، صعوبة السيطرة على المرض   العراق: الحمدلله الذي بنعمته تتم الصالحات 😂😂😂😂	Positive
138	""" احذف اول حرفين من #كورونا  وحط اول حرفين 😂  من #اسمك.  اشبعو ضحك 😂  😅😂""💔💔 نشوف اول اسم اعوج😂👊"	Positive
139	#عشان_السعودية_اقعدوا_في_بيوتكم جالسه أتخيّل لحظة أنتهاء وباء كورونا  يوم المساجد تنوّر ونسمع التكبير والحمد فيها والشوارع والكوفيات ترجع مليانة والناس طالعة والمطارات ترجع كلهم برّا مُبتهجين وسعيدين   كيف بتكون هالليلة عظيمة ومُفرحة وسعيدة جدًا كأنها ليلة العيد ؟ الله يعجل فيها	Positive
140	@BdulrhmanE @AlMasryAlYoum @AljazeeraDoc @AljazeeraHealth @CameraAlmasry @Ibrahim_3eissa @alekhbariyatv @AlAhram @AJArabic @AlArabiya_Brk @baladtv ياوزارة الصحة😘😘 فيروس كورونا مبقاش مستجد😳😳 ده بقى صاحب مكان في إسنا🤨🤨	Positive
141	سيذهب الوباء ومعه البلاء بإذن الله تفاءلوا بـ الخير تجدوه .. وإن حدَّثوك عن أمر مخيف، فحدثهم عن رب لطيف❤️ #كوفيد_19  #سناباتي  https://t.co/Akm7DL70Sg	Positive
142	@ask_almadinah10 كله من كورونا كرهنا بعض ههههههههه	Positive
143	عاجل : وزارة الصحة المصرية فيروس كورونا مبقاش مستجد ده بقي صاحب مكان ..😂	Positive
144	اقوى نذاله تقدر تسويها هذي الايام  تدش مصعد ومتروس ناس وتعطس فيه  وتقول الله يلعن الساعه اللي رحت فيها الصين	Positive
145	النت جالو كورونا باين 😂😂😂😂	Positive
146	الله يلعن كورونا كنت متحمسه لزواج صديقتي 😃💔	Positive
147	أحسن شي هالأيام تدخل مصعد مترووووس ناس وتعطس فيه   وتقول الله يقطع الساعة اللي رحت فيها الصين 😉	Positive
148	مالي ارى الناس في رُعبٍ يؤرقهم   من الكورونا كأن الموت قد وصلا       يا خائفاً من لقاء الموت مرتعداً هل يمنع الخوف أمر الله  إن نزلا  َالموت كأساًُ وحتماً سوف نشربهُ لا شك إنّا سنرحلُ مثل من رحلا  فلا تموتوا بداء الخوف وابتسموا؟ لا ينتهي الـــعمر حتى نَبلُـغ الاجلا 👍👍❤️🌹	Positive
149	اللي عجبتني في الكورونا  👇 المسؤولين والنواب وعيت هلت واعيالهم مايقدروش يعالجوا في الخارج يانعيشوا مع بعضنا يا نموتو مع بعضنا😁😁😁	Positive
150	الانسان عنده كورونا باين 😂	Positive
151	واحد يسأل صاحبه بعد  زواجه بشهر  كيف الزواج؟ رد عليه بسرعه وقال :  الزواج مثل (  الكورونا ) يا صديقي   أول  15 يوم ما تشعر بأي  أعراض ، لكن بعد ذلك تبدا تحس بإختناق    وضيق تنفس و بعدها انت و مناعتك ..   يا تموت شهيد .. ياتعيش مجاهد طول عمرك ... هههههههههه	Positive
152	المذيعة من كثرة الحرب و القتل و الكورونا  أخطات و قالت سنموت بعد الفاصل  https://t.co/VxtxK86Je0	Positive
153	علاج فيروس كورونا إمضغ راس ثوم طبعاً لا يشفي على الإطلاق من الڤايروس ولكن يساعد في إبعاد الناس عنك مسافة كافية😂	Positive
154	@afifahaddad143 @TALEBIAHMED2 ههههه الكرة في زمن الكورونا😁	Positive
155	ني خايف يجيبولنا الدواء💊 تاع كورونا😷  وما يكفيش يزيدولو الماء 💦 دزاير بلادي ونعرفها😂 🇩🇿🇩🇿🇩🇿🇩🇿	Positive
156	@stoplovemeplase الله يستر لايكون اعراض كورونا خخخخ	Positive
157	واحدة زوجها مزعلها ..  قعدت 3 أيام ما تحط لا ملح ولا سكر بالأكل علشان توهمه إنه فيه كورونا وفاقد حاسة التذوق ..  حتى إبليس ما فكر فيها  .هههههههههههههههههه هههههههههه     كيد النساء  وتعمل اسمها   الوفاء طبعي 🤣😄😄😄😄😜😜🤪😂	Positive
158	@m10jamali كلنا من أجل الهروب من كورونا 😂😂😂	Positive
159	جارناا جاو داوه البوليس طليت عليه قلتلوا كورونا سمحمد ؟ قالي لا حشيش حشيش ماتخافوش	Positive
160	@AlgTag1 ههههههه الحراك و الكورونا خاوة خاوة	Positive
161	#كيف_نمنع_انتشار_كورونا  *علاج ڤايروس الكورونا*   كل يوم الصبح الواحد يقرط ثلات حبات ثوم،  ومع إنو الثوم ما إله علاقة بڤايروس الكورونا  بس هكذا بتضمن لا حدا يقرب عليك ولا حدا يبوسك . 😅😅😅  😂😂😂  الله يبعد مننا ومنكم البلاء يارب	Positive
162	لجنة الاطباء في التيار الوطني الحر: كنا بصدد اكتشاف لقاح للكورونا   بس ما خلّونا 😁 #لبنان_ينتفض #كورونا	Positive
163	@nouarz13 خايف من كورونا يابو شنب هههه	Positive
164	أنت تؤجر على البلاء، وتؤجر على الصبر، وتؤجر على المصيبة، وتؤجر على المرض، فلا تحزن ولا تكره شيئاً قد اختاره الله لك، فأنت بين بشارة، وكفّارة، وطهارة.  #كورونا_الوقاية_خير_من_العلاج	Positive
165	@Taghreed7474 هو وباء منتشر باين 😂😂😂💔	Positive
166	@Habosh64141847 بعد كورونا ان شاءالله لازم نهج لها ههههه	Positive
167	اللي عجبتني في الكورونا😋  المسؤولين واعيالهم ما يقدروش يعالجو في الخارج🤣 يا نعيشوا مع بعضنا  يا نموتو مع بعض💪✌ إنها العدالة الكورونية ياساده🖐	Positive
168	ههههه يقول امك اخطر من كورونا  https://t.co/UEZe89du6v	Positive
169	"كذا  كملت  اليوم طلع واحد في مصر يقول  انه ""المهدى المنتظر""...2020 باين انها ماراح تعدي على خير😂😂😂😂😂😂😂 #عمان_تواجه_كورونا  https://t.co/8mHu0b6vNy"	Positive
170	كورونا جعل الكثير يعرفون ان المفر إلي الله و الملجأ هو ملك الملوك .أن الصبر و والحث على التفائل و الطمأنينه عبادة و منهج رسولنا الصادق الأمين.	Positive
171	#ههههههه واحد كاتب :  فين الشيبات الي كانوا يضحكوا علينا ويقولوا ان احنا عيال النيدو !!  هيا اقنعوا كورونا انكم عيال السمن والعسل البلدي كورونا بيعشق الشيبات😆  هههههههه كلام واقعي😂😂	Positive
172	فيرس كورونا مبقاش مستجد ده بقى صاحب مكان🙄😂😂	Positive
173	رغم كل الأخبار السيئة عن فايروس #كورونا إلا أن هناك خبر جيد لمنطقتنا..  حيث أن بعض العلماء يرجّحون أن الفايروس سيختفي مع حلول الصيف لأنه لا يستطيع العيش في الأجواء الحارة.  كما حدث مع فايروس SARS الذي اختفى مع دخول الصيف.  https://t.co/cTWqS0iHyK	Positive
174	الفرق بينك وبين الشخص المصاب بفايروس كورونا .. هو انه عمل فحص.. وانت لا 😂😂	Positive
175	سيذهب الكورونا وتفتح المدارس وتعود الحياه وياتي رمضان بخير قولوا يا رب واستغفروا 💛🙌	Positive
176	@Kielto00 ههههههه كورونا 😮😮😮 بعيد الشر 😂😂	Positive
177	"#فيروس_كورونا  نعيش بين ""يسر"" و ""عسر"" وكلاهما نعمة ففي اليسر يكون الشكر ""وسيجزي الله الشاكرين"" وفي العسر يكون الصبر  ""إنما يوفى الصابرون أجرهم بغير حساب""❤"	Positive
178	تبا أظن أن منشوراتنا مصابة بـ فايروس كورونا  لـ هذا أصبحتهم لا تتفاعلون معها..... أين انتم 🤔🤔 #المتمرد  https://t.co/OHLLTJF11L	Positive
179	روحت اجيب لب من عند راجل محترم كده لاقيته لابس جوانتي قلتلو ليه كده قال طبعا لازم نخاف على غيرنا وراح نافخ في القرطاس  الكورونا ياجماعه 😂😂	Positive
180	راني خايف كي يجيبولنا لقاح تاع كورونا و كي مايكفيش يزيدولو الماء بلادي ونعرفها	Positive
181	@mumtazibrahm تسلم الله يحفظك ،، خايف من كورونا هههههه	Positive
182	@a2017513 هههههه الله يكفينا وإياك شر الكورونا وصح بدنك	Positive
183	@khaled_xxw @KLOoODE25 الله يلعنك ويلعن كورونا ههههههههههههههههههههههههههههههههههههههههههههههههههههههههههههههههههههههههههههه	Positive
184	@abdulrahman ههههه هه هه هههه هه هههههه ، كورونا فايروس هه	Positive
185	"كن علي يقين: ان هناك شئ ينتظرك بعد الصبر  ليبهرك وينسيك مراره الالم؛ ذاك وعد ربي    ""وبشر الصابرين #أطلقوا_سجناء_لبحرين  #فيروس_كورونا_سريع_الانتشار  #العفو_العام  #البحرين🇧🇭🇧🇭🇧🇭  https://t.co/OploJmV2mi"	Positive
186	أنت تؤجر على البلاء وتؤجر على الصبر وتؤجر على المصيبة وتؤجر على المرض فلا تحزن ولا تكره شيئاً قد اختاره الله لك،، فأنت بين بشارة، وكفّارة، وطهارة. #رمضان_كريم  #خليك_بالبيت  #رمضان_مبارك  #كورونا  #عيد_الفطر  #  https://t.co/KznUcIrGjh	Positive
187	العالم في زمن الكورونا !  أمريكا 🇺🇸 : سنموت جميعاً 😱 إيطاليا 🇮🇹 : لا يمكننا النجاة 😰 قطر 🇶🇦 : الحمد لله الذي بنعمته تتم الصالحات 💍  😂💔	Positive
188	#صباح_الخير  لعل العاملين في القطاع الصحي من أطباء وطبيبات وممرضين وممرضات هم أبطال الصف الأمامي في مكافحة فيروس كورونا فشجاعة هؤلاء لا تقل عن شجاع الجنود الذين يقفون على خط النار للدفاع عن بلادهم.	Positive
189	@abeer83malkawi بعد الكورونا ان شاء الله هههههههه	Positive
190	#كورونا_مصر روحت اجيب لب لقيت البياع لابس جوانتي قلتلو ليه كده قال طبعا لازم نخاف على غيرنا وراح نافخ في القرطاس 😂🤦🏾‍♂️	Positive
191	@fooz0019 أكثروا من قول كورونا انتشر ⁉️ قولت : كل شئ بقدر  قالوا وباء خطير ⁉️ قلت : ربي قدير  قالوا ستغلق المساجد ⁉️ قلت : سأظل لله ساجد  قالوا ومالعمل ⁉️ قولت : كل شئ بأجل  قالوا ومالدواء ⁉️ قولت : عليكم بالدعاء  سيزول البلاء بأمر الله عزيزتي أ. فوز وسنسعد برؤيتك مبتسمين للحياة ...💛🕊	Positive
192	ماجاني الحمد لله وإن شاء ألله مايجيني، 😊#جاك_كورونا_والا_باقي	Positive
193	أحسن شي هالأيام تدخل مصعد مترووووس ناس وتعطس فيه وتقول الله يلعن الساعة اللي رحت فيها الصين 😂😂😂😂😂😂😂😂😂😂😂😂😭😭😭😭. #كورونا_الصين  https://t.co/vTxSLoWL7n	Positive
194	كارثه اذا يجيبوا لقاح كورونا وما يكفينا يقوموا يزيدوه ميه   الاردن وبعرفها 😂😂😂	Positive
195	خايف يجيبوا لقاح كورونا وما يكفينا ،، يقوموا يزيدوه مي 😂😂😂حكومتنا وبنعرفها	Positive
196	#البس_كمامه_وبدون_حب_خشوم  تبـا أظن أن منشوراتي مصابة بـ #فايروس_كورونا لـ هذا لا تتفاعلون معها🌚💔💦🏃	Positive
197	قالوا الصين جواها ضحايا ده فيها ڤيرس كورونا قتال طب احنا عرفناله نهاية يا موت يا علاج يكون فعال لكن ڤيرسنا فى صحابنا ملهوش علاج طبع الاندال 😂🔞📛	Positive
198	#فحص_كورونا مو انا:  هههههههههههههههههههههههههههههههههههههه ههههههههههههههههههههههههه ههههههههههههههههههههههههههه ههههههههههههههههههههههههه هههههههههههههههههه  https://t.co/dFf5hwWR4j	Positive
199	@nawaf_nawaf_ali كورونا فايروس💀 هههههههههه بعيد الشر يارب	Positive
200	#الكويت_كورونا  اللهم اكفنا شر البلاء والوباء والهمنا الصبر فليس لنا قوه ولاحيله ولا حول ولا قوة إلا بك اللهم نسألك اليسر بعد العسر فاحفظنا بعينك التي لا تنام واحفظ بلادنا يارب.	Positive
201	بإذن الله سيزول هذا الوباء (كورونا) ونستقبل شهر رمضان بالخير والبركة ولايحرمنا من صلاة التراويح  اللهم أمين &lt 3  https://t.co/t2ovo4cfy6	Positive
202	- الطوابير منظمة - مستشفيات متأهبة  - شباب مسؤول و اعمال خيرية منتشرة - تضامن شعبي -القهاوي مسكرة - الملاعب فاضية -لا اختلاط  لا مصافحة  - الكورونا ماجت تقتل  جت تربي👌👌👌  🤣🤣🤣🤣🤣قتلتني من الضحك	Positive
203	الشعب صايع بره طول اليوم وبالليل يروح يسأل نتائج الكورونا وصلت كام الشعب فاكرها انتخابات!!!  اقعد في بيتك يخرب بيتك ⁦🤦🏻‍♀️⁩ نهاااوك اابيض 😂😂	Positive
204	#ههههههههه واحد كاتب :  #اكبر استعداد للوقايه من كورونا :  صرف خمسة رواتب وانا ضامن لكم محد يخرج من بيته شهرين متتاليين! لوما يضبح كورونا ويجلس وحده في الشارع يلوي  ساع الكلب ويموت من قهررررررررره.......  اما حجر منزلي عطوف ونموت جوع حرام مايجلس احد بالبيت قاهي موته  😆 ههههههه	Positive
205	تبا أظن ان تغريداتي مصابه بفاريوس كورونا لهذا لا تتفاعلو معها	Positive
206	#منع_التجول عندي إحساس داخلي نفس ما جاء هذا الوباء فجأة بقدرة الله وحده وغيّر نمط حياتنا راح يروح فجأة وبقدرة الله وحده بترجع حياتنا نفس أول وأحسن . واثق جدًا في رحمة الله وكرمه ويارب يكون العيد عيدين 💚.   #منع_التجول	Positive
207	العيد يوم الأحد ولا حد يسلم على أحد ولاحد يروح عند  أحد ولاحد يلوم احد #كرونا ما يرحم احد🙂🙊 #عيدكم_مبارك #عيد_الفطر #خليك_بالبيت #خليكم_في_البيت #اقعد_في_بيتك #معا_ضد_الكورونا 🌹  https://t.co/RmLPZJ3hTc	Positive
208	اللي بشوف وزراء صحة غيره بيهون عليه وزير الصحة تاعه! 😅 #لا_داعي_للهلع #سنموت_بعد_قليل #كورونا_لبنان #لبنان_يتكروان	Positive
209	ٍسائق اسعاف يقول اليوم الظهر رحنا لعائلة نبغى ناخذ ابنهم المصاب بالكورونا يقول جهزنا أمورنا وتوجهنا لبيت المصاب دقينا الباب طلعت لنا  امه  قلنا لها وين المصاب ؟  قالت راح يجيب خبز . تفضلوا استريحوا حتى يجي. كيف ما تنتشر الكورونا بين المجتمع.	Positive
210	أتسائل ما الذي أصاب الجزائريين و ما هي الصدمة التي تلقتها قلوبهم حتى أصبحو لا يخافون شيئ.. فالعالم كله خائف من فيروس كورونا الا الجزائر تضحك عليه. هل حقا هذا الشعب عانى في حياته لدرجة انه يرى الموت و الحياة وجهان لعملة واحدة..!!.. شعب جزائري ميخافش 😂😂😂😂	Positive
211	#يوم_الجمعه مع اخر جمعة في رجب  سيزول كورونا  وتعود المدارس  ويهل علينا رمضان  ونصوم ونصلي  القيام  والتراويح وسنكون بخير  بإذن الله اللهم لا تخرجنا من رجب إلا وأخرجت الوباء  من كل بلاد المسلمين 💕جمعة مباركة بإذن الرحمن💕  https://t.co/d53LejAP0c	Positive
212	🇺🇸 : سنموت جميعًا 🇮🇹 : لا يمكننا النجاة 🇬🇧 : ودعوا احبابكم 🇸🇦 : وين شحننننتتي  عايشين رغم الظروف ههههههههههههههههههههههههههههههههههههههههههههههههههههههههههههههههههههههههههههههههههههههه                                                     #العودة_بعد_كورونا	Positive
213	@hnen_mhmed_tman @RoaaAmasha @NawalAbokteer تعيان عنده كورونا باين😂😂😂😂😂😂😂	Positive
214	غدًا نحكي فصول  الصبر و الغُمّة بأن قد زالت البلوى وصارت قصّة تُروى وجاء الغيثُ للأمّة ♥️  #كوفيد_19	Positive
215	رحت أشتري بزر من المحمص لقيت الزلمة لابس كفوف قلتلو يا ريت كل الناس متلك قلي اه لازم نخاف عبعض . نفخ بالكيس و عبا بزر 😂😂😂😂 #كورونا	Positive
216	مبقاش فارق معايا ترجع حياتنا الطبيعية امتى قد ان ربنا ميوجعش قلبي على حد من حبايبنا فاللهم بلغنا نهاية أزمة الكورونا لا فاقدين ولا مفقودين يارب🤲🏻❤️🌸 — اللهم امين ♥️  https://t.co/JwW4vhM0eC	Positive
217	#الجزائر ستكون ثانى بلد يتغلب على الكورونا بعد الصين ، لأننا نحترم الحجر الصحي . هكذا سمعت واحد يهدر فى لاشان نتاع الحليب.👌😂	Positive
218	أحسن شي هالأيام تدخل مصعد مترووووس ناس وتعطس فيه   وتقول إيش بلاني رحت  الصين 😂😂	Positive
219	"#الاخبار_الحلوه #راشد_الماجد #فيروس_كورونا #السعودية .. من النعم التي أنعم الله بها علينا "" الأبتلاء "" .. اصبر واحتسب الاجر قال الله تعالى ﴿إِنَّما يُوَفَّى الصّابِرونَ أَجرَهُم بِغَيرِ حِسابٍ﴾ .. اصبر .. ولا تيأس ابداً  . ( سوف اصبر حتى يعجز الصبر مني )  - علي بن ابي طالب ."	Positive
220	@ExvBCcbJOZwvxzW هههههههه حب في زمن الكورونا الحلقة 620	Positive
221	@rabiazayyat بتروح لك مشوار .. قلتلها يا ريت قالت لكن أوعا تغار ..حوالي الكورونا كتار قلتلها بطلت .. خليني بالبيت😂😂😂	Positive
222	رغم كل الأخبار السيئة عن فايروس كورونا الا أني وجدت خبر جيد لمنطقتنا حيث أن بعض العلماء ؤرجحون أن الفايروس سيختفي مع حلول  الصيف لانه لا يستطيع العيش في الأجواء الحارة كما حدث مع فايروس SARS الذي اختفى مع دخلول الصيف  #فيروس_كورونا	Positive
223	خلونا نضحك شوي ونبتعد عن كورونا😂😂  https://t.co/VyETQxqUA9	Positive
224	#كورونا  قريباً سيزول الفيروس ونصوم رمضان جميعاً مع أحبابنا ودعوه لتفائل باقي على الشهر الكريم 42 يوم واللهم بلغنا رمضان لافاقدين ولامفقودين💙  https://t.co/G328T34wQM	Positive
225	#جاك_كورونا_والا_باقي من كان بالصين وانا مرعوبه ويوميا اردد الدعاء ( تحصنا برب العزة والجبروت واعتصمنا برب الملكوت وتوكلنا على الحي الذي لايموت اللهم اصرف عنا هذا الوباء وقنا شر الداء ونجنا من الطعن والطاعون والبلاء بلطفك ورحمتك ي ارحم الرحمن ) والحمد لله م جاني😁💜	Positive
226	شميت عطرٍ في محل العطورات ،،،  هلت دموعي والغلا يحتويني  سألني الكاشير وشبك سلامات ،،،  قلت العطر رشيته بوسط عيني   وبس   ارتاحوا   مافيه رومانسيه الدنيا كورونا  😂😂😂😂😂😂😂😂	Positive
227	تخيل يجيلك كورونا قبل ما تتجوز دي تبقي مأساة، بعد إذن نهاية العالم يا شباب ملحقتش اتكاثر. 😂😂  - الدحيح .. حلقة الحياة ف زمن الكورونا ⁦❤️⁩	Positive
228	تحية تقدير واحترام إلى كل العاملين في القطاعات الصحية الذين يواصلون الليل بالنهار .. أطباء وممرضين وفنيين وإداريين ورجال إسعاف ومتطوعين .. هم بحق خط الدفاع الأول في وجه #كورونا .. لا تنسوهم من دعواتكم ودعمهم  https://t.co/CjFfVEbz7Z	Positive
229	أنت تؤجر على البلاء، وتؤجر على الصبر، وتؤجر على المصيبة، وتؤجر على المرض، فلا تحزن ولا تكره شيئاً قد اختاره الله لك ، فأنت بين بشارة، وكفّارة، وطهارة . #عمان_تواجه_كورونا	Positive
230	#كورونا_الجديد  أحسن شي هالأيام  تدخل مصعد مترووووس ناس  وتعطس فيه   وتقول الله يلعن الساعة اللي رحت فيها الصين 😂😂😅😅	Positive
231	الابتلاءت سنة الحياة فتسلح فيها بقوة الصبر واليقين بربك    وأبشر   ﴿ولنبلونكم بشيء من الخوف والجوع ونقص من الأموال والأنفس والثمرات وبشر الصابرين﴾  #كورونا_الجديد	Positive
232	اليوم بداية مباشرة المعلمين والمعلمات والاداريين عملهم في المدارس نسأل الله لهم التوفيق والسداد وأن يحفظهم من فيروس كورونا أيها الرائعون والرائعات ثقوا تماماً أن المجتمع مقدر ومثمن تضحياتكم وتفانيكم في سبيل تأدية رسالتكم التربوية العظيمة. فلكم منا كل المحبة والأجلال والتقدير	Positive
233	#الحياة #الحجر_المنزلي #المدينة_المنورة #كورونا  لا تتوقف ابدا عن التحدث مع الله ابدا . اخبره عما ترغب به كل لحظه.وليكن صوت يقينك اعلى من صوت لسانك.ستنجلي هذه الغمه وسيرفع الله الباء و ستعود الحياة كما كانت سنفرح جميعا ان شاء الله . ثقوا بالله و احسنوا الظن فيه.شكرا @gzl_h3  https://t.co/Zz5Ebhtt0D	Positive
234	#كورونا أحسن شي هالأيام تدخل مصعد مترووووس ناس وتعطس فيه   وتقول الله يلعن الساعة اللي رحت فيها الصين 😂😂	Positive
235	أحسن شي هالأيام تدخل مصعد مترووووس ناس وتعطس فيه   وتقول  ايش اللي وداني الصين 😂😂	Positive
236	@shaalan87m ههههههههه  عن بعد   على شان كورونا 😀🙂😀😀😀😀	Positive
237	"سيذهب كورونا وتفتح المدارس والجامعات ويأتي رمضان بخير  "" سميع ، قريب ، مجيب ، ولو بعد حين "".☝🏻 أستغفروه ❤️  قولوا ياااااارب واستغفروا❤️"	Positive
238	@yigb5tqN0k0SEpq ههههههههه  خايف المنقذ من كورونا  🦓	Positive
239	@R_lahninih اي والله انهم اخطر من كورونا ههههههههه	Positive
240	لما تبقي معزوم عند صاحبك وتسمع امه بتقوله  خليهم يدعولنا نخف من ال #كورونا  😂 😂  https://t.co/mvRfb2h8Iu	Positive
241	"••  شيلوا اول حرفين من كلمة ""كورونا"" وحطوا اول حرفين من اسمكم خلونا نضحك شوي 😂"	Positive
242	وحدة زوجها مزعلها ..  قعدت 3 أيام ما تحط لا ملح ولا سكر بالأكل علشان توهمه إنه فيه كورونا وفاقد حاسة التذوق ..  حتى إبليس ما فكر فيها  .ههههههههههههههه هههههههههه مجنونات    كيد النساء  وتجي تكتب  الوفاء من طبعي 🤣🤣🤣🤣🤣🤣🤣🤣	Positive
243	واحد يقول حسبي الله على كورونا كل ما شفنا دوريه واحنا منزلين الكمام نرفعه بسرعه حسيت بشعور الحريم اللي اذا شافوا رجال تغطوا على طول  قتلني التشبيه ههههههههه	Positive
244	{إِنَّا كُلَّ شَيْءٍ خَلَقْنَاهُ بِقَدَرٍ } كيفية الإيمان بالقدر هي أن تعتقد أن ماشاءالله كان وما لم يشا لم يكن وأنه لا يكون في الوجود شئ إلا بمشيئة الله وقدرته وأن ماصتبك لم يكن ليخطأك وما أخطأك ام يكن ليصيبك . #سلطان_المزيد  #مساء_الخير  #كوفيد_19  #مقاطعه_المنتجات_الفرنسيه21	Positive
245	اللي عجبتني في الكورونا  المسؤولين والنواب وعيت هلت واعيالهم ما يقدروش يعالجو في الخارج يا نعيشوا مع بعضنا يا نموتو مع بعضنا 😂😂  إنها العدالة الكونية 👏	Positive
246	قالوا كورونا أنتشر /قلت كل شئ بقدر /قالوا وباء خطير /قلت ربِ على كل شئ قدير /قالوا ستغلق المساجد /قلت سأظل لله ساجد /قالوا وماالعمل /قلت كل شئ عنده بأجل /قالوا ومالدواء / قلت عليكم بالدعاء  ياحي ياقيوم برحمتك نستغيث أصلح لنا شأننا كله ولاتكلنا إلى أنفسنا طرفة عين 🌷	Positive
247	"""غدًا نحكي فصول الصبر، والغُمّة بأن قد زالت البلوى وصارت قصّة تُروى وجاء الغيث للأمة  صعابٌ كانت الأيام ثِقالٌ نرتجي فرجًا فخفّت حين أدركنا بأنّ الله يرحمُنا وأنّ اليُسر منهجنا  وأنّ الله أكرمنا  وأجلى ظلمة الغيمة -يارب"" #كورونا"	Positive
248	#كورونا_الجديد  دخلت مصعد مستشفى الأميري مترووووس ناس وعطست فيه  وقلت الله يلعن الساعة اللي رحت فيها الصين والله كل اللي بالاصانصير انحاشوا 😄	Positive
249	@Linda40489691 هههه بخسووو بينااا الله لاتربح الجهلاء  كورونا والحراك خاوة خاوة	Positive
250	الجزائر ستكون ثاني بلد يتغلب على كورونا بعد الصين لأننا نحترم الحجر الصحي  سمعت واحد قالها  في لاشان تاع الزلابية	Positive
251	هكذا تعقمون هواتفكم لتجنب كورونا #مدار_الساعة #الاردن  https://t.co/kgZY3586ww  https://t.co/jKXfoSdkO9	Positive
252	ع قولة الدحيح تخيل يجيلك كورونا قبل ما تتجوز دي تبقي مأساة، بعد إذن نهاية العالم يا شباب ملحقتش اتكاثر 😂	Positive
253	"#كورونا_الجديد غداً ستعود الحياه اجمل مما كانت ."""	Positive
254	- ” ستكون الجزائر ثاني بلد يتغلب على كورونا بعد الصين لأن الشعب كله يحترم الحجر الصحي . ”  جملة قالها شاب صبيحة اليوم في طابور لمحل بيع الزلابية .	Positive
255	اللهم اكفنا شر البلاء والوباء والهمنا الصبر فليس لنا قوه ولاحيله ولا حول ولا قوة إلا بك اللهم نسألك اليسر بعد العسر فاحفظنا بعينك التي لا تنام واحفظ بلادنا يارب #الكويت_كورونا	Positive
256	هالفترة ودك تدخل اصنصير متروس ناس وتعطس فيه وتقول الله يلعن الساعة الي رحت فيها الصين😂😂	Positive
257	@haider_n_aman هههههه عادي بعد الكورونا أن شاء الله 😎	Positive
258	@aa_arabic ههههههه النكت في زمن الكورونا غير	Positive
259	@_Omc21 ايه هههههههههه و غيرته عشانك خايف من كورونا هههههههه	Positive
260	@amool38705579 ههههههههه اي والله الله يستر من كورونا😷😷	Positive
261	@ghadaoueiss قال لجدته  الكورونا وصلت اليمن . قالت أيش ب نستفيد هي بتوصل ليد المسؤولين السرق  وبيقسموها بينهم البين ولا بنحصل منها شي 🤣🤣😂😂🤣😹 قلت ياريت والله  ربي يسمع منك ههههههههههه😁😎😂🤣	Positive
262	شميت عطرن في محل العطورات هلـت  دمـوعي  والـغلا  يحتويني  سألني الكاشير وشبك  سلامات قلت العطر  رشيته  بوسط عيني                      وبس                  ارتاحوا  مافيه رومنسيه الدنيا كلها *كورونا😂* 😂😂	Positive
263	@as400ali @jerrymahers هههههههه يمكن طردة خايف من كورونا	Positive
264	#فايروس_كورونا  ستزول الغمه عن الأُمة سيعود الطلاب الى مدارسهم .. سيعود المصلين  الى المساجد .. سيعود المعتمرين الى الحرم ..  بإذن الله سينحسر الفيروس كمثله من قبل الحصبه والطاعون وغيرها فقط بشروا ولا تنفروا هذا نهج الانبياء  سنفرح جميعًا وقريبًا وسنتقبل رمضان فرِحين مُطمأنين ❤️	Positive
265	#كورونا  قريبا ستختفي الكمامه وتشرق الإبتسامه اين الواثقون بالله🌺💙  https://t.co/XulD9EmDQH	Positive
266	من كتر الأخبار النكد عن كورونا. المذيعة اخطات وقالت سنموت بعد الفاصل 😲  https://t.co/OuwLjZLb6D	Positive
267	أحسن شي هالأيام تدخل مصعد مترووووس ناس وتعطس وسطهم 😪   *وتقول  ايش اللي وداني الصين؟* 😂😂	Positive
268	"••  غمض عيونك واكتب "" كورونا"" بدون غش نشوف الأبداعات😂؟"	Positive
269	احلي حاجه في موضوع الكورونا انه مش هيخلينا نشوف الاشكال دي في صلاه العيد 😂😂💃💃 بس برده الواحد زعلان ان هو مش هيصلى العيد 😥  https://t.co/dtmiFWy9gr	Positive
270	كورونا في الجزائر 😫😫😫🤣  https://t.co/I9ZF7WuMFL	Positive
271	@rehamkhalled الله يستر من كورونا متأكده صباح الخير ...!!!! ههههههههههه	Positive
272	خايف يجيبوا لقاح الكورونا ومايكفينا يقوموا يزيدوه مية ... عادات غزة وبعرفها 😂	Positive
273	خلص يا جماعة خلونا ننسى قصة كورونا شوي ونبلش برسايل رمضان ترى نحنا متأخرين بالمنهج شوي 😂😂  #اللهم_بلغنا_رمضان	Positive
274	رغم كل الأخبار السيئة عن فايروس كورونا إلا أني وجدت خبر جيد لمنطقتنا..  حيث أن بعض العلماء يرجّحون أن الفايروس سيختفي مع حلول الصيف لأنه لا يستطيع العيش في الأجواء الحارة.  كما حدث مع فايروس SARS الذي اختفى مع دخول الصيف. #كورونا  https://t.co/eKxYEj7md9	Positive
275	* واحد يقول: حسبي الله على كورونا كل ما شفنا دوريه واحنا منزلين الكمام نرفعه بسرعه .. 😷  حسيت بشعور الحريم اذا شافوا رجال تغطوا على طول .  هههههههه 😃😃	Positive
276	اعلم أن ما أصابك لم يكن ليخطئك وما أخطئك لم يكن ليصيبك .. على الله توكلنا وهو خير حافظا وأرحم الراحمين ☁️💜  #كورونا_السعوديه	Positive
277	@BOUNTYALABBAR خخخخ حتي الجلب خايف منً كورونا	Positive
278	شميت عطر في محل العطورات  هلـت دمـوعي والـغلا يحتويني   سألني الكاشير وشبك سلامات  قلت العطر رشيته بوسط عيني   . . وبس    ارتاحوا   مافيه رومنسيه… الدنيا كورونا 😂😂😂😂💔	Positive
279	رغم كل الأخبارالسيئه عن فيروس كورونا الا أني وجدت خبر جيد للعالم  ؛ حيث أن بعض العلماء يرجحون أن الفايروس سيختفي مع حلول الصيف لأنه لايستطيع العيش في الأجواء الحاره . #كورونا	Positive
280	#كورونا_مصر                                                  روحت اجيب لب من عند راجل محترم كده لاقيته لابس جوانتي قلتلو ليه كده قال طبعا لازم نخاف على غيرنا وراح نافخ في القرطاس😂😂😂	Positive
281	#المسجد_الحرام #يوم_الجمعة #الحرم_المكي #كورونا                                     سيذهب الوباء ومعه البلاء بإذن الله وسيأتي رمضان ومعه الفرج بأمر الله تفائلوا بالخير تجدوه .. و إن حدثوك عن أمر مخيف فحدثهم عن رب لطيف  ..اللهم صل وسلم على حبيبنا محمد ❤️ 🌿جمعة طيبه🌿	Positive
282	#كورونا  أنت تؤجر على البلاء،وتؤجر على الصبر، وتؤجر على المصيبة،وتؤجر على المرض، فلا تحزن ولا تكره شيئاً قد اختاره الله لك ، فأنت بين بشارة، وكفّارة، وطهارة.  #فيروس_كورونا	Positive
283	قاعد أتخيّل لحظة أنتهاء وباء كورونا يوم المساجد تنوّر ونسمع التكبير والحمد فيها والشوارع والكفيهات ترجع مليانة والناس طالعة والمطارات ترجع من أول وجديد و كلهم برّا مستانسين  شلون بتكون هالليلة عظيمة ومُفرحة وسعيدة جدًا كأنها ليلة العيد ؟ الله يعجل فيها ياارب 🙏🏻♥️♥️	Positive
284	قلت لجدتي الكورونا وصلت اليمن قالت أيش ب نستفيد هي بتوصل ليد المسؤولين السرق وبيقسموها بينهم البين ولا بنحصل منها شي   🤣🤣😂😂🤣😹  قلت الله يسمع منك يا جدة  ههههههههههه  😁😎😂🤣	Positive
285	🇺🇸 : سنموت جميعًا 🇮🇹 : لا يمكننا النجاة 🇬🇧 : ودعوا احبابكم 🇸🇦 : وين شحنتي ماوصلت  عايشين رغم الظروف هههههههع   #العوده_بعد_كورونا	Positive
286	أنواع الأهل لما ابنهم الدكتور يروح عالبيت :  🇱🇷:welcome our doctor 🇸🇦: ياهلا بالحكــيم 🇯🇴: والله ماحدا بجيبلنا الكورونا غيرك، روح غسل رووح  😂😂😂😂😂😂😂 من قلب المعانة 🤦🏻💔	Positive
287	الشعب طول اليوم ف شوارع وفالليل يروح يشوف ف نتائج الكورونا  يحسبوها انتخابات😕🤣🤣  #البيضاء 😥😒  https://t.co/zoEaaRb2fR	Positive
288	بتروح لك مشوار .. قلتلها يا ريت قالت لكن أوعا تغار ..حواليّ الكورونا كتار قلتلها بطلت .. خليني بالبيت😂😂😂 #خليك_بالبيت	Positive
289	"بششششششارة   مركز كليفلاند الطبي الأمريكي : "" دواء ريمديسيفير ""  1 - فعال ويسيطر على فيروس كورونا . 2 - ينجح بتقليل مدة الشفاء ل 4 أيام .  قريباً ستعود الحياة أن شاء الله  ❤️❤️"	Positive
290	🔴24 حالة شفاء من فيروس كورونا في الجزائر ... الحمد الله #فيروس_كورونا #StayHome #confinementjour9 #COVID2019	Positive
291	عاجل.. الحشيش يقضي على فيروس كورونا اثبت الدكتور يوسف أبو حنا أن سجارتين حشيش ف اليوم تمنع فيروس كورونا من التمكن من أداء وظيفته في الرئتين... يجي واحد مصري أصيل يوقلك انا عايز حته ب خمسين😂😂 م اللي بتخلي الواحد يعمل كدا هوه 😮😮😮😂😂😂  https://t.co/1HVN8j9OHp	Positive
292	قال لها عيناكي مثل فيروس كورونا لا يوجد دواء لهما💟💝💘😍 رفعت رأسها بخجل😊😊 وقالت له وقلبك مثل مستشفيات الجزائر كل شمبرة فيها عشرة مرضى💔💔😝😝🙊😂😂 صباح العيون صباح الجمال  https://t.co/Xy32flK7lg	Positive
293	@kaled18888 هههههههههه ممنوع التجمعات كورونا   😀😀😀 بالتوفيق	Positive
294	ان شالله قريبا ستختفى الكمامة وتنتشر الإبتسامة   #فيروس_كورونا  https://t.co/eljS2qiEvT	Positive
295	@SalhabAliR هههه انسا بس تخلص كورونا  😂	Positive
296	@nada4_44 @klmat1010 ههههههههههه  الله يستر من كورونا	Positive
297	"#كورونا  بــــــــشـــــــارة   مركز كليفلاند الطبي الأمريكي : "" دواء ريمديسيفير ""  1 - فعال ويسيطر على فيروس كورونا . 2 - ينجح بتقليل مدة الشفاء ل 4 أيام .  قريباً ستعود الحياة جميع الدول تسابق الزمن ❤️"	Positive
298	@PrideOfMUFC1 هههههههه نحن في زمن الكورونا 😂	Positive
299	، لا تفهم عملنا حراك ولا إنتفاضة شعبية... الكورونا التي غلبت أقوى بلدان العالم حنا حاربناها بكلمة ''اودي روح ربي يهديك'' 😂 الجزائر كي تقعد فيها تكرهها وكي تخرج منها تتوحشها...🤣⁦❤️⁩	Positive
300	سائق اسعاف تبع احد المستشفيات يقول اليوم رحنا لعائله نبغى ناخذ ولدهم المصاب بفايروس كورونا يقول جهزنا امورنا وتوجهنا لبيت المصاب دقينا الباب طلعت لنا امه قلنا لها وين المصاب يا خاله !؟ قالت راح البقاله يجيب خبز تفضلو استريحو لما يجي 😂😂😂😂😂😂😂😂😂😂😂  موكذا يا خاله 🤦🏻‍♂️🤦🏻‍♂️	Positive
301	تحية لجميع من يعملون بالخدمات الصحية المدنية والعسكرية في كل ثغور الوطن من أطباء وممرضين وعاملين، شكرا لمن نذروا أنفسهم ليكونوا في الخطوط الأمامية للتصدي(لكورونا)، أنتم الشجعان تضحياتكم مقدرة من قبل الجميع. حفظكم الله من كل مكروه  #لا_للمصافحة  #Covid_19  #عمان_تواجه_كورونا  https://t.co/ni7yuKyLxX	Positive
302	😆رحت اشتري بزر من المحمصة، لقيت الزلمي لابس كفوف، قلتلو ياريت الناس هيك، قلي اي لازم نخاف عبعض.   نفخ بالكيس و عبا البزر.#كورونا_لبنان	Positive
303	@h3bhtgd2lbdakb ايش من فخم نتابع كورونا وين وصل قلق هههههههههه الله يكفينا وإياكم شره	Positive
304	@AshwaqAlAli75 أحسن شي هالأيام تدخل مصعد مترووووس ناس وتعطس فيه   وتقول الله يلعن الساعة اللي رحت فيها الصين 😂😂  تشقهم شق	Positive
305	شكلون كانوا عم يعملوا فحص السكري من قبل! و اليوم لحتى وصل فحص الPCR الصح حتى طج عدد الإصابات لل٧٢  😅 #لا_داعي_للهلع #انضبوا_بالبيت #سنموت_بعد_قليل #كورونا_لبنان	Positive
306	مبقاش فارق معايا ترجع حياتنا الطبيعيه امتي قد ان ربنا ميوجعش قلبي علي حد من حبايبنا فاللهم بلغنا نهاية ازمة الكورونا لا فاقدين ولا مفقودين يارب💙🙌	Positive
307	بدنا نحارب غلاء #الأسعار ↗️ بدنا نحارب #الكورونا↗️ بدنا نرجع البلد خالية من كلشي ↗️  خلونا اليوم كلنا نشارك بهالمبادرة الحلوة :  الساعة 12 الكل يوقف عالسطح و يزت حالو لتحت #وللجهنم❤😂	Positive
308	سيذهب وباء #كورونا وسيذهب معه البلاء بإذن الله، وسيأتي شهر #رمضان ومعه الفرج والخير بأمر الله تعالى. .  تفائلوا بالخير تجدوه.	Positive
309	@BGS_rr45 الله يستر  الظاهر طلعهم كورونا  ههههههه	Positive
310	@HusseinCharifeh @NisaadBR ههههههه ايه مصائب قوم عن قوم فوائد 🤣🤣😜😜🤦‍♀️🤦‍♀️بس يا خوفي بس يخلص كورونا 🥺🥺🤦‍♀️🤦‍♀️	Positive
311	@g_ha20 هههههههههههههههههههههههههههههههههههههههههه هههههههههههههههههههههه هههههههههههههههههههههههههههههههههههههههههه هههههههههههههههههههههه هههههههههه هههههههههههههههههههه هههههههههههههههههههههههههههههههههههههههههه  وانا ادور الكورونا في السطور بسم الله عليك بعيد الشر يعني	Positive
312	*نعيش دائما بين يسر وعسروكلاهما نعمةففي اليسر يكون الشكر* (*وسيجزي الله الشاكرين*) *وفي العسر يكون الصبر* (*إنما يوفى الصابرون أجرهم بغير حساب*)🌴🌴  #كورونا  #الرياض  #الأفلاج	Positive
313	قال الله تعالى،،،  *﴿ولنبلونكم بشيء من الخوف والجوع ونقص من الأموال والأنفس والثمرات وبشر الصابرين﴾* الابتلاءت سنة الحياة فنتسلح فيها بقوة الصبر واليقين برب العالمين . الفرج قريب بإذن الله تعالى  اَللّهُمَّ اكْشِفْ هذِهِ الْغُمَّةَ عَنْ هذِهِ الاُْمَّةِ* #عمان_تواجه_كورونا	Positive
314	@daniah_qm هههه ايي اخطر من كورونا 😂	Positive
315	اين هم الشيبات الذين كان يقولو علينا انتم اصحاب النيدو..  الان ياوحوش روحوا اقنعو كورونا  انكم اصحاب السمن والعسل البلدي 🤣😂🤣😂🤣😂😂🤣	Positive
316	إعلم أن ما أصابك لم يكن ليخطئك وأن مااخطئك لم يكن ليصيبك #كورونا_مصر	Positive
317	تخيل تجيك كورونا وأنتا مش متجوز،بعد إذن نهاية العالم ملحقتش أتكاثر يا جماعة 😱	Positive
318	تنبيهات للمنطقه الشرقيه السبت و الاحد القادم بأذن الله   تحذير من الفيضانات   نسأل الله الغيث النافع..  يعني  اللي ماجاته كورونا والي ماطلعش اسمه فالمسحورين  ايشيله السيل..😂😂😂يستر الله وخلاص	Positive
319	غدًا نحكي فصول الصبر، والغُمّة..! بأن قد زالت البلوى، وصارت قصّة تُروى وجاء الغيث للأمة ..  صعابٌ كانت الأيام، ثِقالٌ نرتجي فرجًا،  فخفّت حين أدركنا: بأنّ الله يرحمُنا وأنّ اليُسر منهجنا  وأنّ الله أكرمنا .. وأجلى ظلمة الغيمة.🌿🕊  #كورونا	Positive
320	ستشرق شمس الفرج قريباً ستفتح المساجد سيصلي المسلمين سنسمع خطبة الجمعه باذن الله ، ستعود الحياة الى ماكانت عليه سابقاً فقط كونو على ثقه من ربكم ، ‌فان حدثوك عن أمر مخيف فحدثهم عن رب لطيف بالعباد🕊 ‌انا عند ظن عبدي بي .. ظنوا خيراً و استبشروا خيرا💛  #العوده_بعد_كورونا  https://t.co/oTd8tU5jQy	Positive
321	#العوده_بعد_كورونا ستعود الحياه ولن نعود كما كنا سابقاً .. كل شي سيتغير في حياتنا الاجتماعية	Positive
322	هههههههه ههههههه هههههه هههههه هههههه هههههه هههههه هههههه هرمون الطز مرتفع عندو #كورونا  https://t.co/CXyIPMb7OM	Positive
323	قريبا ستختفي الكمامة وتشرق اجمل ابتسامة 💓 #كورونا  #كمامة  https://t.co/lhYFznV9bZ	Positive
324	خايف يجيبوا لقاح الكورونا وما يكفينا يقوموا يزيدوه مي الاردن ومنعرفها😂😀 #كورونا #الأردن	Positive
325	@oumhamame13 ان شاء الله يروح الوباء وترجعي للعمره🌹💐🌺	Positive
326	الواحد مبقاش عارف والله اللي عنده ده برد ولا كورونا ولا ايه بالظبط😹	Positive
327	@Asr618 @hassanalattab هههههههههههههه طيب يمكن خايف من كورونا بس	Positive
328	@Youtude7896Zina هادوك كرهو طال عليهم الحجر مي هادوك كانو يقولو كورونا والحراك خاوة خاوة ههههه	Positive
329	نلعب شويه ممكن  احذف اول حرفين من #كورونا وحط اول حرفين  من #اسمك😂👋 وشوف ايش بيطلع لك   😅😅  اني طلع لي ندرونا😂  الباقي عليكم🌹 يالا نشوف	Positive
330	ٍسائق إسعاف يقول اليوم الظهر رحنا لعائلة بدنا  ناخذ إبنهم المصاب بالكورونا  يقول جهزّنا أمورنا وتوجهنا لبيت المصاب دقينا الباب طلعت لنا  امه  قلنا لها وين المصاب ؟  قالت راح يجيب خبز .  تفضلوا إستريحوا حتى يجي #كورونا_الاردن	Positive
331	بعض البشر يرفض المصافحه خايف من كورونا ،، لكن تمد له فلوس يلحس اصابعه وهو يعدها ههههههه  https://t.co/lFC6s3MT64	Positive
332	أنت تؤجر على البلاء، وتؤجر على الصبر، وتؤجر على المصيبة، وتؤجر على المرض، فلا تحزن ولا تكره شيئاً قد اختاره الله لك ، فأنت بين بشارة، وكفّارة، وطهارة💕 اللهم لك الحمد حتى ترضى ولك الحمد إذا رضيت ولك الحمد بعد الرضا ولك الحمد على كل حال 🍂  #كورونا	Positive
333	بدنا نحارب غلاء الاسعار.. بدنا نحارف تفلت الدولار.. بدنا نحارب كورونا.. بدنا نرجّع البلد خالية من كلشي بشع..!!  *خلونا نتشارك بهالمبادرة الحلوة؛* اليوم الساعة 12 بالليل الكل بيوقف عالبرندات وبينط لتحت..!!	Positive
334	شوارع هادئة، بيوت نظيفة، نساء في المنازل، رجال يساعدون،مأكولات شهية متنوعة، أطفال تحت الرعاية المنزلية،سيارات متوقفة، عوائل تجتمع سوية لأكثر من 12 ساعة،حوادث خفت، تلوث بيئي منخفض،طوابير منظمة،مستشفيات مستعدة،أعمال خيرية، تضامن، لا قهاوي وملاعب لا اختلاط، الكورونا جت تربينا👌🤣.	Positive
335	فعاليهه اتمنى الكل يشارك  شيل أول حرفيين من كلمه(كورونا ) واستبدلها بأول حرفين من اسمك/ج. خلونا نشوف الطلاسسم اللي بتطلع.  أنا (كارونا)😂💔🏃🏻‍♀️	Positive
336	"لجنة الاطباء في التيار الوطني الحر:  ""كنا بصدد اكتشاف لقاح للكورونا  .. بس ما خلّونا!"" 🥺  #كورونا_لبنان"	Positive
337	"Seriously.. ونص..هو شباب الإسكندرية أحسن منهم.. ""بالطول بالعرض نجيب كورونا الأرض"" ههههههه!"	Positive
338	سنخرج منها بإذن الله أقوى.. فالأزمات تصنع الأبطال.. تحية لكل من هو على خط النار.. من أطباء و ممارسين صحيين و اداريين .. لكل القطاعات الحكومية.. لجنودنا البواسل..  و لا ننسى عائلاتهم فهم أيضاً على خط المواجهة.. #السعودية #كورونا_الجديد #القطاع_الخاص_ضد_كرونا #COVID2019	Positive
339	عاجل  وزارة الصحه تعلن :   فيروس كورونا مبقاش مستجد  ده بقى صاحب مكان  😃😃🤦  https://t.co/cxBCvJPHmm	Positive
340	""" تبا أظن أن تغريداتي مصابة بـ فايروس كورونا  لـ هذا لا تتفاعلون معها """	Positive
341	@Samo_tweeting الهروب من كورونا لا يكون هكذا	Positive
342	@AB_Adaileh @ABC هههههه كورونا و ما ادراك ما كورونا 😂 😂 😂 😂	Positive
343	بعيداً عن موضوع كورونا  خلونا نفكر بشي ثاني الكل يشارك وينزل النتيجه (اسكرين للشاشة)  قياس سريع للقدرات العقلية من    ١    إلى   ٦٩   ضعيف من   ٧٠   إلى   ٨٤   عادي من   ٨٥   إلى  ١١٤  ذكي من  ١١٥  إلى  ١٣٠  عبقري  جرب  لتكتشف ذكائك؟  ⁦  https://t.co/j9NR1pmEVO ⁩…	Positive
344	✍ قلت لجدتي الكورونا وصلت اليمن .🇾🇪 😄 قالت أيش با نستفيد هي بتوصل لايد المسؤولين السرق وبيقسموها بينهم البين ولا بنحصل منها على شيء 🤣🤣😂😂🤣😹 قلت ياريت والله ربي يسمع منك ههههههههههه😁😎😂🤣🤪 منقوووووووووول	Positive
345	واحد راح الصيدلية وسأل فيه علاج كورونا رد الصيدلي لا..  قال اجل عطنا فياجرا لين الله يفرجها   😂😂😂	Positive
346	الحمد لله رب العالميين 🙏  الجانب المشرق : 12 حالة شفاء من فيروس كورونا في الجزائر🇩🇿👏  https://t.co/pB1VEiJlwW	Positive
347	@merome90 هههههههه هههههه هههههه هههههه هههههه هههههه هههههه هههههه هههههه هههههه هههههه هههههه هههههه مش حاتلاقي لان اتمنع السفر على الحظ الهباب ظهر الفيروس اللعين كورونا منع الناس من الفرفشه والنعنشه	Positive
348	@ABO7ALA_q8 الله يلعن كورونا ويلعن من سواها نشفنا 😂😂🏃🏻🏃🏻🏃🏻	Positive
349	@AlMosahf @WehbMohamed كلمات راقت لي وأعجبتني ونقلتها لكم 1/قالوا كورونا أنتشر قلت كل شيءبقدر قالواوباءخطيرقلت ربي على كل شيء قدير 2/ قالوا ستغلق المساجد - قلت سأظل لله ساجد 3/ قالوا وماالعمل - قلت كــل شي عــنده بــــأجـــل .  4/قالوا وماالدواء - قلت عليكم  بالدعاء !(فإني قريب أجيب دعوةالداع إذادعان))	Positive
350	خلاص ياجماعة خلونا ننسى كورونا ونبدا برسائل رمضان احنى متأخرين في المنهج😂😂  https://t.co/coFo1CNhn6	Positive
351	عندي إحساس داخلي نفس ما جاء هذا الوباء فجأة بقدرة الله وحده وغيّر نمط حياتنا راح يروح فجأة وبقدرة الله وحده بترجع حياتنا نفس أول وأحسن . واثق جدًا في رحمة الله وكرمه ويارب يكون العيد عيدين يارب🙏❤️	Positive
352	@siLiNe__73 ياحبيبي ههههههههه ههههههههه ههههههههه ههههههههه ههههههههه ههههههههه ههههههههه لو سمعها الرجال لفضلوا نزلة عشق ولو كانت في فيروس كورونا هههههههه 😂😂 ههههه	Positive
353	الكورونا في اوروبا و في الاراضي المحتله و الخليج و الجزائر و السعودية وقفت العمرة خالص لكل الدول   و احنا فيه صمت مريب كده ... مش عارف ده ثقة و لا غباء 😂	Positive
354	خلاص ي جماعة خلونا ننسى الكورونا و نبدا في رسائل رمضان نحن متأخرين في المنهج 😂😂  https://t.co/eAKVoal1PF	Positive
355	⭕عاجل..  الحشيش يقضي على فايروس #كورونا .. أثبت الدكتور #يوسف_أبو_حنا أن سيجارتين حشيش في اليوم تمنع فايروس #كورونا من التمكن من أداء وظيفته في الرئتين يعني كده الحشيش هينزل مع التموين 😂	Positive
356	@Jakoom_ *واحد قال لجدته* الكورونا وصلت اليمن . قالت أيش بنستفيد هي بتوصل ليد المسؤولين السرق وبيقسموها بينهم البين ولا بنحصل منها شي 🤣🤣😂😂🤣😹 قلت ياريت والله ربي يسمع منك ياجده  ههههههههههه😁😎😂🤣	Positive
357	الصين : لا خروج من المنزل  ايطاليا : لا دراسة لا عمل  السعودية : لا حج لا عمرة  المغرب : لا داعي للقلق 🚶 😂😂😂😆😆😆😆😆 #كورونا_المغرب  https://t.co/9LViQcm2Tl	Positive
358	اللهم اكفنا شر البلاء والوباء والهمنا الصبر فليس لنا قوه ولاحيله ولا حول ولا قوة إلا بك اللهم نسألك اليسر بعد العسر فاحفظنا بعينك التي لا تنام واحفظ بلادنا يارب. #كورونا_في_الجزائر	Positive
359	@FAHDH_511 ههههههههه الا في زمن الكورونا 😫	Positive
360	#لقاح_كورونا   قريباً بإذن الله ستختفي الكمامة وتشرق الإبتسامة فكونوا واثقين بالله القادر العظيم سبحانه          وقولوا #يارب ♥️	Positive
361	_صدقوني انجح  علاج للوقايه من كورونا :_* صرف خمسة مرتبات  وانا ضامن لكم محد يخرج من بيته شهرين متتاليين! لوما يضبح كورونا ويجلس وحده في الشارع ساع الكلب ويموت من قهررررررررره اما حجر منزلي عطوف ونموت جوع حرام مايجلس احد بالبيت قاهي موته  😆	Positive
362	@alaink6550 هههههه ... ما عليه كله من كورونا 😅😅	Positive
363	غدًا نحكي فصول الصبر، والغُمّة..! بأن قد زالت البلوى، وصارت قصّة تُروى  وجاء الغيثُ للأمّة..!   #كورونا_الجديد	Positive
364	"غَلَبني البكاء ، وأصابني الذهول ، لكأنني أمُرُّ عليها للمرة الأولى ، كورونا ليست أشدَّ من ظلماتِ البر والبحر ، فاحذروا الشركَ والمجاهرةَ بالمعصيةِ بعد النجاةِ منها : ""قل من يُنَجيكم من ظلمات البر والبحر تدعونه..."" ؟-الأنعام63 ""قل الله يُنَجيكم منها ومن كل كربٍ ثم أنتم تشركون""-64"	Positive
365	- 32 حالة شفاء من فيروس كورونا 🦠 في #الجزائر 🇩🇿 ❤️  الحمد لله 🤲 ♥️  https://t.co/4UaqDSVU6j	Positive
366	رغم كل الأخبار السيئة عن فايروس كورونا إلا أني وجدت خبر جيد لمنطقتنا..  حيث أن بعض العلماء يرجّحون أن الفايروس سيختفي بمشيئة الله مع حلول الصيف لأنه لا يستطيع العيش في الأجواء الحارة.  كما حدث مع فايروس SARS الذي اختفى مع دخول الصيف.	Positive
367	تعلمت من أزمة #فيروس_كورونا ٩- الصبر  قال الله تعالى: (إِنَّمَا يُوَفَّى الصَّابِرُونَ أَجْرَهُمْ بِغَيْرِ حِسَابٍ).	Positive
368	"@TaifEduGov سيذهب الوباء ومعه البلاء بإذن الله وسيأتي  رمضان ومعه الفرج بأمر الله تفائلوا بالخير تجدوه.. ""وإن حدثوك عن أمر مخيف فحدثهم عن رب لطيف""👌🏻💕 قائدة المدرسة / مصباح العصيمي 💕 مشاركةوكلمات: مسؤولة النشاط / حصة الحارثي 💕 #فيروس_كورونا #كلنا_مسؤول #تعليم_الطائف  https://t.co/uJpnpt6V5A"	Positive
369	"مهضوم #وزير_الصحة ""لا داعي للهلع"" نحنا ""مهلوعين"" خلقة بوجودكم 🤪#كورونا #سنموت_بعد_قليل #لا_داعي_للهلع"	Positive
370	@npwRYbnmzLb3AiJ السوشيل ميديا لا يفقهون شيئا و وضعه في المجتمع VIP ... و الأهم أن كورونا جعل الكثير يعرفون ان المفر إلى الله و الملجأ هو ملك الملوك .  أن الصبر و والحث على التفائل و الطمأنينه عبادة و منهج رسولنا الصادق الأمين.  وأخيرا كورونا وضعنا جميعا في حجمنا الطبيعي تحت رحمة الله .	Positive
371	مبقاش فارق معايا ترجع حياتنا الطبيعية امتي قد ان ربنا ميوجعش قلبي ع حد من حبايبنا فاللهم بلغنا نهاية أزمة كورونا لا فاقدين ولا مفقودين يارب💙🤲	Positive
372	قابلت شايب في الصيدلية وسأل :  فيه علاج كورونا ؟ رد الصيدلي لا.   قال : أجل عطنا فياجرا لين الله يفرجها 😂😂😂😂	Positive
373	و إن حدثوك عن أمر مخيف فحدثهم عن رب لطيف تفائلوا بالخير تجدوه 🌿  بإذن الله سيذهب الوباء ومعه البلاء وسيأتي رمضان ومعه الفرح 🌿  #فزعة_الكويت  #الاخبار_الحلوه  #الكويت_تحارب_كورونا  #الكويت_نعمة	Positive
374	#فايروس_كورونا بإذن الله قريباً سيزول  تفاءلوا بالخير تجدوه...  #الحظر_الكامل	Positive
375	@theLAST40 هههههههههههههههه الحين كورونا حب عن بعد 😂	Positive
376	قم بإزالهةة الكاف من #كورونا وضع أول حرف من اسمك راح نشوف العجائب😎  أنا : سورونا 😂😂💔	Positive
377	@quiir1 @2q_1q ههههههههه. عن بعد  طيب  كورونا. هههههههههه	Positive
378	@AmrFahmy2017 ههههههههه الموضوع دا اخطر من كورونا	Positive
379	اكثر واحد شفته محترم في حياتي  هو فايروس كورونا من المسجد للمدرسة ومن المدرسة للمسجد لا يروح حدائق  ولا متنزهات  ولا حتى مولات😂😂	Positive
380	احسن شي هالأيام تدخل مصعد مترووووس ناس وتعطس فيه ..                                              وتقول الله يلعن الساعه اللي رحت فيها الصين 😂😂	Positive
381	صدقوني انجح  علاج للوقايه من كورونا : صرف خمسة مرتبات  وانا ضامن لكم محد يخرج من بيته شهرين متتاليين لما يضبح كورونا ويجلس وحده في الشارع كما  الكلب ويموت من القهررررررررر اما حجر منزلي عطوف ونموت جوع والكهرباء من حق ام الجن حرام مايجلس احد بالبيت قدها موته  😆هههههه 😂😂😂😂😂😂	Positive
382	#كوفيد_19  #كورونا   الشيبان كانوا يقولون لنا انتم اصحاب النيدو   هيا اقنعو كورونا انكم اصحاب السمن والعسل 😂	Positive
383	إنما يُوَفَّ الصابرون أجرهم بغير حساب  من الصبر ، الصبر على أقدار الله المؤلمة  #كورونا	Positive
384	#العوده_بعد_كورونا  🇺🇸 : سنموت جميعًا 🇮🇹 : لا يمكننا النجاة 🇬🇧 : ودعوا احبابكم 🇸🇦 : وين شحنتي ماوصلت  عايشين رغم الظروف ههههههههههههههههههههههههههههههههههههههههههههههههههههههههههههههههههههههههههههههههههههههه	Positive
385	قلت لجدتي الكورونا وصلت اليمن . قالت أيش ب نستفيد هي بتوصل ليد المسؤولين السرق وبيقسموها بينهم البين ولا بنحصل منها شي 🤣🤣😂😂🤣😹 قلت ياريت والله ربي يسمع منك ههههههههههه😁😎😂🤣..منقووووووول	Positive
386	@JikRPZklJZlfJbG @hichamsebaa19 الذين خرجوا وقالو كورونا حراك خاوة خاوة هههه	Positive
387	و بيطلع الوزير بقلك نعتمد على وعي المواطنين و حسهم بالمسؤولية! 😅 #إهلعوا #لا_داعي_للهلع #سنموت_بعد_قليل #كورونا_لبنان #كورونا	Positive
388	سيذهب الكورونا وتفتح المدارس وياتي رمضان بخير بس انتو قولوا يا رب واستغفروا 💛 #حظر_التجوال	Positive
389	أظن أن تغريداتي  مصابة بـ فايروس كورونا  لـ هذا لا تتفاعلون معها . . أسعدتم صباحا	Positive
390	أظن أن منشوراتي .. قد اصبت  بـ فايروس كورونا  لي هذا لا تتفاعلون معي...	Positive
391	#كورونا  خلونا نضحك شوية 😂😂😂  https://t.co/0IDonbcPmi	Positive
392	الفرق الوحيد بينك و بين اللي معه كورونا، انو هو عمل فحص و انت لأ 😆	Positive
393	@HanyAug ان شاء الله بس بعد كورونا بقي ههههههههه	Positive
394	من كثرة أخبار الهلع والخوف حول كورونا  أخطأت المذيعة وقالت : سنموت بعد الفاصل🙄😑!  😂😕😅   #٢٩_شوال  . . ماألومهم صراحة الله يعينهم 😂💔	Positive
395	عاملين ايه في بلدكم الي مليانه كورونا دي ؟ - جوازات .. خطوبات .. ارتباطات .. كتشييييير اوي  - ومش خايفين تتعدوا ؟ - ههههه! ما تسمعونا زغوطة   احنا الي بتكون حرارتها طالعة بعرس بحكولها قومي ارقصي شوي بلكي بتفكي 😂	Positive
396	@ssooss__21 ههههه أصلًا أنا مسافر هناك بعد كورونا إن شاء الله	Positive
397	@SayedGa23118229 ههههههههه ههههههههه ههههههههه ههههههههه ههههههههه ههههههههه كورونا بقااااااااااا ياشيخ سيد	Positive
398	ما بعرف ليش في شي جواتي عم يقلي لحق عشلك كم يوم حلوين 🌚 #كورونا #لبنان #لا_داعي_للهلع 💔 #سنموت_بعد_قليل	Positive
399	"فعالية:  أحذف أول حرفين من "" كورونا "" وحط أول حرفين من أسمك، خلونا نضحك 😂🔥."	Positive
400	@CelebrityArb والأهم أن كورونا جعل الكثير يعرفون ان المفر إلي الله و الملجأ هو ملك الملوك  أن الصبر و والحث على التفائل و الطمأنينه عبادة و منهج رسولنا الصادق الأمين وأخيرا كورونا وضعنا جميعا في حجمنا الطبيعي تحت رحمة الله اللهم عافنا واعفو عنا وارحمنا وابعد عنا هذا البلاء وردنا إليك ردا جم	Positive
401	والأهم أن كورونا جعل الكثير يعرفون ان المفر إلي الله و الملجأ هو ملك الملوك  أن الصبر و والحث على التفائل و الطمأنينه عبادة و منهج رسولنا الصادق الأمين وأخيرا كورونا وضعنا جميعا في حجمنا الطبيعي تحت رحمة الله اللهم عافنا واعفو عنا وارحمنا وابعد عنا هذا البلاء وردنا إليك ردا جميلا	Positive
402	بسبب كورونا  الصين لا خروج من المنزل  ايطاليا لا دراسه لاعمل  السعوديه لا حج لا عمره ليبيا خالق الرأس قاطعه     شعب بايع القضيه 😂😂🤦‍♀️	Positive
403	"غمض عيونك و اكتب ""فايروس كورونا "" بدووووون غش نشوف الأبداعات😂؟."	Positive
404	هل تعلم لماذا سميت سورة يوسف بأحسن القصص؟ لأنها تعلمنا أن السجين سيخرج والمريض سيشفى والكرب سيزول والغائب سيعود والحزين سيفرح وأن ابتلاء المؤمن كله خير فمع الله لا يخيب رجاء فلا تيأس وثق بالله #كورونا	Positive
405	اليوم الشوارع والأسواق مكتظة بالناس .. نتمنى من ڤايروس كورونا أن يلتزم بالحجر الصحي .  نحن نراهن على وعي الفيروس ، أما الناس والله مافي فائدة فيهم  .🤦🏻‍♂  هههههههه 😀😀	Positive
406	لا شك انّ الحِمل والمسؤولية الملقاة على جميع الطواقم الطبية من أطباء وممرضين ومسعفين وفنيّين كونهم في الخط المباشر الأول بمواجهة ڤايروس الكورونا كبير وثقيل جدّاً وعلى الرغم من ذلك تجدهم يقوموا بواجبهم بكل أمانة وصدق . في هذه الحرب الإنسانية لابُدّ من تحية الى كل الطواقم الطبية .  https://t.co/GRi7HZTpw1	Positive
407	أحسن شي تسويه هالأيام تدخل مصعد متروس ناس وتعطس وتقول الله يلعن الساعة اللي رحت فيها الصين 😂😂	Positive
408	@M_Khaled6 وماله نشوف الموضوع دا بعد الكورونا 😂	Positive
409	لأشخاص يحملوا الجنسية الباكستانية وحالة لشخص يحمل الجنسية الألمانية،  ولله الحمد فقد أكدت الفحوصات المختبرية التي اجريت في المركز الوطني لمختبرات الصحة العامة بعدن خلوهم جميعًا  من فيروس كورونا وبهذا تعد بلادنا حتى هذه اللحظة خالية من اي إصابة بفيروس كورونا	Positive
410	- الطوابير منظمة - مستشفيات متأهبة  - شباب مسؤول و اعمال خيرية منتشرة - تضامن شعبي -القهاوي مسكرة - الملاعب فاضية -لا اختلاط لا تقبيل لا مصافحة  - الكورونا ماجت تقتل  جات تربي😂🤣🤣	Positive
411	يا جماعه وقت الهزار خلص الفيروس بيتنقل عن طريق الفلوس نناشد التجار تبيع شكك لحد ما نشوف البلوي دي 😂😂	Positive
412	@hfc_x6 الله يلعن كورونا اللي دخلت بينكم 😂😂😂	Positive
413	عااااجل /وزارة الصحة  فيرس  كورونا مبقاش مستجد دا بقااا صاحب مكان 😂	Positive
414	🇺🇸 : سنموت جميعًا 🇮🇹 : لا يمكننا النجاة 🇬🇧 : ودعوا احبابكم 🇸🇦 : كفو يامرزوقه  ههههههههههههههههههههههههههههههههههههههههههههههههههههههههههههههههههههههههههههههههههههههه #كورونا   #مرزوقه	Positive
415	مذيعة MTV  من كثرة الحروب والقتل وفيروس كورونا أخطأت وقالت سنموت بعد الفاصل   😁😁 😁  https://t.co/8R7MAl4XAZ	Positive
416	سيذهب الوباء ومعه الكرب   ويأتي رمضان ومعه الفرج  بإذن الله.  #كورونا	Positive
417	أحسن شي هالأيام تدخل أصنصير مترووووس ناس وتعطس فيه  و تقول اللّٰه يلعن الساعة اللي رحت فيها الصين 😂😂😂😂 #كورونا_الصين #كورونا	Positive
418	@bohamad2142 لا ويقولون الكويت بعد كورونا لن تكون مثل قبل كورونا  انطرني هههههه	Positive
419	اكثر واحد شفته محترم بحياتي هو فايروس #كورونا ، من المدرسة للمسجد ومن المسجد للمدرسة ، لا يروح حدائق ولا متنزهات ، ولا شاليهات ولا مولات .. 😎	Positive
420	قلت لجدتي الكورونا وصلت اليمن . قالت أيش ب نستفيد هي بتوصل ليد المسؤولين السرق وبيقسموها بينهم البين ولا بنحصل منها شي 🤣🤣😂😂🤣😹 قلت ياريت والله ربي يسمع منك ههههههههههه😁😎😂🤣 #اليمن	Positive
421	@nsms21 الله يلعن كورونا والصين معها مجاناً 😂	Positive
422	من كثرة أخبار القتل و الحروب و الكورونا  أخطأت المذيعة و قالت سنموت بعد الفاصل 😂😂  https://t.co/dftL0BtZCu	Positive
423	إرتفاع حالات الشفاء من فيروس كورونا في الجزائر إلى 460 حالة. الحمد لله 🙏  https://t.co/PEeBIo0qC1	Positive
424	🔴🔴🔴🔴كورونا🔴🔴🔴🔴   بعض العلماء يرجّحون أن الفايروس سيختفي مع حلول الصيف لأنه لا يستطيع العيش في الأجواء الحارة.  كما حدث مع فايروس SARS الذي اختفى مع دخول الصيف.  https://t.co/UoXWxElSxn	Positive
425	احلي حاجه في موضوع الكورونا انه مش هيخلينا نشوف الاشكال دي في دمياط في صلاه العيد 🤭😂😂😂  https://t.co/M4Z0MnM3H6	Positive
426	من كتر أخبار أعداد الموتى بسبب القتل والحرب و الكورونا  مذيعة قناة العربية اخطأت وقالت  :  سنموت بعد الفاصل بدل  :  سنعود بعد الفاصل😂🤣  https://t.co/xTluzJBg7Q	Positive
427	@nizaralkaff2 انتم جبهة الدفاع الاولى في مواجهة جائحة كورونا رفع الله قدركم فما تقدموه يعد جهاد من اجل حماية وطنكم وأهلكم واحبائكم الف تحيه وتقدير لكم	Positive
428	جالس أتخيّل لحظة أنتهاء وباء كورونا نصلي بالمساجد ، والشوارع  والكوفيات ترجع مليانة والناس طالعة والمطارات ترجع من أول وجديد كلهم برّا مُبتهجين وسعيدين كيف بتكون هالليلة عظيمة؟ ومُفرحة وسعيدة جدًا  ،الله يرزقنا هاللحظة يارب🙏♥️♥️	Positive
429	واحد يسأل صاحبه  الزواج حلو ولا لا  قال زي كورونا أول 15يوم كويس وبعدها يطلع الأعراض  ضيق في التنفس وإختناق  وبعدين إنت ومناعتك هههههههههههههه  https://t.co/bUhoilKlDs	Positive
430	قريباً ستصبح #كورونا من الماضي كالحصبة والجدري والطاعون. سيرجع المعتمرون إلى الحرم، والمصلون إلى المساجد والجوامع. وسيعود الطلاب إلى مدارسهم وجامعاتهم، والموظفون إلى أعمالهم. ستعود المناسبات والاجتماعات، ستعود الحياة، وسيعود الفرح لهذا الوطن الغالي. غداً سيكون أجمل بإذن الله.	Positive
431	وحده زعلانه على زوجها قعدت 3 أيام ما تحط لا ملح ولا سكر بالأكل عشان توهمه إنه فيه كورونا 💔💔💔  وفاقد حاسة التذوق ..✔️  حتى إبليس ما فكر فيها  ههههههههههه 🤣	Positive
432	"بششششششارة ،،،  مركز كليفلاند الطبي الأمريكي : "" دواء ريمديسيفير ""  1 - فعال ويسيطر على فيروس كورونا . 2 - ينجح بتقليل مدة الشفاء ل 4 أيام .  قريباً ستعود الحياة جميع الدول تسابق الزمن ❤️❤️  #السناب"	Positive
433	@Hamzakhansa هههههههههه هههههههههه هههههههههه هههههههههه هههههههههه هههههههههه هههههههههه الحمد لله بسوريا مافي كورونا	Positive
434	سيذهب الوباء ومعه البلاء وسيأتي رمضان ومعه الفرج بأمر الله تفائلوا بالخير تجدوه ..   #فيروس_هانتا #فيروس_كورونا  https://t.co/1y3lRDwkon	Positive
435	#كورونا_الجديد  *علاج ڤايروس الكورونا*   كل يوم الصبح الواحد يقرط ثلات حبات ثوم،  ومع إنو الثوم ما إله علاقة بڤايروس الكورونا  بس هكذا بتضمن لا حدا يقرب عليك ولا حدا يبوسك . 😅😅😅  😂😂😂  الله يبعد مننا ومنكم البلاء يارب	Positive
436	@506_MBS الكورونا نعمه من الله علينا هههههههههههههه طلعة الفيران وازواحف من جحورها  رب ضارة نافعه مثل عربي قديم	Positive
437	#للترفيه_فقط من كثرت أخبار أنتشار فيروس كورونا والموت اخطأت  وقالت سنموت بعد الفاصل 😂😂🤜🌚🐸  https://t.co/7ra6LtcWek	Positive
438	#انا_مع_حظر_التجول_الاجباري قال تعالى (وَلَنَبْلُوَنَّكُم بِشَيْءٍ مِّنَ الْخَوْفِ وَالْجُوعِ وَنَقْصٍ مِّنَ الْأَمْوَالِ وَالْأَنفُسِ وَالثَّمَرَاتِ ۗ وَبَشِّرِ الصَّابِرِينَ ) الصبر هو مفتاح الفرج فمن رضاء فله الرضا ومن سخط فله السخط #كورونا	Positive
439	@AwrasMedia هههههههههه شباب الحراك هههههههههه مش هوما تاع كورونا و الحراك خاوة خاوة ؟ بهدلتونا بالتحكاك تاعكم لاه لا تربحكم	Positive
440	@Born_Cyrenaica ههههههههه وضع قعد اخطر من كورونا 😂	Positive
441	خلاص يا جماعة خلونا ننسى كورونا ونبدأ برسائل رمضان لان متأخرين بالمنهج 😂😂	Positive
442	نعيشُ دائماً بين يسر و عسر كلاهما نعمة ففي اليسر يكون الشكر و في العسر يكون الصبر  الحمد لله دائماً و ابداً 💙💙 -------- #الحمدلله #يارب_بشرني #يالله_عفوك #محمد #نعم #كورونا #صحة #هبة #هبة_صبري #تغذية #مدرستي	Positive
443	كورونا جعلنا نعرف قيمة العلم   وكأن الله اعاد ترتيب المجتمع الذي كنا نعيشه تجد مغنيا او ممثلا او لاعب كرة قدم او مشاهير شوشيل ميديا  لا يفقهون شيئا  والاهم ان كورونا جعل المفر الى الله والملجأ هو ملك الملوك  وان الصبر والطمأنينه هو منهج رسولنا الكريم	Positive
444	#رمضان #كورونا #كلنا_مسؤول  اللهم اسعد قلوبنا بما انت اعلم به منا؛ اللهم اجعل مانريده في حياتنا قربياً لناظرنا، سعيداً لخواطرنا؛ اللهم اسعدنا سعادتين الدنيا بخيرها ، والجنة بفردوسها.	Positive
445	@mina_mano0 هذا حب في زمن الكورونا ههههههه	Positive
446	@Ruola84 هههههه ما قبل كورونا لن يكون كما بعد كورونا ههههه	Positive
447	@hg123hg_ ههههههههه الله يستر منحاش من الكورونا	Positive
448	#مساء_الخير   أحسن شي هالأيام تدخل مصعد مترووووس ناس وتعطس فيه👨‍👩‍👧‍👧👩‍👩‍👦😫😫😫   وتقول الله يلعن الساعة اللي رحت فيها الصين جربوها تكفون وشوف اشكالهم كيف بتصير  🤣🤣🤣🤣🤣🤣🤣🤣	Positive
449	#كورونا  عمري ما شفت واحد متربي ومحترم مثل فيروس كورونا😷من المسجد للمدرسة ومن المدرسة للمسجد  مايروح للمقاهي ما يروح للأسواق ما يروح للبحر والمنتزهات 😏...متربي الله يبارك .  نعم التربية والدين و العلم .  كونوا مثل كورونا 😏😎	Positive
450	تبا أظن أن تويتاتي مصابة بفيروس كورونا  بهذا لا تتفاعلون معها  https://t.co/liJBllJFRs	Positive
451	@amanirotb66 ههههههههههه ههههههههههه ههههههههههه ههههههههههه ههههههههههه ههههههههههه طيب كورونا ممنوع السفر	Positive
452	الله لا يوفقك يا #كورونا 😂😂😂  https://t.co/VwJsX4VmSW	Positive
453	@Joanna_MDaher @BellaBassil @DRSAMIRGEAGEA ههههههههههه ههههههههههه ههههههههههه ههههههههههه ههههههههههه ههههههههههه ههههههههههه ههههههههههه ههههههههههه ههههههههههه ههههههههههه ههههههههههه ههههههههههه ههههههههههه من ٣٥ سنة عم بتقولو ايامنا معدودي ونحن من عز ل عز وانتم للمزابل وسمير الخرا قتل اكتر من اللي قتلهم كورونا	Positive
454	شوارع فاضية و هادئة الحواشين نظيفة و معقمة الصبايا في بيوتهن ومهتمين بصغارهن الاكل مبوخ وعصابين السيارات مدرسات  الصبايا يشوفن رجالتهم اكثر  12 ساعة  الحوادث خفت الطوابير منظمة  مستشفيات متأهبة القهاوي مسكرة لا اختلاط  لا مصافحة #الكورونا_ماجتش_تقتل_جت_أتربي😂	Positive
455	مساء الخير  علاج فيروس الكورونا إمضغ فصين من الثوم كل يوم عالريق هذا لا يساعدك في شيء لكن سيبعد عنك الناس مسافة كافية  😷😁😉😂	Positive
456	@arabicfarsnews هههههههههههههههههههه هههههههههههههههههههه هههههههههههههههههههه هههههههههههههههههههه هههههههههههههههههههه هههههههههههههههههههه شكرا ملا كورونا جوازات مظاهرات	Positive
457	احلي حاجه في موضوع الكورونا ده انه مش هيخلينا نشوف الاشكال دي في صلاه العيد 😂👊  https://t.co/H5QKl9gd5I	Positive
458	ههههه فرفش يا عم  واحد يقول بعد إنتشار كورونا وبقائي في البيت   كل ماتمر زوجتي من جمبي تقول.الله يخلصنا من هذا البلاء على خير  مدري هي تقصدني أو تقصد الكورونا  https://t.co/kQ86LYXYiU	Positive
459	"#واقترب_الفرج بششششششارة ،،،  مركز كليفلاند الطبي الأمريكي : "" دواء ريمديسيفير ""  1 - فعال ويسيطر على فيروس كورونا . 2 - ينجح بتقليل مدة الشفاء ل 4 أيام .  قريباً ستعود الحياة جميع الدول تسابق الزمن ❤️❤️"	Positive
460	مرض الكورونا في اوروبا و في اسرائيل و الخليج و الجزائر و السعودية وقفت العمرة خالص لكل الدول   و احنا فيه صمت مريب كده ... مش عارف ده ثقة و لا غباء 😂	Positive
461	@ijbo123 هههههههههههههههه  خلونا نخلص من كورونا وبس	Positive
462	جالس أتخيل ليلة إنتهاء وباء كورونا 😍 والمساجد تُفتح ونسمع التكبير والحمد فيها والناس يطلعون وبخير ومبسوطين والاهل والاصحاب يبادرون بالوصل والكلمات الطيبة يوووه أحس بتكون ليلة عييييد بإذن الله بتجي هالليلة ونفرح ومتأكد وموقن جداً برحمة الله عز وجل وهذه سنة الحياة يوم حلو ويوم لا.	Positive
463	@DoaaIyi هو فيروس سيساوي أخطر من كورونا ههههه	Positive
464	@rahmaomar89 كلنا*.. ده وباء باين 🤣	Positive
465	من كثر أخبار الحرب والموت وفيروس كورونا ،،المذيعه غلطت قالت سنموت بعد الفاصل 😂	Positive
466	@wuio51 لا يكون حصلتي علاج الكورونا بس 😉😂؟	Positive
467	@YoucefZaghba الشعب يخرج يدور نهار كامل،والعشية يروح يشوف نسبة الاصابات من الكورونا حاسبينها انتخابات؟😏😁	Positive
468	#كورونا  أنت تؤجر على البلاء، وتؤجر على الصبر، وتؤجر على المصيبة، وتؤجر على المرض، فلا تحزن ولا تكره شيئاً قد اختاره الله لك ، فأنت بين بشارة، وكفّارة، وطهارة.	Positive
469	احلي حاجه في موضوع الكورونا انه مش هيخلينا نشوف الاشكال دي في صلاه العيد 😂  https://t.co/TVPfpJWybh	Positive
470	*بعض الناس* *يرفض المصافحة* *خايف من كورونا 🤔*  *لكن .........* *تعطيه فلوس 🤔*  *يلحس اصبعه وهو يعدها 😅* *من قلب الحدث* *هههههههههههههههههههههه* #الذباب_الالكتروني	Positive
471	ذماري مغترب بالسعودية اتصل لمرته قلها   هاه وصل عندكم كورونا  قالت لا مع من رسلته  هههههههه	Positive
472	.  خلاص يأجماعهه خلونا ننسي الكورونا ونبدا برسايل رمضان احنا متأخرين بالمنهج 😂😂  .  .  .  .  .  #Stevetfn  https://t.co/Lpge4ahfTW	Positive
473	رغم كل الأخبار السيئة عن فايروس كورونا إلا انه يوجد خبر جيد لمنطقتنا..  حيث أن بعض العلماء يرجّحون أن الفايروس سيختفي مع حلول الصيف لأنه لا يستطيع العيش في الأجواء الحارة.  كما حدث مع فايروس SARS الذي اختفى مع دخول الصيف.	Positive
474	غدًا نحكي فصول الصبرِ والغُمّه  بأن قد زالت البلوىٰ ، وصارت قصّة تُروىٰ  وجاءَ الغيثُ للأمّه .. !   #كورونا_في_الكويت	Positive
475	هالفترة وديك تدخل أصنصير متروس ناس وتعطس فيه  وتقول الله يلعن الساعة اللي رحت فيها الصين  . . 🤣🤣🤣 #كورونا  #الجو_يطلب  #مساء_الخير	Positive
476	@El_Bilade وين ببان فيروس كورونا قدام فيروس عسونا في الجزائر 😂😂	Positive
477	عااااااااجل  لجنة الأطباء في التيار 🍊🍊🍊 كنا بصدد إكتشاف لقاح لل كورونا بس هن ما خلونا 🙈🤣😂 والله يحمي لبنان 🖤🥀🇱🇧	Positive
478	مع اقتراب الشهر الفضيل❤ سيذهب الكورونا ويأتي رمضان بالخير اللهم بلغنا رمضان برحمتك  وعافينا واعفي عنا يا ارحم الراحمين  قولوا يارب واستغفروا .	Positive
479	خلاص ياجماعه خلونا ننسى #الكورونا ونبدا برسايل رمضان احنا متأخرين ب المنهج ..😂👀	Positive
480	أعلم أن ما أصابك لم يكن ليخطئك وما أخطاك لم يكن ليصيبك . #التوكل_على_الله  #فايروس_كورونا #لقاح_كورونا	Positive
481	سيذهب الوباء ومعه البلاء ان شاء الله، وسيأتي #رمضان ومعه الفرج باذن الله،  تفائلوا بالخير تجدوه #كورونا	Positive
482	عندي إحساس داخلي نفس ما جاء هذا الوباء فجأة بقدرة الله وحده وغيّر نمط حياتنا راح يروح فجأة وبقدرة الله وحده بترجع حياتنا نفس أول وأحسن . واثقه جدًا في رحمة الله وكرمه ويارب يكون العيد عيدين 💚..	Positive
483	@SaudiNews50 قلت لجدتي #كورونا وصلت #اليمن . قالت أيش بيستفيدوا منها هي بتوصل ليد المسؤولين السرق وبيقسموها بينهم البين ولا بيحصلوا المواطنين  منها شي 🤣🤣😂😂🤣 قلت ياريت ربي يسمع منك ههههههههههه😂🤣	Positive
484	في #يوم_الصحة_العالمي نتقدم بالشكر للطواقم الطبية ولجميع الطواقم الفنيةلجهودهم المتواصلة والمستمرة والمبذولة في خدمة الكويت لمواجهة فيروس #كورونا   تحية لكم من القلب جميعا انتم فخرنا سائلين المولى أن يبارك في جهودكم ويحفظكم ويحفظ #الكويت وأميرهاوشعبها من كل مكروه   @KuwaitMOHNews  https://t.co/8cuds3IvGm	Positive
485	اكثر حد محترم عندنا #فيروس_كورونا من المدرسه للمسجد ومن المسجد للمدرسه لا يروح مولات ولا مطاعم ولا اعراس ولا رحلات #كورونا_الاردن	Positive
486	كورونا .. الصين .. لا خروج من المنزل ايطاليا .. لا دراسة لا عمل .. السعودية ..  لا حج لا عمره .. السويسريين  .. خالق الرأس قاطعة😅 ..!!	Positive
487	كن على يقين : أن هناك شيء ينتظرك بعد الصبر ليُبهرك ويُنسيك مرارة الألم ، ذاك وعد ربي #كلنا_مسؤول #فيروس_كورونا  https://t.co/0GMluqU2Lv	Positive
488	**ال Gym فتح بس الواحد قلقان يروح == هوا انت كنت بتروح قبل الكورونا  ** لا بس مكنتش قلقان 😂⁦✌️⁩😂	Positive
489	@mr_na7ef هههههههههه جمّد قلبك موسم التقلبات لسه جاي  الله يكفينا واياكم شر الكورونا	Positive
490	@Mhmoudsorour @Aytackanun كورونا وما ادراك ما كرونا  تتوقع اي حاجا  هههههه	Positive
491	اففففف زهقت والله ، الله يلعن الصين و يلعن كورونا بعد 🙂.	Positive
492	بإذن الله 🤲 ستختفي الكمامة😷 وتظهر الابتسامة 😃 #كورونا💔  https://t.co/JdQL5QdCe4	Positive
493	@SaudiNews50 هههههههههه هههههههههه هههههههههه هههههههههه هههههههههه هههههههههه هههههههههه هههههههههه هههههههههه هههههههههه هههههههههه هههههههههه هههههههههه هههههههههه هههههههههه هههههههههه  أنتم على هامش الحياة يا صهاينة العرب و بإذن الله الكورونا راح تدعس على خشم كل قذر مسعود	Positive
494	الشيابات  حقنا مكننونا أنتم عيال النيدو  # الان يا وحووش 🦁 اقنعووو كورونا انكم اصحاب السمن والعسل البلدي                                🤣🤣🤣🤣🤣 ههههههههههه هههههه	Positive
495	ذماري مغترب بالسعودية اتصل لمرته قلها   هاه وصل عندكم كورونا  قالت لا مع من رسلته  هههههههه #هههههههههههههههههههههههههههههههههههههههههههههههههههههههههه  😂👌🌚👌😹	Positive
496	جدتي قلتلها راهي دخلت الكورونا الجزائر 🇩🇿 قاتلي درك يدوها غير صحاب المعريفة ولكتاف احنا مايصحنا والو معهم 😄😄😂😂😂😂😂	Positive
497	#العودة_بعد_كورونا  بإذن الله  ستعود الحياة 🕊  https://t.co/R8SKNmHjk6	Positive
498	#يازين_قعدة_البيت  #كورونا  #الاسره_وكورونا  اللهم خفف عنا ثقل هذه الأيام وإرزقنا قوة الصبر وإشرح صدورنا وأرح قلوبنا اللهم ياصانع المعجزات ويارب المستحيلات أرنا الفرح في كل ما نريد يارب انت اعلم مافي قلوبنا فيسره لنا ربي إرزقنا بما لانعرف كيف نطلبه منك فأنت اعلم بما تحتاجه انفسنا	Positive
499	يقول النبي صلى الله عليه وسلم: {واعلم أن ما أخطاك لم يكن ليصيبك، وما أصابك لم يكن ليخطئك} تم تأكيد إصابتي بفيروس (الكورونا المستجد ) و الحمد لله في السراء ،والصبر على المصائب في الضراء  يا أخوان أي احد خالطني يروح يفحص وأطلبكم الدعاء ولا تحرموني من دعواتكم	Positive
500	#٦_حالات_كورونا_تداهم_النصر  الله يشفيهم . عندنا بدل ٦  ٣٠ لاعب  هههههههه  ياطاقيه#	Positive
501	@alfadli651 انا بعرف شنو قالوا لكم، يعني هل نحن مضاد كورونا مثلاً؟ هل نحن صابون ضد الفيروسات مثلاً؟ أو ارض الكويت ما تتحملنا وقلتوا بتعدمونا ؟، انزين ما فكرتوا بالطلبه اللي فيهم كورونا؟،ما فكرتوا اشلون راح يخالطون بعض و اذا وأحد طلع في احتمال ٧٠٠ حاله من مدرسه وحده امانه مايضحك؟😂😂	Positive
502	@lelean_hamoda9 هههههههه هههههههه هههههههه هههههههه هههههههه هههههههه هههههههه هههههههه هههههههه هههههههه هههههههه  الله يعوض علينا هذا انتي طلعتي مدمنه يلعن ابو كورونا كنتي كويسه وبخير 🤪🤪  الله يرجعك من الحفرة ع خير 😜	Positive
503	سُميت سورة يوسف بأحسن القصص 💞 لأنها تعلمنا أن السجين سيخرج والمريض سيشفى والغائب سيعود والحزين سيفرح والكرب سيزول وأن ابتلاء المؤمن كله خير فمع الله لا يخيب رجاء فلا تيأس وثق بالله .. #كورونا  #سعاد_جابر_مظلومه_وحنا_جمهوره  #حضر_استراحات_العيال	Positive
504	@alsheikhahh الله يلعن كورونا خربت كل شي 😂😂	Positive
505	@AmeraMa04132226 عندو كورونا باين 😂	Positive
506	احسن شي في هالايام تدخل مصعد مترووووووس ناس وتعطس وتقول ويش اللي وداني الصين !! 😂😜	Positive
507	- لكي لا تصاب بالجنون أو الاكتئاب من هذه الأحداث الغريبة المتصاعدة ، حافظ على أورادك و صلواتك و مناجاتك و ثقتك بربك🧡  #كورونا	Positive
508	أكثر واحد شفته محترم بحياتي هو فيروس كورونا، من المدرسة للمسجد ومن المسجد للمدرسة، لا يروح حدائق ولا متنزهات ولا مولات..  😊🙄  #يوم_الجمعه	Positive
509	✨💛روائع الشعر💛✨🌟مالي ارى الناس في رُعبٍ يؤرقهم  من الكورونا كأن الموت قد وصلَ   يا خائفاً من لقاء الموت مرتعداً  هل يمنع الخوف أمر الله إن نزلَ   َالموت كأساًُ وحتماً سوف نشربهُ  لا شك إنا سنرحلُ مثل من رحلَا   فلا تموتوا بداء الخوف وابتسموا  لا ينتهي العمر حتى نَبلُغ الأجلا	Positive
510	@AbaidiAbo @Fahd_Alshelaimi @Ben_ataf @benlaghbar @049wpXANdRW2Ywu @abelquaety @Roza_alsadi @aljabri_salah @Hdar1Al @Twafiq_Muqbil @Ro1z4e @SamarQah @SamiAlyazidi هههههههههه صعبه ياخي  كورونا وممنوع التجمعات ⁦🤦🏻‍♀️⁩😂	Positive
511	تدخل مصعد مترووووس ناس وتعطس فيه   وتقول الله يلعن الساعة اللي رحت فيها الصين 😂😂 #طشرهم	Positive
512	@alshaaagra @Ommaraim4 هههههههههه عادي افصل 😂😂كله من كورونا	Positive
513	@Turki_alalshikh خايف من كورونا ولا ايه هههههههه	Positive
514	كورونا . وما ادراك ما كورونا ههههه  https://t.co/jiJ0CfcYdP	Positive
515	احسن شي هالايام تدخل اصنصير متروس ناس وتعطس فيه وتقول الله يلعن الساعه الي رحت فيها الصين اصدمهم	Positive
516	"🍃  *قالوا كورونا انتشر* قلت كل شئ بقدر☝ *قالوا وباء خطير* *قلت ربي على كل شئ قدير☝* *قالوا أغلقو  المساجد* قلت سأظل لله ساجد☝  *قالوا وماالعمل* قلت كل شئ عنده بأجل☝ *قالوا ومالدواء* قلت عليكم بالدعاء☝ *""  🤲اسئل الله ان يحفطنا من شر* *""الامراض والاوبئه*  🍃🍃"	Positive
517	#جرعة_أمل غداً سيصبح الكورونا من الماضي.. غدًا ستفتح أبواب مكة للمعتمرين والمساجد للمصلين.. غداً سنستقبل رمضان ببهجة وإطمئنان بإذن الله.. غداً ستعود الحياة لطبيعتها..  لا تيأس من رحمة الله 💚	Positive
518	لجنة الاطباء في التيار الوطني الحر: كنا بصدد اكتشاف لقاح للكورونا   بس ما خلّونا 😁 #لا_داعي_للهلع  #Covid_19  #خليك_بالبيت	Positive
519	كن على يقين أن هناك شيء ينتظرك بعد الصبر ليُبهرك ويُنسيك مرارة الألم ، ذاك وعد ربي وبشر الصابرين #فيروس_كورونا	Positive
520	شميت  عطر في محل العطورات            هلت دموعي  والغلا يحتويني  سألني العطار وشبك سلامات            قلت العطر رشيت به لاعيوني 😖       وبس 😀 ارتاحو مافي رومنسيه الدنيا كورونا   😹😅😁💔	Positive
521	= فتحوا الجيم بس الواحد الصراحه قلقان برده يروح - انتي كنتي بتروحي قبل الكورونا ؟ = لا بس مكنتش قلقانة✋✋	Positive
522	قاعد أتخيّل لحظة أنتهاء وباء كورونا يوم المساجد تنوّر ونسمع التكبير والحمد فيها والشوارع والمجمعات والمطاعم ترجع مليانة والناس طالعة والمطارات ترجع من أول ويديد و كلهم برّا مستانسين  شلون بتكون هالليلة عظيمة ومُفرحة وسعيدة جدًا كأنها ليلة العيد ؟ الله يعجل فيها ياارب🤍.	Positive
523	#فيروس_كورونا  #مظاهرات_امريكا  .  غدًا نحكي فصول الصبر، والغُمّة..! بأن قد زالت البلوى، وصارت قصّة تُروى  وجاء الغيثُ للأمّة..! . __ الأمـــــــــــل💙🕊 .  https://t.co/WBzGYEw7Es	Positive
524	@_Mayasah ههههههههههه بل هم أخطر من كورونا	Positive
525	"شيلو اول حرفين من ""كورونا""وحطو بدالهم اول حرفين من اسمكم خلونا نضحك شوي 😂😂"	Positive
526	قلت لجدتي الكورونا وصلت اليمن . قالت أيش ب نستفيد هي بتوصل ليد المسؤولين السرق وبيقسموها بينهم البين ولا بنحصل منها شي 😂😂😂😂 قلت ياريت والله ربي يسمع منك ههههههههههه😂  #كورونا  https://t.co/ckntJdvsFV	Positive
527	شيلوا اول حرفين من اسم كورونا وحطوا اول حرفين من اسمك خل نشوف الابداعات😂😂؟!	Positive
528	الختايرة كانوا يقولوا لنا  انتم ترباية حليب النيدو   هلق اقنعو كورونا انكم اصحاب السمن والعسل 😂😂😂😂😂😂🤣🤣🤣	Positive
529	قريبا ستختفي الكمامة وكل مظاهر الكورونا وتشرق الابتسامة ويتلم المجتمع بعد فراق  اين الواثقين بالله قولو يااااااارب	Positive
530	@yacine_mazen @derradjihafid خاوة خاوة مع كورونا ههههههه وش من حراك خلاص الحراك داروه و كمل صباح لخير	Positive
531	تبقوا ز-كورونا بصلاتكن ما بقى مطولين 😂#كورونا  #لبنان #سنموت_بعد_قليل	Positive
532	@sinyourittta هههههههه اوكي كي تروح كورونا فكريني نجيبلك⁦😁	Positive
533	رغم كل الأخبار السيئة عن فايروس كورونا إلا أني وجدت خبر جيد لمنطقتنا..  حيث أن بعض العلماء يرجّحون أن الفايروس سيختفي مع حلول الصيف لأنه لا يستطيع العيش في الأجواء الحارة.  كما حدث مع فايروس SARS الذي اختفى مع دخول الصيف.  https://t.co/zyZMSQnv6d	Positive
534	قابلت واحد سعودي في الصيدليه وسأل فيه علاج كورونا؟ رد الصيدلي لا..  قال اجل عطنا فياجرا لين الله يفرجها 😂😂😂	Positive
535	سيذهب كورونا وسنستقبل رمضان   مطمئنين باذن الله تعالى  اللهم بلغنا #رمضان لا فاقدين ولا مفقودين  https://t.co/rc5g1WB5wJ	Positive
536	#كورونا  إن حدثوك عن أمرٍ مخيف  حدثهم عن ربٍ لطيف كل حمى ولها زوال  فقد زالت حمى المدينة وكلنا تفاؤل بأن #كورونا ستزول قريباً بأمر الله.	Positive
537	أحسن شي هالأيام تدخل مصعد مترووووس ناس وتعطس فيه   وتقول الله يخس  الساعة اللي رحت فيها الصين 😂😂	Positive
538	#واحد يقول ! قلت لجدتي ماريك في كورونا. لو وصلت لليمن . قالت أيش ب نستفيد  هي بتوصل ليد للاطراف المتصارعه و المسؤولين  السرق وبيقسموها بينهم البين ولا بنحصل منها شي!? 😹 تقولي   قالت. والله  قلت ياريت والله وربي يسمع منكي ياجده  #هي راكنه ان كرونا مساعدات  ههههه😁😎😂  https://t.co/P8AVcooP54	Positive
539	@AJELNEWS24 سيذهب وباء كورونا وسيذهب معه البلاء بإذن الله، وسيأتي على دخول شهر رمضان ومعه الفرج والخير بأمر الله تعالى. .  تفائلوا بالخير تجدوه. الله يحميهم ويحمي مملكتنا الغاليه من كل مكروه. 🇸🇦🇸🇦ونرجع بسلامه لاهلنا يارب وحشتني امي  🇸🇦🇸🇦	Positive
540	قال الله تعالى (وَلَنَبْلُوَنَّكُم بِشَيْءٍ مِّنَ الْخَوْفِ وَالْجُوعِ وَنَقْصٍ مِّنَ الْأَمْوَالِ وَالْأَنفُسِ وَالثَّمَرَاتِ ۗ وَبَشِّرِ الصَّابِرِينَ) #الصبر  هو النجاه.  #كورونا #تكفون_اقعدوا_في_بيوتكم #يوم_الجمعة	Positive
541	وين يبان فيروس كورونا في الصين مع فيروس عسونا في الجزائر 😂😂🐸 لترفيه فقط  https://t.co/qCFIbPBf07	Positive
542	و وضعه في المجتمع VIP ... و الأهم أن كورونا جعل الكثير يعرفون ان المفر إلى الله و الملجأ هو ملك الملوك .  أن الصبر و والحث على التفائل و الطمأنينه عبادة و منهج رسولنا الصادق الأمين.  وأخيرا كورونا وضعنا جميعا في حجمنا الطبيعي تحت رحمة الله ... اللهم عافنا واعفو عنا وارحمنا	Positive
543	راني خايفة يجيبونا لقاح تاع كورونا و ما يكفيناش يزيدولو الماء... بلادي و نعرفها #alger #الجزائر	Positive
544	@AJELNEWS24 سيذهب وباء كورونا وسيذهب معه البلاء بإذن الله، وسيأتي على دخول شهر رمضان ومعه الفرج والخير بأمر الله تعالى. .  تفائلوا بالخير تجدوه. الله يحميهم ويحمي مملكتنا الغاليه من كل مكروه. 🇸🇦🇸🇦ونرجع بسلامه لاهلنا يارب 🇸🇦🇸🇦	Positive
545	@s3eed_alno3imi @LatifAlamer التسلية في زمن الكورونا هههههههه	Positive
546	بإذن الله سيزول #كورونا، وسنستقبل رمضان ونصوم، وسنؤدي نفحات رمضان، ونصلي التراويح، ونصل الأرحام، وبعدها نستقبل العيد وتعود حياتنا كما كانت.  #كوفيد_19	Positive
547	من كثرة أخبار الحرب والقتل وفيروس كورونا   أخطأت .   و   قالت  سنموت بعد الفاصل 😁  https://t.co/G6psJdNh4G	Positive
548	خلاص يا جماعه خلونا ننسى الـ #كورونا  و نبدأ برسايل رمضان .. إحنا متأخرين بالمنهج 😁🤣	Positive
549	"شيلو اول حرفين من ""كورونا""وحطو بدالهم اول حرفين من اسمكم خلونا نضحك شوي😂  - ملرونا😭"	Positive
550	الكورونا في اوروبا و في اسرائيل و الكويت والبحرين وايران و الجزائر  و السعودية وقفت العمرة خالص لكل الدول   و احنا فيه صمت مريب كده ... مش عارفه ده ثقة ولا غباء 😂	Positive
551	عاملين ايه في السويس في الكورونا ؟! جوازات خطوبات ارتباطات كتشيررة أوي ومش خايفين تتعدوا ؟!! هههههههه ما تسمعنا زغروطه 😂😂😂😂😂	Positive
552	@alkaser22222 ههههههههههه ضياع وقت كله من كورونا	Positive
553	@lilxqs__ @r24hf ههههههههههههههههههههههههههههههههههههههههههههههههههههههههههههههههههههههههه الله يلعن كورونا بس	Positive
554	أول مرة في حياتي نشوف صيف وشتاء ورمضان و وباء وحرب ومظاهرات  وحظر تجول مع بعض !😂🤦🏻‍♂️	Positive
555	ايش اكبر استعداد #لكورونا  #اكبر استعداد للوقايه من كورونا :  صرف خمسة رواتب وانا ضامن لكم محد يخرج من بيته شهرين متتاليين! لوما يضبح كورونا ويجلس وحده في الشارع ساع الكلب ويموت من قهررررره  اما حجر منزلي عطوف ونموت جوع حرام مايجلس احد بالبيت قاهي موته  😆 هههههههههه 😂😂😂😂😂	Positive
556	@rabea3_2 ههههههه في زمن الكورونا هكذا افضل	Positive
557	@eltearelmsafer ده مستخبي و خايف من كورونا ههههه	Positive
558	@GheedRuzeiqi @saroon12a @Alyaqeenala الله يلعن كورونا مسوي كل ذا فيهم 😀😀😀	Positive
559	@ZeyadShawky2 كان باين عنده كورونا النهاردة وهو بيلعب😂😂	Positive
560	اللهم اكفنا شر البلاء والوباء والهمنا الصبر فليس لنا قوه ولا حيله ولا حول ولا قوة إلا بك اللهم نسألك اليسر بعد العسر فاحفظنا بعينك التي لا تنام واحفظ بلادنا يارب. #كورونا	Positive
561	@Janaahm30213663 جاله كورونا باين 😂😂	Positive
562	شكرا كورونا  كورونا جعل الكثير يعرفون ان المفر إلي الله و الملجأ هو ملك الملوك أن الصبر و والحث على التفائل و الطمأنينه عبادة و منهج رسولنا الصادق الأمين.  كورونا وضعنا جميعا في حجمنا الطبيعي تحت رحمة الله اللهم عافنا واعفو عنا وارحمنا وابعد عنا هذا البلاء وردنا إليك ردا جميلا3️⃣	Positive
563	"#المسجد_الحرام  بــــــــشـــــــارة   مركز كليفلاند الطبي الأمريكي : "" دواء ريمديسيفير ""  1 - فعال ويسيطر على فيروس كورونا . 2 - ينجح بتقليل مدة الشفاء ل 4 أيام .  قريباً ستعود الحياة جميع الدول تسابق الزمن ❤️"	Positive
564	"""الله يلعن ابو الكورونا اللي قفلت المساجد وحرمتنا من صلاة التراويح ""  محمود .. ٣٥ سنة مش بيصلي غير على النبي لما يشوف بنت حلوه🤣🤣"	Positive
565	لتجنب الإصابة #بفيروس_كورونا عليك بالتالي:  1 تجنب الأماكن المزدحمة مثل #الدوام 2 تجنب المشاوير يلي مالها داعي مثل #الدوام 3 تجنب الأماكن المغلقة مثل #الدوام  😂😂😂  #المستبعدون_والانجلش_يستغيثون٩	Positive
566	جامي شفت واحد متربي ومحترم كيما #فيروس_كورونا 😷   من المدرسة للمسجد ومن المسجد للمدرسة  ما يروح لقهاوي مايروح للمرشيات مايروح متنزهات  متربي الله يبارك 🤭 نعم التربية والعلم والدين 🤗  #كن مثل كوررنا😷	Positive
567	"نَحن دائماً نتقلب في نِعم الله  فتارة يُسرٍ و تارة عسر   وكِلاهما نِعمة   ففي اليُسر يكون الشُكر  ""وسيَجزي الله الشاكِرين""  و في العُسر يكون الصَبر  ""إنما يوفى الصابِرون أجرهُم بِغير حساب"" اللهم لك الحمد كما ينبغي في السرّاء والضرّاء   #كوفيد_19"	Positive
568	@ImmanImman18 ههههههه واه علابالي كورونا مي كي تروح كورونا نعاود نسقسيك و نشوف 😂	Positive
569	@Thekra_06 @F__sh3ry ههههههههههه   الله يستر من توالي كورونا	Positive
570	احسن شي هالايام تدخل اصنصير متروووس ناس وتعطس فيه ،   واتقول الله يلعن الساعة الي رحت فيها الصين 😂😂😂	Positive
571	الحراك و الكورونا خاوا خاوا ا 😂😂😂  #تبون	Positive
572	اللي عجبتني في الكورونا  المسؤولين واعيالهم ما يقدروش يعالجو في الخارج🤣 يا نعيشوا مع بعضنا يا نموتو مع بعضنا ... ✌ صباح الورد⚘⚘	Positive
573	رغم كل الأخبار السيئة عن فايروس كورونا إلا أن وجدوا خبر جيد لمنطقتنا..  حيث أن بعض العلماء يرجّحون أن الفايروس سيختفي مع حلول الصيف لأنه لا يستطيع العيش في الأجواء الحارة.  كما حدث مع فايروس SARS الذي اختفى مع دخول الصيف.  https://t.co/53oe5Ua4ie	Positive
574	"#كورونا  ""غدًا نحكي فصول الصبر، والغُمّة بأن قد زالت البلوى وصارت قصّة تُروى وجاد الغيثُ للأمّة"""	Positive
575	هههههههههههههه هههههههههههههه هههههههههههههه هههههههههههههه هههههههههههههه هههههههههههههه #كورونا_السعوديه  https://t.co/WvcgCpCMwD	Positive
576	سيذهب الوباء ومعه البلاء وسيأتي شهر #رمضان ومعه الفرج بأمر الله تفائلوا بالخير تجدوه   #صباح_الخير  #كورونا  #خليك_في_البيت  https://t.co/ikeimQgpzb	Positive
577	يبالك تدخل مصعد مترووووس ناس وتعطس فيه وتقول الله يصرف الساعة اللي رحت فيها #الصين 😂😂	Positive
578	هههههههههههههههههههه هههههههههههههههههههه هههههههههههههههههههه هههههههههههههههههههه الكورونا وصل البحر	Positive
579	@vivalalgerie7 هههه مع كورونا خاوة خاوة ربي يلطف	Positive
580	"احذفوا أول حرفين من "" كورونا "" وحطو أول حرفين من اسمكم ..  خلونا نضحك شوية   انا طلع ( اسرونا 😎)  وأنتو ؟؟؟"	Positive
581	واحد يقول  قلت لجدتي الكورونا وصلت اليمن قالت أيش ب نستفيد هي بتوصل ليد المسؤولين السرق وبيقسموها بينهم البين ولا بنحصل منها شي   🤣🤣😂😂🤣😹  قلت الله يسمع منك يا جدة  ههههههههههه  🤣 🤣 🤣 🤣	Positive
582	@MoroccoEye متابع بصمت كورونا وما ادراك ما كورونا ههههه	Positive
583	"""قل من ينجيكم من ظلمات البر والبحر تدعونه تضرعا تدعونه تضرعا تدعونه تضرعا وخفية، لئن أنجانا من هذه لنكوننّ من الشاكرين.  قل الله ينجيكم منها ومن ""كل كرب"" ثم أنتم تشركون."" س. الأنعام  ممكن شوي نتأمل ونحس وناخذ الموضوع جد!  ممكن؟ #كورونا #الحظر_الكلي"	Positive
584	روحت اجيب لب من عند راجل محترم كده لاقيته لابس جوانتي قلتلو ليه كده قال طبعا لازم نخاف على غيرنا وراح نافخ في 😂😂القرطاس كورونا رسمى نظمى	Positive
585	قريباً ستختفي الكمامة وستشرق الإبتسامة  #كورونا  https://t.co/WSsBN915jL	Positive
586	@samiakanzari ڤيروس كورونا في لعالم 🌍 الصين:لاخروج من المنزل😔 إيطاليا:لادراسة لا عمل😪 السعودية: لا حج لاعمرة😭 المغرب:لا داعي للقلق😂	Positive
587	@AbdulRa02906434 هههههههههه ابو الهول خايف من كورونا	Positive
588	الله  يلعن كورونا 😀        شوفوا المعلمة          👇  https://t.co/jUj0luIO2L	Positive
589	كورونا غير الاحداث وقلب الموازين   سكران يقول صحيح الدنيا دواره وماتموت  العرب الا متوافيه سالوه ليش قال من أول   كانوا المطاوعة يبلغوا علينا الشرطة لا شافونا سكارى  قالو له والان   قال والان نحنا نبلغ عليهم اذا شفناهم يصلوا جماعة  ههههههههه	Positive
590	#فيروس_كورونا #ساعه_استجابه هذا البلاء بين ايتين من الكتاب الكريم الصبر والتضرع   ((ولقد أرسلنا إلى أمم من قبلك فأخذناهم بالبأساء والضراء لعلهم يتضرعون)) ((ولنبلونكم بشيء من الخوف والجوع ونقص من الأموال والأنفس والثمرات وبشر الصابرين))	Positive
591	#كورونا_الجديد  #مملكتنا_الحبيبة سيذهب الوباء ومعه البلاء بإذن الله ..   وسيأتي رمضان ومعه الفرج بأمر الله ..  تفائلوا بالخير تجدوه .	Positive
592	اكثر واحد محترم شفته بحياتي هو فيروس كورونا من المدرسة للمسجد ومن المسجد  للمدرسة لا يروح حدائق ولا متنزهات ولا  مولات !	Positive
593	احسن شي هالأيام تدخل مصعد متروس ناس   وتعطس فيه وتقول الله يلعن الساعة  اللي رحت فيها الصين 😂😂😂😂   رحمه الله عليك مقدماً 😂💔	Positive
594	أحسن شي هالأيام تدخل مصعد مترووووس ناس وتعطس فيه   وتقول الله يلعن الساعة اللي رحت فيها #الصين 😂😂 #كورونا  #صباح_الخير	Positive
595	سيذهب الوباء ومعه البلاء بإذن الله وسيأتي  الفرج بأمر الله تفائلوا بالخير تجدوه ..  #يارب   #الحظر_الكلي #فيروس_كورونا  #تفاءلوا_بالخير  #متفائلين  #يارب_ارفع_عنا_البلاء    https://t.co/353rsZTTHF	Positive
596	#يارب_ارفع_عنا_البلاء  تحية تقدير واحترام إلى كل العاملين في القطاعات الصحية الذين يواصلون الليل بالنهار .. أطباء وممرضين وفنيين وإداريين ورجال إسعاف ومتطوعين .. هم بحق خط الدفاع الأول في وجه #كورونا .. لا تنسوهم من دعواتكم ودعمهم	Positive
597	@hiba20086 هههههه معقول 😂😂 الله يبعد عنا كورونا	Positive
598	خايف يجيبوا لقاح الكورونا وما يكفينا يقوموا يزيدوه مي و يخضوا العلبة.   عارفين هالحركات 😂😂😂	Positive
599	الكورونا في اوروبا و في اسرائيل و الخليج و الجزائر و السعودية وقفت العمرة خالص لكل الدول  و احنا فيه صمت مريب كده ... مش عارف ده ثقة و لا غباء 😂 #مصر  #كرونا	Positive
600	@Mohamme20467216 هههههههههههه الله يستر من كورونا قصدهم😜🤣😂	Positive
601	مساء الخير!!  علاج فيروس الكورونا: إمضغ حصين من الثوم كل يوم عالريق  👈هذا لا يساعدك في شيء لكن سيبعد عنك الناس مسافة كافيه😁😉😂	Positive
602	#ههههههههه واحد كاتب :  #اكبر استعداد للوقايه من كورونا :  صرف خمسة رواتب وانا ضامن لكم محد يخرج من بيته شهرين متتاليين! لوما يضبح كورونا ويجلس وحده في الشارع ساع الكلب ويموت من قهرررره  اما حجر منزلي ونموت جوع حرام مايجلس احد بالبيت قاهي موته  😆 ههههههههههههههه  😂😂😂😂😂😂  https://t.co/kwzQB1XCxw	Positive
603	نعتذر من الشعب اللبناني ما جبنا الفيروس من فرنسا كرمال  etiquette 🤗والبريستج تبعكن #سنموت_بعد_قليل #كورونا #لا_داعي_للهلع	Positive
604	أين هم الشيبان  الذين كان يقولو عنا انتم أصحاب النيدو الأن ياوحوش اقنعو كورونا انكم أصحاب السمن والعسل 😂	Positive
605	#رمضان #كورونا سيذهب الوباء ومعه البلاء بإذن الله .. وسيأتي رمضان ومعه الفرج بأمر الله ..  تفائلوا بالخير تجدوه .❤  https://t.co/nEo7USfddk	Positive
606	أحسن شي هالايام تدخل لفت مترووس اوادم وتعطس فيه ،وتقول الله يلعن الساعة الي رحت فيها الصين 😂😂😂💔	Positive
607	اين هم الشيوبه الذين كان يقولو علينا انتم اصحاب النيدو.. الان ياوحوش روحوا اقنعو كورونا  انكم اصحاب السمن والعسل البلدي 🤣😂🤣😂🤣😂😂🤣	Positive
608	الشعب كلة صايع برة طول اليوم وبليل يروح يشوف نتايج الكورونا ،فاكرها انتخابات😄	Positive
609	الحمد لله .... اليوم الشوارع والأسواق مكتظة بالناس .. نتمنى من ڤايروس كورونا أن يلتزم بالحجر الصحي .  نحن نراهن على وعي الفيروس ، أما الناس والله مافي فائدة فيهم  .🤦🏻‍♂  هههههههه 😀😀  #منقول_وتساب	Positive
610	غداً ستصبح #الكورونا من الماضي ، كالحصبة والجدري والتيفوئيد واليرقان والطاعون . غداً سيتحسن الاقتصاد ، وتعود البنوك . غداً سيرجع المعتمرين إلى الحرم والزائرين إلى المقامات والمصلين الى المساجد والجوامع والكنائس... • غداً سيكون أجمل بإذن الله..💛  #كورونا  #كورونا_سيزول	Positive
611	#كورونا_في_الكويت  همسة : نَحن دائماً نتقلب في نِعم الله  فتارة يُسرٍ و تارة عسر وكِلاهما نِعمة  ففي اليُسر يكون الشُكر  و في العُسر يكون الصَبر	Positive
612	الجيم فتح بس الواحد قلقان يروح .. انت كنت بتروح قبل الكورونا ؟  لا .. بس مكنتش قلقان 😅😅  https://t.co/JILREdkh7d	Positive
613	خلاص ي جماعة خلونا ننسى الكورونا و نبدأ برسايل رمضان ، احنا متأخرين بالمنهج😂😂🤦‍♂️	Positive
614	@saeid_saeid بعد كورونا ان شاء الله هههههه	Positive
615	اقوي نذاله تقدر تسويها هذي الايام  تدش مصعد ومتروس ناس وتعطس فيه  وتقول الله يلعن الساعه اللي رحت فيها الصين 😜😜😜	Positive
616	#العوده_بعد_كورونا  هل ستعود الحياة كما كانت قبل كورونا ؟  https://t.co/3hEI1sKwm8	Positive
617	"خلاص كملت مع الكورونا  اليوم طلع واحد في مصر يقول  انه ""المهدى المنتظر""...2020 باين انها ماراح تعدي على خير😂😂😂😂😂😂😂  https://t.co/EjFgWkXFLz"	Positive
618	#خربشات هههههههه هههههههه جابها من الاخر #الأردن #كورونا #كورونا_الاردن  https://t.co/LDmNHEjyMk	Positive
619	"كت تويت  شيل اول حرفين من اسم ""كورونا"" و حط اول حرفين من اسمك  خلونا نشوف المضادات 😂😂 انا مررونا 😎"	Positive
620	قال لها عيناكي مثل فيروس كورونا لا يوجد دواء لهما ❤❤🤩😘 رفعت رأسها بخجل و قالت له :  و قلبك مثل مستشفيات الجزائر كل شمبرا فيها عشرة مرضى 💔💔😄🤗😂😂😂😂  https://t.co/xEKk4M4bQu	Positive
621	@assoola22 ههههههههه والله حكمة في زمن الكورونا 😂😂😂	Positive
622	#فيروس_كورونا_المستجد اللهم اكفنا شر البلاء والوباء والهمنا الصبر فليس لنا قوه ولاحيله ولا حول ولا قوة إلا بك اللهم نسألك اليسر بعد العسر فاحفظنا بعينك التي لا تنام واحفظ بلادنا يارب	Positive
623	أحسن شي هالأيام تدخل مصعد متروووووس ناس و تعطس فيه و تقول الله ياخذ الساعه اللي رحت فيها الصين😂	Positive
624	@LARASi19 @SmailAyoube لا بعيد الشر شو كورونا ما كورونا هههههه	Positive
625	@KINGFOR90427935 بعد كورونا بإذن الله نشوف الموضوع ده 🤣	Positive
626	#فيروس_كورونا_المستجد  بإذن الله 🤲 ستختفي الكمامة😷 وتظهر الابتسامة 😃  https://t.co/m4BaU15mP6	Positive
627	،  #أحسن شي هالأيام تدخل أصنصير مترووووس ناس.. وتعطس فيه..    وتقول: اللّٰه يلعن الساعة اللي رحت فيها الصين..  #من_اومه_وايهك تقوله   🤣🤣🤣	Positive
628	"الله يلعن ابو الكورونا اللي قفلت المساجد وحرمتنا من صلاة التراويح ""   محمود .. ٣٥ سنة مش بيصلي غير على النبي لما يشوف بنت حلوه 😂😂  #واتسبيات"	Positive
629	#نصايح_لتفادي_كورونا  إنه الله الذي لا ملجأ ولا منجا منه الا اليه  قُل مَن يُنَجيكُمْ من ظُلُماتِ الْبَرّ وَلْبَحْرِ تَدعُونَهُ تَضَرُّعًا وَخُفيَةً لَئِنْ أنجَنَا مِن هَذه لَنَكُونَن مِنَ الشكِرِينَ* قُلِ اللَّهُ يُنَجيكُم منْهَا وَمِن كلّ كَرْب ثُم أَنتُم تُشْرِكُونَ)	Positive
630	🎃🎃🎃🎃🎃🎃🎃🎃 علاج فيروس الكورونا: هام جدا جدا  إمضغ ثلاث حبات من الثوم يومياً.. وهذا لن  يساعدك في شيء لأن كورونا ماحسب حساب لا للثوم ولا غيره لكنه سيبعد عنك الناس مسافة كافية.😂	Positive
631	@wa__w9 الله يلعن كورونا فرق الاحباب 🤣🤣🤣🤣🤣👊🏻👊🏻👊🏻👊🏻👊🏻	Positive
632	@MonderDZ6 @IPlayAwayI 2 قبل كورونا  2بعد  كورونا هههههههههه😭😭😭	Positive
633	افضل شي هالايام تدخل مصعد مليان ناس وتكح وتعطس وتقول بصوت عالي الله يلعن اليوم اللي رحت فيه الصين 😂	Positive
634	@McCaliph   تقول الكويت قبل كورونا مو الكويت بعد كورونا هههههه هذا وانت مازلت بكورونا الله يستر من بعدها	Positive
635	خايفة يجيبوا لقاح الكورونا وما يكفينا يقوموا يزيدوه مي و يخضوا العلبة.   لبنان وبعرفه 🙂	Positive
636	"#المعزب1.                                                                         ""الله يلعن ابو الكورونا اللي قفلت المساجد وحرمتنا من صلاة التراويح ""  محمود .. ٣٥ سنة مش بيصلي غير على النبي لما يشوف بنت حلوه"	Positive
637	". نعيش دائما بين يسر وعسر وكلاهما نعمة ففي  اليسر يكون الشكر ""وسيجزي الله الشاكرين"" وفي العسر يكون الصبر ""إنما يوفى الصابرون أجرهم بغير حساب""  #كورونا"	Positive
638	هالفترة ودك تدخل أصنصير فيه ناس وتعطس وتقول الله ياخذ الساعة اللي رحت فيها الصين...   😂😂	Positive
639	@alnassar_kw ههههههههههه ههههههههههه ههههههههههه ههههههههههه ههههههههههه ههههههههههه ههههههههههه ههههههههههه ههههههههههه ههههههههههه ههههههههههه ههههههههههه   كورونا عقوبة للصين   ثم   شوفوا لنا حل عند الصين اللي عاقبهم ربي   اكبر عقوبة للاسلام هي ان امثالكم يتكلمون باسمه	Positive
640	قاعد أتخيّل لحظة أنتهاء وباء كورونا يوم المساجد تنوّر ونسمع التكبير والحمد فيها والشوارع  والكفيهات ترجع مليانة والناس طالعة والمطارات ترجع من أول وجديد كلهم برّا مُبتهجين وسعيدين .  شلون بتكون هالليلة عظيمة ومُفرحة وسعيدة جدًا كأنها ليلة العيد ؟ الله يعجل فيها ياارب 🙏🏻♥️♥️	Positive
641	#دراسه_اجريتها  الصينيين اي حيوان قبالهم ياكلونه  الهنود اي حيوان قبالهم يعبدونه  العرب اي حيوان قبالهم ينتخبونه😂  #كورونا_في_الكويت  #كورونا	Positive
642	#يوم_الجمعه قريبا ستصبح الكورونا من الماضي كالحصبة والجدري والطاعون. قريبا سيرجع المعتمرون إلى الحرم والمصلون الى المساجد والجوامع قريبا سيعود الطلاب إلى مدارسهم وجامعاتهم ستزول الغمة عن الأمة.. وسنستقبل رمضان مبتهجين مطمئنين بإذن الله #بشروا_ولا_تنفروا وخذوا بالأسباب..وربكم رحيم  https://t.co/gnKQr0ZaL8	Positive
643	فين الشيبات الاولين  الي كانو يقولو لنا  انتم غير  عيال النيدو الان ياوحش  اقنعو كورونا انكم اصحاب السمن والعسل البلدي  هههههههه لا يرجع يشلكم كلكم هههههههههههههه😂	Positive
644	#بسبب_كورونا  سيزول الوباء ويأتي رمضان و نصوم جميعاً لا فاقدين و لا مفقودين ونحن في صحة وعافية بمشيئة الله رب العالمين🌙✨.	Positive
645	بعض العلماء يرجّحون أن فايروس كورونا سيختفي مع حلول الصيف لأنه لا يستطيع العيش في الأجواء الحارة كما حدث مع فايروس SARS الذي اختفى مع دخول الصيف.  #كورونا	Positive
646	من كثرة اخبار الحرب و القتل و فايروس كورونا أخطأت و قالت سنموت بعد الفاصل ....😳😳  https://t.co/fFB1lRKoBH	Positive
647	لا خوف من انتشار فيروس #كورونا في الجزائر.. #أطباء مختصون يطمئنون.. تابع التفاصيل  https://t.co/hKj8wqDkdY	Positive
648	@hudasmdh @M7aany ههههههه ههههههه ههههههه كورونا يابسه	Positive
649	#كورونا سيذهب الوباء ومعه البلاء         وسياتي رمضان ومعه الفرج         *بأمر الله تعالى...*  *تفائلوا بالخير في كل أحوالكم*   وإن حدثوك عن قادم مخيف     فحدثهم عن رب لطيف..         *فأحسنوا الظن بالله*       *أفضل الذكر* : لا إله إلا الله    *أفضل الدعاء* : الحمد لله	Positive
650	هالأيام مال تدش اصنصير متروس ناس وتعطس فيه وتقول الله يلعن الساعه اللي رحت فيها الصين 😂😂😂😂😂	Positive
651	احلى شي هالايام تدخل اصنصير متروس ناس وتعطس فيه وتقول خرا علي اللي رحت الصين .. اصدمهم😂😂	Positive
652	💢لما تبقي معزوم عند صاحبك وتسمع أمه بتقوله خليهم يدعولنا نخف من الكورونا 🤭 😂  https://t.co/2xfrK1zDXt	Positive
653	قال لها عيناكِ مثل فيروس كورونا لا  دواء لهما .. رفعت رأسها بخجل وقالت له وقلبك مثل مستشفيات الدول العربية كل غرفة  فيها عشرة مرضى ...   مساؤكم سعادة وفرح 🤣🤣🤣	Positive
654	@SAMEHESHAM احلى حب في زمن الكورونا  ههههه 😬😬😬	Positive
655	@slashalabdaly هههههههه اخطر من فيروس كورونا 😂	Positive
656	@Abdoullahhegazy 😂😂 خلينا نشوف الموضوع ده بعد الكورونا بقة	Positive
657	بعض الناس يرفض المصافحه خايف من كورونا..  لاكن تعطيه فلوس يلحس اصبعه وهو يعدها. ههههههه  من قلب الحدث! !!!#	Positive
658	لماذا سميت سورة يوسف بأحسن القصص؟ سميت سورة يوسف بأحسن القصص لأنها تُعَلِّمُنا أن السجين سيخرج والمريض سيُشفى والغائب سيعود والحزين سيفرح والكرب سيزول وأنّ ابتلاء المؤمن كله خير فمع الله لا يخيب رجاء موسى الرضيع لم يغرق وهو في قمة ضعفه وغرق فرعون وهو في قمة جبروته #الكويت_كورونا	Positive
659	و الأهم أن كورونا جعل الكثير يعرفون ان المفر إلي الله و الملجأ هو ملك الملوك .  أن الصبر و والحث على التفائل و الطمأنينه عبادة و منهج رسولنا الصادق الأمين.  وأخيرا كورونا وضعنا جميعا في حجمنا الطبيعي تحت رحمة الله ... اللهم عافنا واعفو عنا وارحمنا وابعد عنا هذا البلاء	Positive
660	اللي عجبتني في الكورونا  المسؤولين والنواب وعيت هلت واعيالهم ما يقدروش يعالجو في الخارج يا نعيشوا عيشه فل  يا نموتو نحناءالكل😂	Positive
661	@shard_200 واحد يقول بعد القعدة في البيت ، كل ما تمر زوجتي من جنبي ، تقول :  *الله يخلصنا ويفكنا من هالبلاوي على خير ، مدري هي تقصد الكورونا و الا تقصدني*  ...!!!!  هههههههههه😥😂😂	Positive
662	#كورونا رغم كل الأخبار السيئة عن فايروس كورونا إلا أني وجدت خبر جيد لمنطقتنا..  حيث أن بعض العلماء يرجّحون أن الفايروس سيختفي مع حلول الصيف لأنه لا يستطيع العيش في الأجواء الحارة.  كما حدث مع فايروس SARS الذي اختفى مع دخول الصيف.  https://t.co/5rFL0knQgx	Positive
663	@Hayatalenezii علشان الوباء يروح 😂🤣	Positive
664	@aaai90_ اي والله الله يلعن كورونا هههههههههههههههههههههههههههههههههههههههههههههههههههههههههههههههههههههههههههههههههههههههههههههههههه	Positive
665	#فيروس_كورونا 🦠 يـ🙏ـارب لي بـ #دعاء في هذي #ليلة_الجمعة فستجب لي يارحمن يارحيم 🤲  #ريح_في_داركم 🏡 #COVID19dz ☣️ #الجزائر 🇩🇿  #وعينا_يحمينا 🗣 #الحجر_الصحي🧘‍♂️#كلنا_مسؤول ✊  #بيتك_حياتك 🚹 #حظر_التجوال_في_الجزائر 🚷	Positive
666	💢خلاص يا جماعة خلونا ننسي الكورونا ونبدأ برسايل رمضان إحنا متأخرين ف المنهج 😂🤭  https://t.co/VcVIz718Bx	Positive
667	دوووكم معلق على كورونا   اذا شفت واحد لابس كمام ٢٠٢١  .      هههههه              هههههههه  ههههههههههه    هههههههههههههه ههههههههههههههههههههههههههه     ههههههههههههههههههههههه         هههههههههههههههههه             ههههههههههههه                هههههههه                   هههه	Positive
668	#العودة_بعد_كورونا  🇺🇸 : سنموت جميعًا 🇮🇹 : لا يمكننا النجاة 🇬🇧 : ودعوا احبابكم 🇸🇦 : وين شحنتي ماوصلت  عايشين رغم الظروف 😂 😂😂	Positive
669	@ahmed_saaleh هههههههه انت اخطر من كورونا 😂	Positive
670	🇺🇸: سنموت جميعاً  🇮🇹: لايمكننا النجاة  🇸🇦: الحمدلله الذي بنعمته تتم الصالحات💍  ههههههههههههههههههههههههههههههههههههههههههههههههههههههههههههههههه  #COVID19 #كورونا	Positive
671	المجتمع  و الأهم أن كورونا جعل الكثير يعرفون ان المفر إلي الله و الملجأ هو ملك الملوك  أن الصبر و والحث على التفائل و الطمأنينه عبادة و منهج رسولنا الصادق الأمين  وأخيرا كورونا وضعنا جميعا في حجمنا الطبيعي تحت رحمة الله  اللهم عافنا واعفو عنا وارحمنا وابعد عنا  البلاء وردنا إليك  https://t.co/dAY2hV34Vp	Positive
672	قريباستصبح الكورونا من الماضي وقريباسيرجع المعتمرون إلى الحرم والمصلون الى المساجدوالجوامع قريباسيعود الطلاب إلى مدارسهم وجامعاتهم وسينتهي العام الدراسي غداسيكون أجمل بإذن الله تمتع بالأمل ولاتيأس من رحمةالله ستزول الغمةعن الأمةوسنستقبًل رمضان مبتهجين مطمئنين ًً اللهم احفظناجميعا	Positive
673	@Anjad_10 هههههههههه الله يكفينا شر الكورونا وفحصها	Positive
674	#تكفون_اقعدوا_في_بيوتكم  جالسة أتخيّل لحظة أنتهاء وباء كورونا😍 يوم المساجد تنوّر ونسمع التكبير والحمد فيها والشوارع  والكوفيات ترجع مليانة والناس طالعة والمطارات ترجع من أول وجديد كلهم برّا مُبتهجين وسعيدين كيف بتكون هالليلة عظيمة ومُفرحة وسعيدة جدًا كأنها ليلة العيد ؟ يارب	Positive
675	خايفة بس يجيبوا لُقاح كورونا وما يكفينا يقوموا يزيدوه مي الاردن وبعرفها 🙂	Positive
676	أطباء يطمئنون الجزائريين: لا خوف من انتشار كورونا الجديد في الجزائر   https://t.co/n9slzkgOoC	Positive
677	@M_FHD1 يا رب عندي إحساس داخلي نفس ما جاء هذا الوباء فجأة بقدرة الله وحده وغيّر نمط حياتنا راح يروح فجأة وبقدرة الله وحده بترجع حياتنا نفس أول وأحسن . واثق جدًا في رحمة الله وكرمه ويارب يكون العيد عيدين 💚.   #منع_التجول	Positive
678	شموخ السلاطين وهيبة الزعماء.. ❤️🇦🇪 #الإمارات #محمد_بن_زايد #لا_تشلون_هم #علاج_كورونا  #كورونا #كوفيد_19  #مركز_أبوظبي_للخلايا_الجذعية  #الامارات_تطور_علاج_كورونا  https://t.co/Nn2bYhxZDk	Positive
679	الله يلعن كورونا الله يلعن الصين يارب تموتو الله ياخذكم 😍	Positive
680	قال لها:  عيناك مثل الكورونا لا يوجد دواء لهما،  رفعت رأسها بخجل ..و قالت:و قلبك مثل مستشفيات اليمن كل غرفة فيها  10 مرضى 😏	Positive
681	خايف يجيبوا لقاح الكورونا و م يكفينا ويروحوا يزيدوه مي الاردن وبعرفها🙂	Positive
682	@afash7777 هههههههههههههههههه 💔 هههههههههههههههههه الله يعين كورونا	Positive
683	#قروب_سيمو_للدعم  اللهم اكفنا شر البلاء  والوباء  والهمنا الصبر  فليس لنا قوه ولاحيله ولا حول ولا قوة إلا بك اللهم نسألك اليسر بعد العسر فاحفظنا بعينك التي لا تنام واحفظ بلادنا يارب العالمين .  #كورونا	Positive
684	#كورونا_الجديد  ستنجلي هذه الغمة بإذن الله وسيرفع الله البلاءوستعود الحياة كما كانت سنفرح جميعا ان شاءالله  ثقوا بالله وأحسنواالظن فيه اللهم 🤲🏻إنك قُلت  فَمَا ظَنُّكُم بِرَبِّ الْعَالَمِينَ وظننا فيك أنك تعفووتغفروترحم وتكشف مانحن فيه فاعف عنّاواغفر لناوارحمنا يا ارحم الراحمين	Positive
685	#الايام_الصعبه #كورونا هذا البلاء لايرفع الا بالدعاء اللهم ياسامع الصوت وياسابق الفوت وياكاسي العظام لحماً بعد الموت ارفع عنا هذا البلاء يارب العالمين مهما كان البلاء فأن الصبر سلاح المسلم قال تعالى {ولنبلونكم بشيء من الخوف والجوع ونقص من الأموال والأنفس والثمرات وبشر الصابرين}	Positive
686	الّلهمّ   أَسعِد قلوبنا بما أنتَ أعْلَمُ بِهِ مِنّا .. اللّهمّ اجْعَل مانُريدُه في حياتِنا قريباً لِناظِرنَا سَعيداً لخواطِرنَا اللّهمّ أسْعدنَا سعادتين  الدّنْيا بِخيرِها والجنّةِ بِفردَوسها  #تصويري #السناب #صباح_الخير #كوفيد_19 #كورونا #السعودية #قهوتنا_مع_العزيزة_غير  https://t.co/G3J2Pt1VAT	Positive
687	@Asmaa_otb ههههههه يمكن قصده خايف من كورونا 🤷🏻‍♀️🤣	Positive
688	وحدة زوجها مزعلها ..  قعدت 3 أيام ما تحط لا ملح ولا سكر بالأكل علشان توهمه إنه فيه كورونا وفاقد حاسة التذوق ..  حتى إبليس ما فكر فيها  .هههههههههههههههههه 🏃‍♂️🏃‍♂️😅	Positive
689	@MhSondss 😂😂😂😂😂😂 ياريت بس الله يلعن كورونا	Positive
690	@videohat_1 الكويت بعد كورونا  غير قبل كورونا هههههههههه	Positive
691	#ههههههههه واحد كاتب :  #اكبر استعداد للوقايه من كورونا :  صرف خمسة رواتب وانا ضامن لكم محد يخرج من بيته شهرين متتاليين! لوما يضبح كورونا ويجلس وحده في الشارع ساع الكلب ويموت من قهررررررررره  اما حجر منزلي عطوف ونموت جوع حرام مايجلس احد بالبيت قاهي موته  😆 ههههههههههههههه  😂	Positive
692	احذف اول حرفين من كورونا وحط اول حرفين من اسمك  - نشوف اسمك الجديد  😂	Positive
693	"@nadaamelyas كلمة""شكرا""قليلة بحق هؤلاء من هم في الخط الامامي لمواجهة كورونا.صحة الاطباء والممرضين لا تقدر بثمن ولا براتب.ولكن انسانيتهم وشجاعتهم طغت على ذلك.اسأل الله لجميع العاملين في القطاع الصحي من اطباء،ممرضين،فرق النظافه والتعقيم خير الجزاء على جهودهم العظيمه.   #دعم_من_في_الحجر_الصحي"	Positive
694	#كورونا الحمدلله بعض العلماء يرجّحون أن الفايروس سيختفي مع حلول الصيف لأنه لا يستطيع العيش في الأجواء الحارة.	Positive
695	احلي حاجه في موضوع الكورونا انه مش هيخلينا نشوف اشكال بنات وولاد زباله  في صلاه العيد 😂😂😂	Positive
696	@nokhetha2020 عروسة في زمن الكورونا هههه  https://t.co/ezOw6mEYED	Positive
697	الشعب كله صايع برة البيت طول اليوم وبليل يروح يشوف نتيجة الكورونا !!  فاكرينها إنتخابات 💔😂😂	Positive
698	"كذا  كملت  اليوم طلع واحد في مصر يقول  انه ""المهدى المنتظر""...2020 باين انها ماراح تعدي على خير😂😂😂😂😂😂😂 #فيروس_كورونا  https://t.co/TLM7ANa3HM"	Positive
699	أحسن شي هالأيام تدخل مصعد مترووووس ناس وتعطس فيه   وتقول الله يلعن الساعة اللي رحت فيها الصين 😂😂مساء  الابتسامه	Positive
700	"#كورونا ١٠١ يعني صرنا بي ""Intro to #corona""  يعني هلق بلشنا واللي كان قبل كان يعرف بي Foreplay! 😅 #سنموت_بعد_قليل #كورونا_لبنان #لا_داعي_للهلع"	Positive
701	تخيل يجيلك كورونا قبل ما تتجوز دي تبقي مأساة ، بعد إذن نهاية العالم يا شباب ملحقتش اتكاثر. دحيح😂❤️	Positive
702	*واحد قال لجدته* الكورونا وصلت اليمن . قالت أيش ب نستفيد هي بتوصل ليد المسؤولين السرق وبيقسموها بينهم البين ولا بنحصل منها شي 🤣🤣😂😂🤣😹 قلت ياريت والله ربي يسمع منك ههههههههههه😁😎😂🤣	Positive
703	تباً أظن أن تغريداتي مصابه بـ فايروس كورونا لـ هذا لا تتفاعلون معها....😏	Positive
704	#اعتقال_فتاه_بسبب_كورونا أنت تؤجر على البلاء، وتؤجر على الصبر، وتؤجر على المصيبة، وتؤجر على المرض، فلا تحزن ولا تكره شيئاً قد اختاره الله لك، فأنت بين بشارة، وكفّارة، وطهارة.  https://t.co/My1HMarQa9	Positive
705	#خربشات انت رهيب  هههههه هههههه #الأردن #كورونا #التطبيع_خيانة #الحكومة_الاردنية	Positive
706	@Magdy_Ahmad_ باين جاله كورونا 😂	Positive
707	سيزول #كورونا وسيذهب معه البلاء  بإذن الله تعالى ..  وسيأتي رمضان ومعه الفرج بأمر الله .. تفائلوا بالخير تجدوه .. #رمضان	Positive
708	عندي إحساس داخلي نفس ما جاء هذا الوباء فجأة بقدرة الله وحده وغيّر نمط حياتنا راح يروح فجأة وبقدرة الله وحده بترجع حياتنا نفس أول وأحسن . واثق جدًا في رحمة الله وكرمه ويارب يكون العيد عيدين 💚.   #منع_التجول	Positive
709	جامي شفت واحد متربي ومحترم كيما فيروس كورونا😷😏  من المدرسة للمسجد ومن  المسجد للمدرسة ما يروح لقهاوي مايروح للمرشيات مايروح متنزهات متربي الله يبارك نعم التربية والعلم والدين  كونوا مثل كوررنا😷😒😏	Positive
710	- عاملين ايه ف بلدكم اللي مليانة كورونا دي ؟ = جوازات .. خطوبات .. ارتباطات .. كتشييييييييير اوي - ومش خايفين تتعدوا ؟ = هههه !!!! ما تسمعونا زغروطة.  https://t.co/VIql9E4e5a	Positive
711	الشيبات  حقنا مكننونا انتم عيال النيدوا  # الان يا وحووش اقنعووو كورونا انكم اصحاب السمن والعسل البلدي                                  🤣🤣🤣🤣🤣	Positive
712	@Hamsa71781998 بعد الكورونا نشوف الموضوع دا ان شاء الله 😂	Positive
713	بعد تفشي كورونا.. ردت الشعوب في العالم 🇺🇸 : سنموت جميعًا 🇮🇹 : لا يمكننا النجاة 🇬🇧 : ودعوا احبابكم 🇸🇦 : وين شحنتي ماوصلت  عايشين رغم الظروف 😁😁 #كورونا #السعودية	Positive
714	الشعب كل صايع بره طول اليوم وبليل يروح يشوف نتائج الكورونا فاكرها انتخابات 😂😂	Positive
715	2-وأربع حالات لأشخاص يحملوا الجنسية الباكستانية وحالة لشخص يحمل الجنسية الألمانية، ولله الحمد فقد أكدت الفحوصات المختبرية التي اجريت في المركز الوطني لمختبرات الصحة العامة بعدن خلوهم جميعًا من فيروس كورونا وبهذا تعد بلادنا حتى هذه	Positive
716	و الأهم أن كورونا جعل الكثير يعرفون ان المفر إلي الله و الملجأ هو ملك الملوك    أن الصبر والحث على التفائل و الطمأنينه عبادة و منهج رسولنا الصادق الأمين صلى الله عليه وسلم   وأخيرا كورونا وضعنا جميعا في حجمنا الطبيعي تحت رحمة الله تعالى   اللهم عافنا واعفو عنا وارحمنا	Positive
717	قلت لجدتي كورونا وصلت عندنا قالت أيش بيستفيدوا منها هي بتوصل ليد المسؤولين السرق وبيقسموها بينهم البين ولا بيحصلوا المواطنين  منها شي 😭🤣🤣😂😂  قلت ربي يسمع منك 😭😭😂	Positive
718	مسطول  قالو ليهو رايك في وباء الكورونا شنو؟ قال والله ذي جوائز سوداني وMTN  نسمع بالفائزين وماحصل شفناهم 😂😂	Positive
719	هالايام ودك تدخل مصعد مترووووس ناس وتعطس فيه وتقول الله يلعن الساعة اللي رحت فيها الصين	Positive
720	الجزائر ستكون البلدالثاني الي يتغلب على الكورونا بعد الصين ، لأننا نحترم الحجر الصحي، هكذا سمعت واحد يهدر في لشان تاع الزلابية 😅 🦠 #فيروس_كورونا #COVID19 #Algeria #الجزائر #كورونا	Positive
721	هكذا تعقمون هواتفكم لتجنب كورونا  #كورونا #الهواتف_الذكية       https://t.co/04Zyu1CbQW  https://t.co/Sgqp9dKXlN	Positive
722	احسن إشي هالأيام تدخل مصعد هيك مليااان ناس وتعطس فيه، بعدين تحكي الله يلعن الساعة اللي رحت فيها الصين😂😂	Positive
723	خايفة يجيبوا لقاح الكورونا وما يكفينا يقوموا يزيدوه مي و يخضوا العلبة زي ما بنعمل بالشامبو شعبنا وبعرفه 😂😂	Positive
724	#نجران_الان  وحدة زوجها مزعلها ..  قعدت 3 أيام ما تحط لا ملح ولا سكر بالأكل علشان توهمه إنه فيه كورونا وفاقد حاسة التذوق ..  حتى إبليس ما فكر فيها  .هههههههههههههههههه هههههههههه مجنونات    كيد النساء  وتجي تكتب  الوفاء من طبعي 🤣🤣🤣🤣🤣🤣🤣🤣	Positive
725	بعض الناس يرفض المصافحة خايف من كورونا لكن تعطيه فلوس  يلحس أصابعه وهو يعدها  هههههههههههه😂😂😂🤪✌	Positive
726	⭕عاجل..  الحشيش يقضي على فايروس كورونا .. أثبت الدكتور يوسف_ابو_حنا أن سيجارتين حشيش في اليوم تمنع فايروس كورونا من التمكن من أداء وظيفته في الرئتين.. 🙈😂🙈😂 #مكدبتش_الام_لما_قالت	Positive
727	( قل الله ينجيكم منها ومن كل كرب ثم أنتم تشكرون )   #حظر_التجول  #كوفيد_19	Positive
728	لما تبقة معزوم عند صاحبك وتسمع امة بتقولك  خليهم يدعولنا ويعملوا باكلتهم  نخف من الكورونا😂😂😂😂😂😂😂😂  https://t.co/7gVcmuqpyF	Positive
729	المريض سيشفى و الغائب سيعود  والحزين سيفرح و الكرب سيرفع  والغمة ستنقشع وكورونا سيذهب والليل الطويل سينجلي    فوعد الله حق  (إن مع العسر يسرا، إن مع العُسْر يسراً) #فيروس_كورونا	Positive
730	@ahmed_albahery هو النت باين جاله كورونا	Positive
731	أنواع الأهل لما ابنهم الدكتور يروح عالبيت :  🇱🇷:welcome our doctor 🇸🇦: ياهلا بالحكــيم 🇯🇴: والله ماحدا بجيبلنا الكورونا غيرك،، روح غسل رووح 😂😂😂😂😂😂😂	Positive
732	مسطول قالو لي رأيك شنو  في وباء كورونا؟؟  قال والله ذي جوائز  زين وأريبا وسوداني بنسمع بالفائزين وم بنشوفهم 😹😹😹💔	Positive
733	قال تعالى (وَلَنَبْلُوَنَّكُم بِشَيْءٍ مِّنَ الْخَوْفِ وَالْجُوعِ وَنَقْصٍ مِّنَ الْأَمْوَالِ وَالْأَنفُسِ وَالثَّمَرَاتِ ۗ وَبَشِّرِ الصَّابِرِينَ ) الصبر هو مفتاح الفرج فمن رضاء فله الرضا ومن سخط فله السخط #كورونا	Positive
734	@Mourad_BV @kingag2020 @adnane_oran ههههه.. مشي تأمنو بالحرية.. الحراك كورونا خاوة خاوة هههههههههه	Positive
735	من كثرة أخبار الهلع والخوف حول كورونا! أخطأت المذيعة وقالت: سنموت بعد الفاصل!  😂😂😂😂	Positive
736	تخيل تبقب شخص موسوس اصلا و يجي حوار الكورونا ده يكمل عليك!😃	Positive
737	هكذا تعقمون هواتفكم لتجنب فيروس كورونا   https://t.co/6q5OdCqxKK  #السوسنة #اخبار #تكنولوجيا  https://t.co/vEwBPfagtn	Positive
738	قريبا ستختفي الكمامة و تشرق الإبتسامة  #كورونا  #المغرب_العربي	Positive
739	@_M_ll_ هههههههه الله يزينها من خاف سلم الله يبعد عنا وعنكم هذا الوباء والبلاء ياارحم الراحمين واصرف عنا كورونا	Positive
740	@khaledtorki @fnisaan_a @3bdarra7man @alrougui ههههههههههه تنظير في زمن الكورونا	Positive
741	غدا سنرمي الكمامات والقفازات،  غدا سنحيي الأطباء ورجال الأمن وكل من ساهم في الازمه ،  غدا ستمتلئ المساجد بالمصلين ،  غدا سوف نقف غدا سوف نضحك ، غدا ستعود الحياة ،  غدا سيكون كورونا كابوسا انتهى ،  وتاريخا مضى ،، غدا اجمل بإذن الله  #الخير_مقبل	Positive
742	اللهم اكفنا شر البلاءالوباء والهمنا الصبر فليس لنا قوه ولاحيله ولا حول ولا قوة إلا بك اللهم نسألك اليسر بعد العسر فاحفظنا بعينك التي لا تنام واحفظ بلادنا يارب.  ، #كورونا_في_الكويت	Positive
743	🔴 نصائح مهمة لتجنّب فيروس كورونا 👇👇  https://t.co/CkKjGkraod	Positive
744	الكورونا في اوروبا و في اسرائيل و الخليج و الجزائر و السعودية وقفت العمرة خالص لكل الدول   و احنا فيه صمت مريب كده ... مش عارف ده ثقة و لا غباء 😂 #فيروس_كورونا	Positive
745	وأربع حالات   يحملون الجنسية الباكستانية وحالة  يحمل الجنسية الألمانية،  ولله الحمد فقد أكدت الفحوصات المختبرية التي اجريت في المركز الوطني لمختبرات الصحة العامة بعدن خلوهم جميعًا  من فيروس كورونا وبهذا تعد بلادنا حتى هذه اللحظة خالية من اي إصابة.  د. علي الوليدي وكيل وزارة الصحه	Positive
746	الشعب كله بيبقي برة طول اليوم صايع فى الشوارع  وبالليل يروح يشوف نتايج الكورونا ايه !! فاكرها انتخابات  😂😂😂	Positive
747	@Twaqeee3 @truthfinder_a @506_MBS @Nahar_100 ستذهب كورونا ويرفع الحجر .. سيزول الخوف والقلق وتفتح ابواب البيت الحرام وتعج اركانه بأصوات الملبين والمعتمرين   سترفع أصوات المأذن بصوت التراويح والدعاء سيأتي رمضان بخير  ...  فقط ثقوا بالله  قولوا يارب واستغفروا (وماكان الله معذبهم وهم يستغفرون	Positive
748	أكثر واحد شفته محترم بحياتي هو فيروس كورونا، من المدرسة للمسجد ومن المسجد للمدرسة، لا يروح حدائق ولا متنزهات ولا مولات.. 😊  #تأجيل_الأقساط #وزاره_التربيه #التعليم_عن_بعد	Positive
749	أحسن شي هالأيام تدخل مصعد مترووووس ناس وتعطس فيه   وتقول  ايش اللي وداني الصين 😂😂 #مسقط	Positive
750	#فايروس_كورونا #صباح_الخير  #الأحد   سيزول الوباء ويأتي رمضان و نصوم جميعاً لا فاقدين و لا مفقودين ونحن في صحة وعافية بمشيئة الله رب العالمين🌙✨.	Positive
751	أحسن شي هالأيام تدخل مصعد مترووووس ناس وتعطس فيه   وتقول الله يلعن الساعة اللي رحت فيها الصين 😂😂  تصبحون علي خير😴	Positive
752	@SaudiMOH الصبر والحث على التفائل و الطمأنينه عبادة و منهج رسولنا الصادق الأمين صلى الله عليه وسلم  كورونا وضعنا جميعا في حجمنا الطبيعي تحت رحمة الله تعالى  اللهم عافنا واعفو عنا وارحمنا وابعد عنا هذا البلاء  اللهم وردنا إليك رداََ جميلاََ.	Positive
753	@rfrm9 صار تيس ههههه كله من الكورونا	Positive
754	#خربشات شو جلالة الشبول... صار يخلط مي وزيت الأدمن هههههههه #الأردن #كورونا #الحكومة_الاردنية #انا_الشعب  https://t.co/T6ro4o3OWO	Positive
755	هيا وين هم  الشيبات ذي قالو إن احنا اصحاب النيدو الان ياوحش اقنعوا كورونا انكم اصحاب العسل والسمن البلدي😂😂	Positive
756	حياة المؤمن دائماً بين أمـريـن :   ( يسر ) و ( عسر ) ..  وكلاهما نعمة ؛  ففي اليـسر يكون الشكر ،،  وفي العـسر يكون الصبر …  #كورونا	Positive
757	@Laila20685063 ههههه ههههه ههههه ههههه ههههه دا حتا البغل دة خايف من كورونا	Positive
758	اول مره ف حياتي نشوف صيف و شتاء و رمضان و وباء وحربو حظر تجول مع بعض 😂😂💔	Positive
759	"سيختفي كورونا وتفتح المدارس ويعود يصدح الاذان ب "" #حي_على_الصلاة "" وياتي رمضان بخير قولوا ياارب واستغفروا اللهم فرج قريب❤️"	Positive
760	@RTarabic هههههههههههههههههههه هههههههههههههههههههه هههههههههههههههههههه هههههههههههههههههههه هههههههههههههههههههه هههههههههههههههههههه هههههههههههههههههههه هههههههههههههههههههه أنا ولدك يابابا،، الملا كورونا ماملى عينكم	Positive
761	و الأهم أن كورونا جعل الكثير يعرفون ان المفر إلي الله و الملجأ هو ملك الملوك أن الصبر و والحث على التفائل و الطمأنينه عبادة و منهج رسولنا الصادق الأمين وأخيرا كورونا وضعنا جميعا في حجمنا الطبيعي تحت رحمة الله اللهم عافنا واعفو عنا وارحمنا وابعد عنا هذا البلاء وردنا إليك ردا جميلا	Positive
762	ًقريبا ستصبح الكورونا من الماضي كالحصبة والجدري.. وقريبا سيرجع المعتمرون إلى الحرم..والمصلون الى المساجد والجوامع.. غداً سيكون أجمل بإذن الله.. تمتع بالأمل ولا تيأس من رحمة الله،  ستزول الغمة عن الأمة،وسنستقبل رمضان مبتهجين مطمئنين بإذن الله ذلك نهج الأنبياء:  بشروا ولاتنفروا.	Positive
763	أحسن شي هالأيام تدخل مصعد مترووووس ناس وتعطس فيه   وتقول الله يلعن الساعة اللي رحت فيها الصين 😂😂 صباح الخير	Positive
764	سيرحل #كورونا وسيبقى المؤمنون بربهم والمصدقين لوعد نبيهم بان الله هو الضار النافع وانه على كل شئ قدير وان ما اصابك لم يكن ليخطأك وما أخطأك لم يكن ليصيبك وان مع العسر يسر  وان الفرج مع الصبر وان كل بلاء يقع ليكفر الذنوب ويرفع الله به الدرجات فتوبوا واستغفروا	Positive
765	علاج #الكورونا   🧄🧄🧄كل يوم الصبح الواحد يقرط تلات سنان ثوم ،، ومع انو الثوم ما الو علاقة بالكورونا بس هيك بتضمن لا حدا يقرب عليك و لا حدا يبوسك ...🥰	Positive
766	@wh0o0hw @AbuAseel32 الله يستر لايكون كورونا ههههههههه	Positive
767	هالفترة ودك تدخل اصنصير متروس ناس وتعطس فيه  وتقول الله يلعن الساعه الي رحت فيها الصين 😂😂	Positive
768	بدنا نحارب غلاء الاسعار.. بدنا نحارب تفلت الدولار.. بدنا نحارب كورونا.. بدنا نرجّع البلد خالية من كلشي بشع..!! 🙄  خلونا نتشارك بهالمبادرة الحلوة 🙏🤩 اليوم الساعة 12 بالليل الكل بيوقف عالبرندات وبينط لتحت..!! 🤭🤭🤭	Positive
769	@A3LfCMIZHBesgmC دا وباء وانتشر باين 😂	Positive
770	احلى حاجه فـ موضوع الكورونا دا انه مش هيخلينا نشوف الاشكال دي فـ صلاه العيد 😂😂😂  https://t.co/n0BUBM07MI	Positive
771	"بششششششارة ،،،  مركز كليفلاند الطبي الأمريكي : "" دواء ريمديسيفير ""  1 - فعال ويسيطر على فيروس كورونا . 2 - ينجح بتقليل مدة الشفاء ل 4 أيام .  قريباً ستعود الحياة جميع الدول تسابق الزمن ❤️❤️  #عهود_العتيبي2"	Positive
772	"""  احذف اول حرفين من #كورونا  وحط اول حرفين 😂  من #اسمك تعالوا نضحك😂 هههه انا محونا"	Positive
773	لا ما هو انا مبقاش باكل حواوشي ب ٥ جنيه و تقولي حاسب فيه ڤيروس هيموتك 😂😂 #كورونا_في_مصر  https://t.co/HNkQ2z154S	Positive
774	@saeed_151515 يقولون يابو علي كورونا بلعت كورونا ههههههههههه ههههههههههه ههههههههههه ههههههههههههه ههههههههههه ههههههههههههه ههههههههههه	Positive
775	احسن شي هالأيام تدخل مصعد متروووس ناس و تعطس فيه وتقول الله يلعن الساعة اللي رحت فيها الصين😂😂	Positive
776	@RuaOlimat هههههههههههههه نخلص من كورونا الاول 😅😂	Positive
777	🇺🇸 : سنموت جميعًا 🇮🇹 : لا يمكننا النجاة 🇬🇧 : ودعوا احبابكم 🇸🇦 : وين شحننننتتي 🤣🤣🤣🤣🤣 #العودة_بعد_كورونا	Positive
778	{ انما يوفى الصابرون اجرهم بغير حساب } الصبر بإذن الله يزيل البلاء #كورونا	Positive
779	@AboFlah_1 خايف من كورونا هههههه 🤣🤣🤣  https://t.co/kw8KK7vrIq	Positive
780	@sherifemam56 النت جاله كورونا باين😂😂🤦🏻‍♀️	Positive
781	سيذهب كورونا وتفتح المدارس والجامعات ويأتي رمضان بخير قولوا ياارب واستغفرو.....	Positive
782	أن الصبر و والحث على التفائل و الطمأنينه عبادة و منهج رسولنا الصادق الأمين.  وأخيرا كورونا وضعنا جميعا في حجمنا الطبيعي تحت رحمة الله ... اللهم عافنا واعفو عنا وارحمنا وابعد عنا هذا البلاء وردنا إليك ردا جميلا. (انتهى)	Positive
783	كن على يقين أن هناك شيء ينتظرك بعد الصبر ، ليبهرك وينسيك مرارة الألم ..   ذلك وعد ربي وبشر الصابرين ..  #جمعةمباركة #عمان_تواجه_كورونا  https://t.co/OAjFVA0Dc0	Positive
784	من كتر اخبار الحرب والقتل وفيروس كورونا  أخطأت وقالت  :  سنموت بعد الفاصل  😂😂😂😂😂😂😂  https://t.co/NXzidX7liA	Positive
785	بدنا نحارب غلا الأسعار  بدنا نحارب الكورونا بدنا نحارب الفساد والفاسدين بدنا نرجع  البلد خالية من كلشي بشع  خلونا اليوم  كلنا نشارك بهالمبادرة الحلوة 😌 الساعة 12 باليل  الكل يوقف عالبلكون  و ينط لتحت 💃💃😂😂🙈 بس هيك مش اكتر 😂🖤🥀🇱🇧	Positive
786	سواق اسعاف يقول: رحنا لعائلة ناخذ ولدهم المصاب بفيروس #كورونا!  يقول: جهزنا جميع الاجراءات، ورحنا لهم، ولما وصلنا بيت المصاب، دقينا الجرس وطلعت لنا الأم، قلنا لها: وين ولدك المصاب؟  قالت: ( راح يجيب خبز )!! تفضلوا استريحوا الين يجي  &gt  هالسالفة وصلتني، صدق والا استهبال؟ 😂 #منقول	Positive
787	"#عمان_تواجه_كورونا ستنجلي هذه الغمة بإذن الله وسيرفع الله البلاء وستعود الحياة كما كانت سنفرح جميعا ان شاء الله ثقوا بالله وأحسنوا الظن فيه  اللهم إنك قُلت""فَمَا ظَنُّكُم بِرَبِّ الْعَالَمِينَ"" وظننا فيك أنك تعفو، وتغفر، وترحم وتكشف مانحن فيه، فاعف عنّا، واغفر لنا، وارحمنا.  https://t.co/kn8cm8FdQ8"	Positive
788	غدا ستعود الحياة اجمل مما كانت.♥️ #الحظر_الشامل  #كورونا  https://t.co/5ED5Mt8gT6	Positive
789	لوكان فيروس الكورونا بدايته عندنا  كان شكله بيموت مليون يمني ولا احنا عارفين ما السبب   وجالسين نقول يمكن التهابات يمكن (عين) يمكن (سحر)😆 هههههههههههههههههههههه 😂😂😂😂😂😂	Positive
790	"-سيختفي كورونا وتفتح المدارس ويعود يصدح الاذان ب""حي على الصلاة ""وياتي رمضان بخير قولوا يارب واستغفروا اللهم فرج قريب .."	Positive
791	إلى كل عمّال قطاع الصحة🏥 الذين يعملون ليلا ونهارا 🏪.. أطباء ،ممرضين ،فنيين ،إداريين ،رجال إسعاف ومتطوعين .. هم فعلاً خط الدفاع الأول في وجه #كورونا 😷.. لا تنسوهم من دعواتكم🤲…  https://t.co/JntzIagpjO	Positive
792	🇺🇸 : سنموت جميعًا 🇮🇹 : لا يمكننا النجاة 🇬🇧 : ودعوا احبابكم 🇸🇦 : وين شحننننتتي  عايشين رغم الظروف ههههههههههههههههههههههههههههههههههههههههههههههههههههههههههههههههههههههههههههههههههههههه  #العوده_بعد_كورونا	Positive
793	"كن على يقين:  أن هناك شيء ينتظرك بعد الصبر ليُبهرك ويُنسيك مرارة الألم وضجر الانتظار ،   ذاك وعد ربي .. 🙏🏻 ""وبشر الصابرين ""  #الحجر_المنزلي  #خليك_في_البيت  #فيروس_كورونا"	Positive
794	من كثرة جرائم الحرب والقتل وفيروس كورونا أخطأت وقالت سنموت بعد الفاصل 😁😁 اللعنة تبا😂  https://t.co/uAqvCbYMHE	Positive
795	بعيداً عن موضوع كورونا  خلونا نفكر بشي ثاني 😂  قياس سريع للقدرات العقلية من    ١    إلى   ٦٩   ضعيف من   ٧٠   إلى   ٨٤   عادي من   ٨٥   إلى  ١١٤  ذكي من  ١١٥  إلى  ١٣٠  عبقري  جرب  لتكتشف ذكائك؟  و لنا النتيجه 🎶🌹  ⁦ https://t.co/mfHLTkSBFW⁩	Positive
796	"#كورونا ستنجلي هذه الغمة بإذن الله وسيرفع الله البلاء وستعود الحياة كما كانت سنفرح جميعا ان شاء الله ثقوا بالله وأحسنوا الظن فيه اللهم إنك قُلت""فَمَا ظَنُّكُم بِرَبِّ الْعَالَمِينَ"" وظننا فيك أنك تعفو، وتغفر وترحم وتكشف مانحن فيه، فاعف عنّا، واغفر لنا، وارحمنا ياارحم الراحمين"	Positive
797	@Mohdalmulla67 يافعي اتصل ويسأل زوجته للبلاد :  قال : شي وصل عندكم كورونا؟ قالت: لا مع من كديته؟  هههههههههه 😂😂 🤣🤣🤣🤣	Positive
798	أكثر واحد شفته محترم بحياتي هو فيروس كورونا من المدرسه للمسجد ومن المسجد للمدرسه لا يروح حدائق ولا متنزهات  ولا نوادي ليلية ولا قهاوي يعني متربي عالعلم والدين وبعيد كل البعد عن المنكرات ونعم التربية والاخلاق ليك يا فايروس😅😅	Positive
799	يارجال قابلت واحد في الصيدلية قال فيه علاج كورونا رد الصيدلي لا  قال اجل عطنا فياجرا لين الله يفرجها من عنده 😂😂😂	Positive
800	الكورونا في اوروبا و في اسرائيل و الخليج و الجزائر  و السعودية وقفت العمرة خالص لكل الدول   و احنا فيه صمت مريب كده ... مش عارفه ده ثقة و لا غباء 😂	Positive
801	"شيلو اول حرفين من كلمة ""كورونا""  وحطوا اول حرفين من اسمكم  خلونا نضحك شوي 😂  #شاركوني"	Positive
802	هالفترة ودّك تدخل اصنصير متروس ناس وتعطس فيه وتقول الله يلعن الساعه اللي رحت فيها الصين 😂😂	Positive
803	"تبـا""... أظن أن منشوراتي  مصابة بـ فيروس كورونا لـ هذا لا تتفاعلون معها 😏😏"	Positive
804	جامي شفت واحد متربي ومحترم كيما فيروس كورونا😷  من المدرسة للمسجد ومن  المسجد للمدرسة ما يروح لقهاوي مايروح للمرشيات مايروح متنزهات مايروح لتجمعات الاحزاب.    متربي الله يبارك نعم التربية والعلم والدين  #كن مثل كوررنا😷🇩🇿	Positive
805	@Nabaa73658641 هههههه .. الجنس في زمن الكورونا	Positive
806	@nor33105221 هههههههههههههههه   الله يستر من الوضع بعد كورونا	Positive
807	احسن شي هالايام  تدخل مصعد متروس ناس وتعطس فيه و تقولالله يلعن الساعة اللي رحت فيها الصين 😂	Positive
808	@q8tya84 الله يلعن كورونا 😭😭😭 كنت ضعيف	Positive
809	نحن طلاب الصف السادس الاعدادي في العراقي ظلمنا ونحن نمر في ازمه جائحه كورونا اللعينه طالبنا الجهات المعنيه ولم يستجيب لنا احد نرجو كل من يملك الحق التدخل مطلبنا المعدل التراكمي الاختياري الوزاري للسنوات السابقه حققولنه مطلبنا   #التراكمي_الوزاري_من_الكاظمي ياااارب 🇮🇶🤟✌️💪😍	Positive
810	الشيبان كانوا يقولوا لنا  انتم اصحاب النيدو 🌚  هيا اقنعو كورونا انكم اصحاب السمن والعسل 😁  😂😂😂😂😂😂🤣🤣🤣	Positive
811	جامي شفت واحد متربي ومحترم كيما فيروس كورونا😷😏  من المدرسة للمسجد ومن  المسجد للمدرسة ما يروح لقهاوي مايروح للمرشيات مايروح متنزهات متربي الله يبارك نعم التربية والعلم والدين  كونوا مثل كورونا 🙂	Positive
812	بتروح لك مشوار   قلتلها يا ريت قالت لكن أوعا تروح حواليك كورونا كتير قلتلها بطلت خليني بالبيت 🙏😂	Positive
813	خايف يجيبوا لقاح الكورونا وما يكفينا يقوموا يزيدوه مي و يخضوا العلبة.   فلسطين وبعرفها 🙂✌️	Positive
814	@YBelhaissi حنا عاد بدات عندنا كورونا 😂	Positive
815	غداً بداية مباشرة المعلمين والمعلمات والاداريين عملهم في المدارس. نسأل الله لهم التوفيق والسداد ،وأن يحفظهم من فيروس كورونا.. أيها الرائعون والرائعات ثقوا تماماً أن المجتمع مقدر ومثمن تضحياتكم وتفانيكم في سبيل تأدية رسالتكم التربوية العظيمة. فلكم منا كل المحبة والأجلال والتقدير.  https://t.co/bzzrMJ6ypL	Positive
816	علاج ڤايروس الكورونا  كل يوم الصبح الواحد يقرط ثلات حبات ثوم ، ومع إنو الثوم ما إلو علاقة بڤايروس الكورونا بس هيك بتضمن لا حدا يقرب عليك ولا حدا يبوسك . 😊 👌 😁 😳 😂	Positive
817	الحشيشة تقضي على فايروس #كورونا .. أثبت الدكتور #يوسف_أبو_حنا أن سيجارتين حشيش في اليوم تمنع فايروس #كورونا من التمكن من أداء وظيفته في الرئتين 😂 عاوز ايه تاني ي #حكومه_الحشيش هيبقا علني بعد كدا😂😂😂  https://t.co/CVWdPkZCeS	Positive
818	قلت لجدتي الكورونا وصلت اليمن . قالت أيش بانستفيد هي عتوصل لايد المسؤولين السرق  ويقسموها بينهم البين ولا عيدو للناس شي 🤣🤣😂😂🤣😹 قلت ياريت والله ربي يسمع منك يهنا في قلوبهم😁😎😂🤣	Positive
819	الصين:لا خروج من المنزل  ايطاليا :لا دراسة لا عمل  السعودية : لا حج لا عمرة  الشيعه  : لاداعي للقلق🙆😂#كورونا_الصين #يوم_المراه_العالمي #القطيف #coronavirus #كورونا_العراق	Positive
820	@liza6820 اه جدا عنده كورونا باين😂	Positive
821	@abdulaziz_1963 @nasser57303 @shihabart ههههههههههه اخطر من كورونا	Positive
822	أحسن شي هالأيام تدخل مصعد مترووووس ناس وتعطس فيه   وتقول الله يلعن الساعة اللي رحت فيها الصين 😂😂  #يحدث_الان https://t.co/4bqpJOdtsx	Positive
823	@zahratalnrjes88 😳😳😰😰😰😨😨😨الله يلعن الكورونا ويومها 🤭  https://t.co/r9fQwyrYgr	Positive
824	"كونو علي يقين: ان هناك شئ ينتظرنا بعد الصبر  ليبهرنا وينسينا  مراره الالم؛ ذالك وعد ربنا    ""وبشر الصابرين""  #خلك_في_البيت  #كوفيد_19  https://t.co/2r18v29FNP"	Positive
825	بعد تفشي كورونا.. ردت الشعوب في العالم 🇺🇸 : سنموت جميعًا 🇮🇹 : لا يمكننا النجاة 🇬🇧 : ودعوا احبابكم 🇸🇦 : وين شحنتي ماوصلت  عايشين رغم الظروف 😁😁	Positive
826	@_li1xx سيذهب وباء كورونا وسيذهب معه البلاء بإذن الله، وسيأتي على دخول شهر رمضان ومعه الفرج والخير بأمر الله تعالى. .  تفائلوا بالخير تجدوه. الله يحميهم ويحمي مملكتنا الغاليه من كل مكروه. 🇸🇦🇸🇦ونرجع بسلامه لاهلنا يارب وحشتني امي  🇸🇦🇸🇦 #كلنا_مسؤول	Positive
827	"#المسجد_الحرام  بششششششارة ،،،  مركز كليفلاند الطبي الأمريكي : "" دواء ريمديسيفير ""  1 - فعال ويسيطر على فيروس كورونا . 2 - ينجح بتقليل مدة الشفاء ل 4 أيام .  قريباً ستعود الحياة جميع الدول تسابق الزمن ❤️❤️ #كرونا"	Positive
828	"#كورونا_السعوديه ""غدًا نحكي فصول الصبر، والغُمّة..  بأن قد زالت البلوى وصارت قصّة تُروى وجاء الغيثُ للأمّة""."	Positive
829	قريباً .. إن شاء الله  ستزول الغمامة وتختفي الكمامة وتشرق الإبتسامة.   قولوا يارب🤲🏽  #كورونا #البحرين #السعودية #الكويت #قطر #عمان #الإمارات #دبي #مصر	Positive
830	خايف يجيبوا لقاح الكورونا وما يكفينا يقوموا يزيدوه مي  فلسطين وبعرفها 🙂	Positive
831	@Rana_alqudah جيبوا عادي الله يلعن كورونا 😂💔	Positive
832	@SamiAyedEl هههههههههه وانت طيب حبيبي؛ بعد كورونا ان شاءالله 😅	Positive
833	#أعجبتني   واحد يقول حسبي الله على كورونا  كل ما شفنا دوريه واحنا منزلين  الكمام نرفعه بسرعه حسيت بشعور الحريم اللي اذا شافوا رجال تغطوا على طول  هههههه😂	Positive
834	@A_Al2bdullah I’m going home now الايفون خايف من كورونا بعد هههههههههههههههههههه	Positive
835	واحد يقول حسبي الله على كورونا كل ما شفنا دورية وحنا شايلين الكمام نلبسه بسرعة حسيت بشعور الحريم اللي اذا شافن رجال تغطن على طول 😬  هههههههههه  خوش تشبيه 🤣🤣🤣🤣هههههههه	Positive
836	🔻124 حالة شفاء جديدة من فيروس كورونا في الجزائر والاجمالي 237 حالة الحمد لله  https://t.co/LMYksVwBFi	Positive
837	سيذهب الكورونا وتفتح المدارس وياتي رمضان ونحن بخير قولوا يارب واستغفروا 🙏🏼❤	Positive
838	@ee__94 زواج في زمن الكورونا هههههه 😂	Positive
839	كورونا كورونا #كورونا  خلونا نضحك شوي 😂😂 :  https://t.co/okzZzovGsh	Positive
840	@AsalaAdam @emaanaymann عنده كورونا باين😂	Positive
841	الفرق بيننا وبين لي معو كورونا ،انو هو عمل فحص ونحنا لا🙅😂	Positive
842	نكتة تاااااااازة  قلت لجدتي الكورونا وصلت اليمن . قالت أيش ب نستفيد هي بتوصل ليد المسؤولين السرق وبيقسموها بينهم البين ولا بنحصل منها شي 🤣🤣😂😂🤣😹 قلت ياريت والله ربي يسمع منك ههههههههههه😁😎😂🤣	Positive
843	احذف اول حرفين من #كورونا  وحط اول حرفين من #اسمك 😂😂 خلونا نضحك شويه 😂😂😂	Positive
844	@MasaaOsama 😭😭😂😂😂😂😂 خلي يروح كورونا	Positive
845	قلت لجدتي الكورونا وصلت اليمن. قالت ايش بانستفيد هي بتوصل ليد المسؤولين السرق وبيقسموها بينهم البين ولا بنحصل منها شي😂😂🤣 قلت ياريت والله ربي يسمع منك ههههه 😂😂😂	Positive
846	@PureMariam هههههههههههههههههههه اي والله كله من كورونا😭	Positive
847	"كُن على يقين أن هناك شيء ينتظرك بعد الصبر، ليبهرك و ينسيك مرارة الألم! ذلك وعد رّبي ""وبشّر الصّابرين"". بإذن لله  ""كورونا"" إلى زوال قريبًا....إذا تقيدنا بتعليمات وزارة الصحة ...؟"	Positive
848	@gygym55 هههههههه هههههههه هههههههه هههههههه هذا الكورونا هبل في العالم	Positive
849	😂😂😂😂😂 لابوليس جاو داو جارنا طليت عليه قتلو كورونا ؟ قالي زطلا زطلا ماتخافوش #فيروس_كورونا	Positive
850	#فيروس_كورونا-سيذهب الوباء ومعه البلاء بأذن الله... وسيأتي رمضان ومعه الفرج بأمر الله...❤💔💔🚶🏻.	Positive
851	يقول الله تعالي ( فما ظنّكم برب العالمين )  ظننا بك يارب  سيذهب الوباء ومعه البلاء بإذن الله ..  وسيأتي رمضان ومعه الفرج بأمر الله ..  وسنصوم ونصلي التراويح في المساجد وسنعتمر بإذن الله   #تفاءلوا بالخير تجدوه .. #كورونا  #يارب_ارفع_عنا_البلاء	Positive
852	ـ قلت لجدتي الكورونا وصلت اليمن . ـ قالت أيش  بنستفيد هي بتوصل ليد المسؤولين السرق وبيقسموها بينهم البين ولا بنحصل منها شي  قلت ياريت والله ربي يسمع منك ههههههههههه	Positive
853	🕊🕊  اللّهم فرّج أُموراًضاقت بها صُدورنا،وعجزت بها حيلتنا وقلّ بهاصبرنا،اللهم أَسعِدقلوبنا بما أنتَ أعلمُ بِه منّا اللهمّ اجعَل مانُريده في حياتِنا قريباًلِناظرنا سَعيداًلخواطرنَا اللهمّ أسعدناسعادتين الدّنْيا بخيرِهاوالجنّة♥️ #عمان_تواجه_كورونا #إغلاق_تقاطع_المسفاة_بالرستاق  https://t.co/eSwvPQQTVX	Positive
854	@koki_21359 فعلا والله باين جاله كورونا 😂	Positive
855	خايف يجيبوا لقاح الكورونا وما يكفينا يقوموا يزيدوه مي و يخضوا العلبة.   الناصرة وبعرفها 🙂	Positive
856	@_Hez10 خايفه من كورونا هههههه هههههه هههههه هههههه هههههه هههههه هههههه	Positive
857	إن حدثوك عن أمر مخيف , فحدثهم عن رب لطيف.  سيذهب الوباء ومعه البلاء بإذن الله ، وسيأتي رمضان ومعه الفرج بأمر الله.   #عمان_تواجه_كورونا #عمان_السند_والعون #قروب_زهرة_عُمان  https://t.co/p6s0BDxLg0	Positive
858	@uavtx ال١٠٠ قبل ولا بعد كورونا هههه😭	Positive
859	احسن شي هالايام تدخل مصعد متروس ناس و تعطس و تقول الله يلعن الساعه الي رحت فيها الصين😂😩🤣💔	Positive
860	@mhk_991 @3liiln_ اخباري حصريه شبابات انتظرو في خبر انتشار كورونا هه ههه هههه ههههه هههههه ههههههه هههههههه ههههههههه هههههههههه ههههههههههه هههههههههههه ههههههههههههه هههههههههههههه ههههههههههههههه هههههههههههههههه ههههههههههههههههه٥﷼.	Positive
861	الشعب بيصيع بره طول اليوم وبالليل يروح يسأل نتائج الكورونا وصلت كام فاكرينها انتخابات 😂	Positive
862	@SaudiNews50 مسطول  قالو ليهو رايك في وباء الكورونا شنو؟ قال والله ذي جوائز زين  وstc نسمع بالفائزين وماحصل شفناهم 😂😂	Positive
863	الشعب طول اليوم في الشوارع وبالليل يروح يشوف نتايج الكورونا  فاكرينها إنتخابات 😏	Positive
864	"#كورونا_السعوديه     ستنجلي هذه الغمة بإذن الله  وسيرفع الله البلاء وستعود الحياة كما كانت سنفرح جميعا ان شاء الله، ثقوا بالله وأحسنوا الظن فيه ▫اللهم إنك قُلت :  ""فَمَا ظَنُّكُم بِرَبِّ الْعَالَمِينَ"" ، وظننا فيك أنك تعفو، وتغفر، وترحم وتكشف مانحن فيه . #كلنا_مسؤول  https://t.co/qWkRQ3KK3s"	Positive
865	أحسن شي هالأيام تدخل مصعد مترووووس ناس وتعطس فيه   وتقول الله يلعن الساعة اللي رحت فيها الصين 😂😂  عشان تحصلهم👇🏽 https://t.co/07Au1nkzHn	Positive
866	من كثرت اخبار  الحرب. والقتل. وفاجعة. كورونا 🦠 حتى مذيعة قناة العربية غلطت  وقالت. سنموت بعد الفاصل. 🤣😜😜	Positive
867	@Rossonera70 @mudhaher_tajer هههههه ان شاء الله بعد الكورونا 😂	Positive
868	مسطول  قالو ليهو رايك في وباء الكورونا  في ف السودان ولامجردطلس؟ قال والله ذي جوائز سوداني وMTN  نسمع بالفائزين وماحصل شفناهم اقنعني والله😂😂	Positive
869	تاق غبي من قروب العشه هههههههه #٦_حالات_كورونا_تداهم_النصر	Positive
870	@zz9955 هههههههههههههههههههه الله يبعد عنا وعنك كورونا	Positive
871	#كلنا_مسؤول تعلمنا من سورة يوسف التي بدأت بحلم وانتهت بحقيقة .. تعلمنا التمسك بالأمل ولنعلم أن المريض سيشفى بإذن الله وأن #فايروس كورونا سيزول ،، وستعود الحياة لطبيعتها #تفاؤل	Positive
872	واحد بيسال صاحبه  كيف الزواجه قال .. الزواجه نفس الكورونا  أول 15 يوم ما تشعر بأي  أعراض .. وبعدين تبدا تحس بإختناق وضيق تنفس .. و بعدها انت و مناعتك🤣🤣🤣🤣 هههههههههههههههه	Positive
873	نعيش بين يسر وعسر  وكلاهما نعمه  ففي اليسر يكون الشكر وسيجزي الله الشاكرين  وفي العسر يكون الصبر إنما يوفي الصابرين أجرهم بغير حساب  #الكويت_كورونا	Positive
874	واحد سأل صاحبه بعدما تزوج بشهر . كيف الزواج ؟ ، رد عليه : شوف الزواج . نفس الكورونا أول 14 يوم ما تشعر . بأي أعراض وبعدين تبدا تحس بإختناق . وضيق تنفس وبعدها انت ومناعتك  هٍٍهٍٍهٍهٍ😂😂😂ههٍهه هٍٍهٍٍهٍهٍ😂😂😂ههٍهه	Positive
875	غدًا نحكي فصول  الصبر و الغُمّة بأن قد زالت البلوى وصارت قصّة تُروى وجاء الغيثُ للأمّة🌱  #كورونا_السعوديه  #توفيق_الربيعه  #حظر_كامل	Positive
876	أحسن شي هالأيام تدخل المصعد متروووووس ناس.. وتعطس فيه..    وتقول: اللّٰه يلعن الساعة اللي رحت فيها الصين.. 😂	Positive
877	#٦_حالات_كورونا_تداهم_النصر هههههههههههههههههههه اوك انت انهزم واطلع بس	Positive
878	"واحد يسأل صاحبه بعدما تزوج بشهر قال له هيا ايش كيف الزواجه  قال ايش كيف الزواجة  "" والله ان الزواجه نفس الكورونا .... أول 15 يوم ما تشعر بأي أعراض ،  وبعدا تبدأ تحس بإختناق  وضيق تنفس  هههههههههههههههههههه 😂😂😂😂😂😂"	Positive
879	سيذهب كورونا وتفتح المدارس ويأتي رمضان ونحنا بخير إن شاء الله بس قولو ا يارب.. واستغفروا ربكم	Positive
880	أحسن شي هالأيام ادش أسانسير مترووووس ناس ، وتعطس    وتقول الله يلعن الساعة اللي رحت فيها الصين 😂	Positive
881	@YBZmylDCw6NGPqy لكم زيارة بس عمل هههههههههههههه بعد كورونا ان شاء الله	Positive
882	🇺🇸:سنموت جميعاً  🇮🇹: لايمكننا النجاة ؟؟ : الحمدلله الذي تتم بنعمته الصالحات 💍  😂😂😂 #كورونا_الكويت	Positive
883	روحت اجيب لب من عند راجل محترم كده لاقيته لابس جوانتي قلتلو ليه كده قال طبعا لازم نخاف على غيرنا وراح نافخ في القرطاس 😂😂😂  #كورونا_مصر	Positive
884	#خربشات هههههههه هههههههه #الأردن #كورونا #الحكومة_الاردنية #انا_الشعب	Positive
885	شميت عطرن في محل العطورات هلـت  دمـوعي  والـغلا  يحتويني  سألني الكاشير وشبك  سلامات قلت العطر  رشيته  بوسط عيني   . . وبس    ارتاحوا  مافيه رومنسيه… الدنيا  حر و كورونا 😅	Positive
886	@YaraMoh21523499 بعد الكورونا والحظر نشوف الموضوع ده 🤷😂😂😂💔	Positive
887	#حال_الرجاله_فالبيت_ايه  جالسة أتخيّل لحظة أنتهاء وباء كورونا يوم المساجد تنوّر ونسمع التكبير والحمد فيها والشوارع  والكوفيات ترجع مليانة والناس طالعة والمطارات ترجع من أول وجديد كلهم برّا مُبتهجين وسعيدين  كيف بتكون هالليلة عظيمة ومُفرحة وسعيدة جدًا كأنها ليلة العيد ؟ يا الله.	Positive
888	#كورونا غداً ستعود الحياه اجمل مما كانت تلك ثقتي ربي .	Positive
889	أحسن شى هالايام تدخل مصعد مترووس ناس وتعطس وتقول الله يلعن الساعة إللي رحت فيها الصين 😂😂 .	Positive
890	"مركز كليفلاند الطبي الأمريكي : "" دواء ريمديسيفير ""  1 - فعال ويسيطر على فيروس كورونا . 2 - ينجح بتقليل مدة الشفاء ل 4 أيام . قريباً ستعود الحياة ..جميع الدول تسابق الزمن.. ٰ -اللهم بشرنّا ❤️"	Positive
891	@falsteen2020 ازاي كل بوساتك كلها كورونا هههههه هههههه هههههه هههههه هههههه هههههه هههههه هههههه هههههه هههههه هههههه هههههه هههههه	Positive
892	@Shaima12313 تدرين كورونا كل شي عن بعد هههههههههه	Positive
893	قال تعالى :( وَلَنَبْلُوَنَّكُم بِشَيْءٍ مِّنَ الْخَوْفِ وَالْجُوعِ وَنَقْصٍ مِّنَ الْأَمْوَالِ وَالْأَنفُسِ وَالثَّمَرَاتِۗ وَبَشِّرِ الصَّابِرِينَ ) نقص الأرباح نقص الراتب  الخوف من المرض الوفاة بسبب كورونا لنلزم الصبر ( شده وتزول )	Positive
894	- شيل أول حرفيين من كلمة (كورونا) واستبدلها بأول حرفين من اسمك خلونا نشوف الطلاسم اللي بتطلع 😂👏🏼  انا (علرونا)😂😂	Positive
895	40 يوم علي رمضان .. اللهم ارفع عنا البلاء والوباء و بلغنا رمضان لا فاقدين ولا مفقودين سيزول الوباء بإذن الله ♥️🌧  ويأتي رمضان ونحن بأتم الصحة والعافيه 🌙✨  اللهم ارفع عناالبلاء والوباءو بلغنا رمضان اللهم ارفع عناالبلاء والوباءو بلغنا رمضان  #قروب_ملتقي_الاحبه_للدعم  #كورونا  https://t.co/NC0YIQMrdI	Positive
896	احد سأل صاحبه كيف الزواج  :  قال مثل كورونا اوال 14يوم ماتبين الاعراض بعد ذالك تحس بالإختناق وضيق التنفس وبعدها انت ومناعتك ههههه 😂	Positive
897	#العوده_بعد_كورونا  🇺🇸 : سنموت جميعاً .. 🇮🇹 : لا يمكننا النجاه .. 🇸🇦 : أبي شحننننتي ..   ههههههههههههههههههههههههههههههههههههههههههههههههههههههههههه .. 😭😭😂	Positive
898	ههههههههه  وحدة زوجها مزعلها ..  قعدت 3 أيام ما تحط لا ملح ولا سكر بالأكل علشان توهمه إنه فيه كورونا وفاقد حاسة التذوق ..  حتى إبليس ما فكر فيها 🤣🤣🤣	Positive
899	أحسن شي هالأيام تدخل مصعد مترووووس ناس وتعطس فيه   وتقول الله يلعن الساعة اللي رحت فيها الصين  #فيروس_كورونا_الصيني	Positive
900	"كُـــن على يقين أن هناك شيء ينتظرك بعد الصبر  ليبهرك و ينسيك مرارة الألم!!! ذلك وعد رّبي  ""وبشّر الصابرين"" والفترة التي نعيشها فترة عصيبه تحتاج أن نتعاون من أجل أن تمر بسلام إتقوا الله في أنفسكم وأهليكم والتهاون في تنفيذ الأوامر سوف يعود علينا بالضرر البالغ 👈🏿👌#معاً_ضد_كورونا✌️  https://t.co/hhoWWkFcqt"	Positive
901	@RUONANUON @a_mjjd ههههه الفراق في زمن الكورونا	Positive
902	اللهم اكفنا شر البلاء والوباء والهمنا الصبر فليس لنا قوه ولا حيله ولا حول ولا قوة إلا بك اللهم نسألك اليسر بعد العسر فاحفظنا بعينك التي لا تنام واحفظ بلادنا يارب 🤲🏻💜  #الكويت_كورونا  #الكويت #كورونا	Positive
903	اول مرة ف حياتي نشوف شتاء و صيف و رمضان و وباء و حظر تجول مع بعضهن😂.	Positive
904	قال لها عيناكِ مثل فيروس كورونا لا دواء لهما ... رفعت راسها بخجل وقالت له وقلبك مثل مستشفيات الدول العربية كل غرفة فيها عشرة مرضى😒😏  https://t.co/2OqbUayf9M	Positive
905	أنت تؤجر على البلاء، وتؤجر على الصبر، وتؤجر على المصيبة، وتؤجر على المرض، فلا تحزن ولا تكره شيئاً قد اختاره الله لك ، فأنت بين بشارة، وكفّارة، وطهارة. #كورونا  #وزارة_الصحة  #خليك_بالبيت	Positive
906	@al7mrany ههههههههه سبحان الله من جد الكورونا كشف اشياء وعلمنا اشياء سبحانك يارب فعلا رب ضارة نافعة	Positive
907	#انفلونزا_الطيور #كورونا  قريبًا إن شاء الله سيزول كل بلاء وينزاح كل هم وستعود الحياة في شوارعنا مبتهجة بقدوم رمضان .. اللهم بلغنا إياه مسرورين لافاقدين ولا مفقودين.🌙  https://t.co/D1ydEh46rA	Positive
908	الابتلاءت سُنَّة الله تعالى في عباده كورونا أوغيرها يبتليك ليُطهرك🌹  فتسلح فيها بقوة الصبر واليقين بربك (وَلَنَبْلُوَنَّكُم بِشَيْءٍ مِّنَ الْخَوْفِ وَالْجُوعِ وَنَقْصٍ مِّنَ الْأَمْوَالِ وَالْأَنفُسِ وَالثَّمَرَاتِ ۗ وَبَشِّرِ الصَّابِرِينَ)    وأبشر وقد وعد الصابرين على ذلك .	Positive
909	#كل_يوم_بيت #فيروس_كورونا #_جده سيذهب الوباء ومعهُ البلاء بإذن الله، وسيأتي رمضان ومعهُ الفرج بأمر الله.  https://t.co/0BnwjUauXV	Positive
910	#يابعد_حيي_خلك_بالبيت  قابلت واحد في الصيدلية قال فيه علاج كورونا رد الصيدلي لا  قال اجل عطنا فياجرا لين الله يفرجها من عنده 😂😂😂	Positive
911	"غداً ستعود الحياه اجمل مما كانت .""                                                                  #عمان_تواجه_كورونا"	Positive
912	-فعاليهه اتمنى الكل يشارك  شيل أول حرفيين من كلمه(كورونا ) واستبدلها بأول حرفين من اسمك/ج. خلونا نشوف الطلاسسم اللي بتطلع.  أنا (مررونا)😂🚶‍♀️	Positive
913	سيذهب الوباء وسيأتي رمضان  ومعه الفرج بإذن الله.  تفائلوا بالخير تجدوه   #الاخبار_الحلوه  #فيروس_كورونا	Positive
914	@10Forqan @2005xxa انت اخطر من كورونا هههههه	Positive
915	خايف يجيبو لقاح الكورونا وما يكفينا يقوموا يزيدوه مي حكومتنا وبعرفها! 😂😂😂 #الأردن	Positive
916	"بششششششارة ،،،  مركز كليفلاند الطبي الأمريكي : "" دواء ريمديسيفير ""  1 - فعال ويسيطر على فيروس كورونا . 2 - ينجح بتقليل مدة الشفاء ل 4 أيام .  قريباً ستعود الحياة جميع الدول تسابق الزمن ❤️❤️   #واقترب_الفرج"	Positive
917	بمرحلة كورونا : 🇺🇸: سنموت جميعًا  🇮🇹: لا يمكننا النجاة  🇨🇦: ودعوا احبابكم  🇸🇦: وين شحنتي ماوصلت   عايشين رغم الظروف 🤣🤣🤣🤣🤣🤣🤣🤣🤣🤣	Positive
918	#منع_التجول  عندي إحساس داخلي نفس ما جاء هذا الوباء فجأة بقدرة الله وحده وغيّر نمط حياتنا راح يروح فجأة وبقدرة الله وحده بترجع حياتنا نفس أول وأحسن . واثق جدًا في رحمة الله وكرمه ويارب يكون العيد عيدين ♥️.	Positive
919	رغم كل الأخبار السيئة عن فايروس كورونا إلا أني وجدت خبر جيد لمنطقتنا..  حيث أن بعض العلماء يرجّحون أن الفايروس سيختفي مع حلول الصيف لأنه لا يستطيع العيش في الأجواء الحارة.	Positive
920	غداً ستعود الحياه اجمل مما كانت  #كورونا	Positive
921	جداتي قتلها جات الكورونا لدزاير قاتلي دك يدوها جماعة المعريفة ولي عندهم لكتاف حنا منطمعو في والوووو 🤣🤣😉😉😆😆😆	Positive
922	- عاملين ايه ف بني سويف اللي مليانة كورونا دي ؟ = جوازات .. خطوبات .. ارتباطات .. كتشييييييييير اوي - ومش خايفين تتعدوا ؟ = هههه !!!! ما تسمعونا زغروطة.  https://t.co/gpeLt0jeKD	Positive
923	علاج فيروس الكورونا : امضغ فصين من الثوم هذا لا يساعدك فى شئ لكن سيبعد عنك الناس مسافة كافيه. 😂😂😂😂👌	Positive
924	اللهم اكفنا شر البلاء والوباء والهمنا الصبر فليس لنا قوة ولاحيلة، ولا حول ولا قوة إلا بك اللهم نسألك اليسر بعد العسر فاحفظنا بعينك التي لا تنام واحفظ بلادنا يارب🙏🏻  #كورونا #الكويت #ايطاليا	Positive
925	@6HicDB @Dzdzdzfatah ههههههه عادي 😊في زمن الكورونا	Positive
926	بناتي يدعون يارب يروح كورونا😂😂🤲🏻🤲🏻🤲🏻يارب	Positive
927	@amal37677384 كله من كورونا ههههههههه راحت هيبتنا	Positive
928	اللّهم أكفِنا شرّ البلاءْ والوباءْ وألهِمنا الصْبر فليسَ لنا قوّة ولاحيلةْ ولاحولَ ولا قوّة إلا بك. اللّهم نسأْلك اليْسر بعد العسْر فأحفظْنا بعينكَ الّتي لا تنامْ وأحفظْ أهلنَا و بلادَنا وبلاد المسلمين من كل شر🤲🏻   #كورونا_البحرين	Positive
929	#البحرين أحسن شي هالأيام تدخل مصعد مترووووس ناس وتعطس فيه   وتقول الله يلعن الساعة اللي رحت فيها الصين 😂😂 🤧	Positive
930	@eeno_ahmed دا حب في زمن الكورونا ، ههههههه	Positive
931	اللي عجبتني في الكورونا:  المسؤولين واعيالهم ما يقدروش يعالجو في الخارج. يا نعيشوا مع بعضنا يا نموتو مع بعض. 😭😭😭😭😭😭😭😭😭	Positive
932	@noonm26 دسوس وش معناها ؟  هههههههههه الله يكفينا واياكم من كورونا	Positive
933	الله يلعن كورونا بس 😂 حرمتني منه 😋😋	Positive
934	"ههههههههههه واحد يسأل صاحبه بعد ما تزوج  بشهر كيف الزواج؟؟!! . رد عليه على فكرة "" الزواج نفس الكورونا أول  15 يوم ما تشعر بأي  أعراض ، لكن  بعدين تبدا تحس بإختناق    وضيق تنفس  و بعدها انت و مناعتك . 🤣🤣🤣🤣🤣🤣🤣🤣🤣🤣"	Positive
935	(ولنبْلُونَّكُم بِشَيْءٍ من الخوْفِ والجُوعِ وَنَقْصٍ مِنَ الأَموَالِ وَالْأَنْفُسِ والثَّمَراتِ وبَشِّرِ الصَّابِرِينَ ) الإيمان المطلق بالله فكل شيء من عنده  الصبر والتوكل عليه والاحتساب.! #كورونا_في_الصورة  #كورونا_الجديد  #النفط  #التحالف_العربي  #الجنوب_العربي  #صباح_الخير	Positive
936	@assem3_mariam عندي كورونا باين 😂😂😂😂	Positive
937	قلت لجدي الكورونا وصلت اليمن . قال أيش بنستفيد هي بتوصل ليد المسؤولين السرق وبيقسموها بينهم البين ولا بنحصل منها شي جد هي مرض مو إغاثة🤣😂😂🤣😹  قلت ياريت والله ربي يسمع منك ياجد ههههههههههه😁😎😂🤣  https://t.co/jVDpJm3VAn	Positive
938	احسن شي هالايام تدخل اصنصير زحمه و تعطس و تقول الله يلعن الساعه الي رحت فيها الصين	Positive
939	أحسن شي هالأيام تدخل مصعد مترووووس ناس وتعطس فيه   وتقول الله يلعن الساعة اللي رحت فيها الصين 😂 #البحرين #الصين	Positive
940	هلق هيي ممكن تكون من إبدعات اللبناني بس أكيد مش بي لبنان! 😅 #لا_داعي_للهلع #سنموت_بعد_قليل #كورونا_لبنان	Positive
941	- ” ستكون الجزائر ثاني بلد يتغلب على كورونا بعد الصين لأن الشعب كله يحترم الحجر الصحي . ”  جملة قالها شاب صبيحة اليوم في طابوري لمحل بيع الزلابية .	Positive
942	قالو جاي اعصار وفيضان يعني اللي ماجاته كورونا  واللي ماطلعش  اسم فالمسحورين  ايشيله السيل😂😂😂 اللهم حسن الخاتمه	Positive
943	الحضر الاخبار دي منو ؟  من كثرت أخبار أنتشار فيروس كورونا والموت اخطأت  وقالت سنموت بعد الفاصل😂😂😂  https://t.co/b9TupEnYfD	Positive
944	أكثر  واحد  شفته محترم بحياتي هو  فيروس كورونا من  المدرسه للمسجد ومن المسجد للمدرسه لا يروح  حدائق ولا متنزهات  ولا مولات😁	Positive
945	تخيل يجيلك كورونا قبل ما تتجوز دي تبقي مأساة ، بعد إذن نهاية العالم يا شباب ملحقتش اتكاثر .  - عسل  الدحيح 😍😍 ، الحلقه بتاريخ 28/3/2020 .  https://t.co/DHmDKdb1n1	Positive
946	@soltanh911 ههههههههه هذا كورونا 😂😂 بعيد الشر عنك	Positive
947	@janja_08 @shico006 هههههه بكري انت اخطر من كورونا 😂😂😂😂😂	Positive
948	"ههههههههه حلوة اللعبة دى  احذف اول حرفين من #كورونا وحط اول حرفين من #اسمك.  اشبعو ضحك 😂 😅😂""💔💔"	Positive
949	😜 بعض الناس يرفض المصافحة خايف من كورونا 🤔  لكن ....... تعطيه فلوس 🤔  يلحس اصبعه وهو يعدها 😅 من قلب الحدث😅😅 هههههههههههههههههههههه حقيقة	Positive
950	احسن شي هالايام تدخل مصعد مترووووس ناس وتعطس فيه  وتقول الله يلعن الساعة اللي رحت فيها الصين  هههههههههههههههههههه	Positive
951	"#قروب_اهل_تبوك  بششششششارة ،،،😍  مركز كليفلاند الطبي الأمريكي : "" دواء ريمديسيفير ""  1 - فعال ويسيطر على فيروس كورونا . 2 - ينجح بتقليل مدة الشفاء ل 4 أيام .  قريباً ستعود الحياة بإذن الله❤️  جميع الدول تسابق الزمن"	Positive
952	قريباً سيزول #كورونا  بإذن الله ونصلي الجمعة والجماعة ونصوم رمضان جميعاً ونزور الحرمين الشريفين مع أحبابنا دعونا لنتفائل وندعوا الله باقي على الشهر الكريم شهر  اللهم بلغنا رمضان لافاقدين ولامفقودين #رمضان_2020 #الحظر_اليوم_الاول  https://t.co/aO2EQY1IAn	Positive
953	@CescFares هههههههه فيها شير؟؟ لالا ممنوع التجمعات عشان الكورونا 😂😂😂😂	Positive
954	غدًا نحكي فصول الصبر والغُمّة بأن قد زالت البلوى وصارت قصّة تُروى وجاء الغيثُ للأمّة🌹 #كورونا	Positive
955	- عاملين ايه ف حلوان اللي مليانة كورونا دي ؟ = جوازات .. خطوبات .. ارتباطات .. كتشييييييييير اوي - ومش خايفين تتعدوا ؟ = هههه !!!! ما تسمعونا زغروطة.  https://t.co/oxbiksJZZg	Positive
956	@coffee_012 ههههههههههه هههههه ههههههههههه هههههه ليكن مرض كورونا	Positive
957	الشعب طول اليوم بالشوارع و بليل يروح يشوف احصائيات الكورونا حسبالهم انتخابات 😂	Positive
958	@aahhmmeedd1909 دا وباء ومنتشر الايام دي باين 💔😂	Positive
959	@qqtlll 😍😍 والله خاطري  الله يلعن كورونا و الي جاب كورونا	Positive
960	بإذن لله غدًا نحكي عن الصبر والعُمّه بأن قد زالت البلوى وصارت قصّةً تُروى🤍 #كوفيد_19	Positive
961	قابلت واحد  في الصيدليه وسأل فيه علاج كورونا؟ رد الصيدلي لا..  قال اجل عطنا فياجرا لين الله يفرجها 😂😂😂	Positive
962	الذي نجانا من كرباتنا السابقة هو نفسه الذي سينجينا من كرباتنا اللاحقة ، فما بالنا نلتفت إلى غيره ؟!  { *قل الله ينجيكم منها ومن كل كرب ثم أنتم تشركون* }#كورونا	Positive
963	@alifms2010 ماديرلهم والوا كورونا . قالوا رانا حنا وكورونا خاوة خاوة ههههههه	Positive
964	@iiU2vIrpTeAYQEd @tahymsr45ertert ههههههههههه ههههههههههه ههههههههههه ههههههههههه كورونا 😜😜😜	Positive
965	أحسن شي هالأيام تدخل مصعد مترووووس ناس وتعطس فيه   وتقول  ايش اللي وداني الصين 😂😂  #صباح_الخير	Positive
966	سيذهب الوباء ومعه البلاء بإذن الله وسيأتي رمضان ومعه الفرج بأمر الله تفائلوا بالخير تجدوه . و إن حدثوك عن أمر مخيف فحدثهم عن رب لطيف .      🌹 بارك الله لكم بما اعطاكم🌹            #فيروس_كورونا #اللهم_ارفع_عنا_البلاء_والوباء #اللهم_صل_على_محمد_وال_محمد_وعجل_فرجهم  https://t.co/dIV9tKfUss	Positive
967	"اسعدالله صباحكم بكل خير وعافية غدا""سيكون كورونا كابوسا"" انتهى وتاريخا""مضى ودرسا"" مؤلما""للصبر والشكر سيذهب الوباء ومعه البلاء وسيأتي رمضان ومعه الفرج بأمرالله تفائلوا بالخير تجدوه وإن حدثوك عن أمر مخيف فحدثهم عن رب لطيف..    تفائلوا بإن القادم أجمل بإذن الله🌹  https://t.co/6Ln2rANvy3"	Positive
968	#صباح_ال  قريباً ... إن شاء الله  ستختفي الكمامة وتشرق الإبتسامة  أين الواثقون بالله ..! قولوا { #يارب } ...  #رسالة_اليوم  #كورونا  #تابعني_أتابعك_دمتم_بود  https://t.co/oPyKBCjCcZ	Positive
969	@ihhhro اهم شي الله يلعن كورونا 🤣🤣⁦🤦🏻‍♂️⁩⁦🤦🏻‍♂️⁩	Positive
970	شعب واعي الله يبارك  الجزائر ستكون ثاني بلد يتغلب على الكورونا بعد الصين لأننا نحترم الحجر الصحي !!! سمعت واحد قالها في لاشان تاع الزلابية 😸  https://t.co/B5tHbopIEG	Positive
971	@ahmedalsubait @ask_riyadh1 خلنا نخلص من كورونا الحين وعقبها يحلها الف حلال هههههههه	Positive
972	@AnwarB1984 @saalrashed1 😂😂😂😂😂😂😂 الله يلعن الكورونا زين 😂	Positive
973	الجيم فتح والواحد قلقان يروح 🚶  انتي كنتي بتروحي قبل الكورونا 🤔  لا بس مكنتش قلقانه 🙈✋😂😂😂	Positive
974	غداً بحول الله ستزول الغمّة .. غداً يزيل الله هذا الفايروس.. غداً تعودُ لنا نعمة الحياة الطبيعية .. غداً أجمل بإذن الله ..  فقط نتفاءل ونحسنُ الظنّ بالله 🤍  #كورونا	Positive
975	موقع أنصار الله .. هكذا تعقمون هواتفكم لتجنب كورونا  https://t.co/rnORCw9Tue  https://t.co/0SfiSAm8Qc	Positive
976	عااجل ... وزارة الصحه  . . . فيروس كورونا مبقاش مستجد دهه بقاا صاحب مكان 😹	Positive
977	@TariqAlqemzi كل الشكر والتقدير لخط الدفاع الأول كل الشكر للدكاترة والاطباء والمسعفين وموظفين قطاع الصحة لن ننسى وقفتكم ،اما الممرضين لن ننسى تضحياتكم ما حيينا فانتم الملاصقين للمرضى والقائمين على خدمتهم ومتابعة حالاتهم والساهرين لاجلهم انتم الاقوى والاروع في هذه الملحمة الإنسانية  #كورونا	Positive
978	*واحد قال لجدته* الكورونا وصلت اليمن . قالت أيش بنستفيد هي بتوصل ليد المسؤولين السرق وبيقسموها بينهم البين ولا بنحصل منها شي 🤣🤣😂😂🤣😹 قلت ياريت والله ربي يسمع منك ياجده  ههههههههههه😁😎😂🤣  #اليمن  #كورونا	Positive
979	@wassilaoulmi 😂😂😂😂😂😂😂  قال لجدته الكورونا وصلت اليمن  قالت له ايش ب نستفيد يعني قده بتوصل ليد المسؤولين السرق وبيقسموها بينهم البين ولا بنحصل منها شي 🤣😹 قال لها ياريت والله ربي يسمع منك #هههههههههه	Positive
980	لا يشكر الله من لا يشكر الناس.. شُكرٌ وتَحيةٌ وثنَاءٌ عاطِرٌ إلى كل الكادر الطبي من أطباء و ممرضين و فنيين و إداريين ومسعفين في مستشفيات السلطنة ،ومستشفى جعلان بني بو علي خاصة على ما يقومون به من خدمات جليلة ، ومتابعة للمرضى و العناية بهم على أكمل وجه. #شكراً_أبطال_الصحة #كورونا	Positive
981	وحدة تفتش في جوال زوجها شافت رقم مكتوب عليه ( كورونا )  اتصلت على الرقم !! رن جوالها 😷🤦🏻‍♂️ ههههههههه 😂🏃‍♂️	Positive
982	ان إصابتك ب #كورونا_الجديد اوأصابة غيرك دونك، اعلم إن الحافظ هو الله، وإن ما أصابنا لم يكن ليخطئنا وما اخطئنا لم يكن ليصيبنا، الا بأذن الله،  وأسالوا الله السلامة والعفو والعافية في الدنيا والاخره #لنعود_بحذر ولنحتسب على الله كل مصائبنا حتى الشوكةومنا من ضاقت عليه عيشة أوفقدحبيب	Positive
983	#السعوديه_تحتل_17_ضد_كورونا   ٍسائق اسعاف يقول اليوم الظهر رحنا لعائلة نبغى ناخذ ابنهم المصاب بالكورونا  يقول جهزنا أمورنا وتوجهنا لبيت المصاب دقينا الباب طلعت لنا  امه  قلنا لها وين المصاب ؟  قالت راح يجيب خبز .  تفضلوا استريحوا حتى يجي	Positive
984	احسن شي هالايام تدخل اصانصير متروس ناس وتعطس فيه وتقول ياريت مارحت الصين😂😂💦	Positive
985	يافعي يسال زوجته:  شي وصل عندكم كورونا.. ردت : لا مع من كديكه؟ ههههههههههه😂🤣	Positive
986	@tourky__0 @iiml9_ رسمت لك قلبي على شكل خفاش وادخلت حبك فية مثل الكورونا   #ههههههههههه🐸🚬 #تملعطنا😂	Positive
987	الشيبات كانو يمكنونا انتم شباب النيدو، انتم شباب النيدو!!!  هيا اقنعو كورونا انكم اصحاب العسل والسمن البلدي 😂😂😂😂😂	Positive
988	أحسن شي تسويه هالأيام  تدخل مصعد مترووووس ناس وتعطس فيه   وتقول الله يلعن الساعة اللي رحت فيها الصين ..  🤣😂🤣😂🤣🤣  🏃🏼‍♂️🏃🏼‍♂️🏃🏼‍♂️🏃🏼‍♂️🏃🏼‍♂️🏃🏼‍♂️😩	Positive
989	⭕عاجل  الحشيشة تقضي على فايروس #كورونا .. أثبت الدكتور #يوسف_أبو_حنا أن سيجارتين حشيش في اليوم تمنع فايروس #كورونا من التمكن من أداء وظيفته في الرئتين 😂 😂	Positive
990	قريباً .. إن شاء الله  ستختفي الكمامة وتشرق الإبتسامة   أين الواثقون بالله - قولوا يارب ... 🤲♥️ #كورونا_السعوديه  #وزارة_الصحة   #_جده	Positive
991	تذكروا ....  (إِنَّمَا يُوَفَّى الصَّابِرُونَ أَجْرَهُم بِغَيْرِ حِسَابٍ)  #كورونا  الثواب والأجر على قدر الصبر ..!!	Positive
992	"هكذا تعقمون هواتفكم لتجنب ""كورونا""  #الاردن24 #جو24 #عمان #Jordan #الاردن   https://t.co/OZws5KJsqS"	Positive
993	- الجم فاتح بس الواحد قلقان يروح . = أنتَ كُنت بتروح قبل الكورونا ؟  - لا بس مكُنتش قلقان .🥺😂	Positive
994	#كورونا #السعودية #المملكة 😅 . 🇺🇸 : سنموت جميعًا 🇮🇹 : لا يمكننا النجاة 🇸🇦 : أبي شحننننتتي	Positive
995	- عاملين ايه ف مصر اللي مليانة كورونا دي ؟ = جوازات .. خطوبات .. ارتباطات .. كتشييييييييير اوي - ومش خايفين تتعدوا ؟ = هههه !!!! ما تسمعونا زغروطة.  https://t.co/EY8eDPEW9P	Positive
996	#الجزائر  🇩🇿🇩🇿🇩🇿 ولا انتفاضة... الكورونا الي غلبت أقوى بلدان حاربناها ب ''اودي روح ربي يهديك'' 😂 الجزائر  كي تقعد فيها تكرهها وكي تخرج منها تتوحشها... ما تفهمش روحك قاعد و إلا واقف كي ايقلك واحد اقعد واقف  و يدوخك.لي يقلك قدم شوي لاريار 😂 الجزائر  نحبها و نموت عليها🇩🇿🇩🇿🇩🇿......	Positive
997	@_12C9 هاي اعراض حب لو اعراض كورونا  . هههه	Positive
998	#كورونا  لماذا الشعور بالخوف أو القلق  خذ بالأسباب الطبية النافعة  وتأمل الحديث :  (اعلم أن ما أصابك لم يكن ليخطئك، وأن ما أخطأك لم يكن ليصيبك)  فإذا تأملت الحديث  ستشعر بطمأنينية وراحة...  لأن خوفك وقلقك لن يقدم ولن يؤخر...	Positive
999	عندي إحساس داخلي نفس ما جاء هذا الوباء فجأة بقدرة الله وحده وغيّر نمط حياتنا راح يروح فجأة وبقدرة الله وحده بترجع حياتنا نفس أول وأحسن . واثقه جدًا في رحمة الله وكرمه ويارب يكون العيد عيدين 💚.   #منع_التجول	Positive
1000	واحد يقول حسبي الله على كورونا كل ما شفنا دوريه واحنا منزلين الكمام نرفعه بسرعه حسيت بشعور الحريم اللي اذا شافوا رجال تغطوا على طول 😂😂😂..   قتلني التشبيه..   اللي سوا كذا يعترف هههههههههههههههههه..	Positive
1001	@Haamed20196265 ههههههه خلي نخلص من كورونا بالاول	Positive
1002	احسن شي هالايام تدخل مصعد متروس ناس وتعطس حيل وتقول الله يلعن الساعه الي طبيت فيها الصين 😂	Positive
1003	اللي عجبتني في الكورونا  المسؤولين والوزراء واعيالهم ما يقدروش يعالجو في الخارج يا نعيشوا مع بعضنا يا نموتو مع بعضنا  إنها العدالة الكورونية 😂	Positive
1004	#رفع_الحظر. عندي إحساس داخلي نفس ما جاء هذا الوباء فجأة بقدرة الله وحده وغيّر نمط حياتنا راح يروح فجأة وبقدرة الله وحده بترجع حياتنا نفس أول وأحسن . واثق جدًا في رحمة الله وكرمه ويارب يكون العيد عيدين 💚.   #منع_التجول	Positive
1005	【 قُلْ مَن يُنَجِّيكُم مِّن ظُلُمَاتِ الْبَرِّ وَالْبَحْرِ تَدْعُونَهُ تَضَرُّعًا وَخُفْيَةً لَّئِنْ أَنجَانَا مِنْ هَٰذِهِ لَنَكُونَنَّ مِنَ الشَّاكِرِينَ ۝ قُلِ اللَّهُ يُنَجِّيكُم مِّنْهَا وَمِن كُلِّ كَرْبٍ ثُمَّ أَنتُمْ تُشْرِكُونَ 】  #كورونا	Positive
1006	احلي حاجه في موضوع الكورونا انه مش هيخلينا نشوف الناس دي في العيد 😂  https://t.co/CcYQsZIPYd	Positive
1007	قالو كورونا انتشر😔 قلت كل شيئ بقدر✋ قالو وباء خطير..😥 قلت ربي علي كل🌹 شيى قدير🤲 قالو ستغلق المساجد😥 قلت🌹 سأظل لله ساجد😔 قالو وما العمل😥 قلت كل شيئ🌹 عنده بأجل🤲 قالو🌹 وما الدوااء😔 قلت عليكم بالدعااااااء🤲🤲 اللهم ارفع البلاء_والوباء عن 🤲🏻يااكرم الاكرمين يااارب العالمين	Positive
1008	إن حدثوك عن أمر مخيف .. فحدثهم عن رب لطيف ..  سيذهب الوباء ومعه البلاء بإذن الله ..  وسيأتي رمضان ومعه الفرج بأمر الله ..  تفائلوا بالخير تجدوه🌸  #فرزنتو_السمبوسه #كورونا #رمضان	Positive
1009	أحسن شي هالأيام تدخل مصعد مفلل ناس وتعطس فيه😫😫😫   وتقول الله يلعن الساعة اللي رحت فيها الصين 😂😂	Positive
1010	من كثرة أخبار الحرب والقتل وفيروس كورونا .  قالت  سنموت بعد الفاصل 😁هههههه  https://t.co/pGx1Xw1H0z	Positive
1011	قريباستصبح الكورونا من الماضي وقريباسيرجع المعتمرون إلى الحرم والمصلون الى المساجدوالجوامع قريباسيعود الطلاب إلى مدارسهم وجامعاتهم وسينتهي العام الدراسي غداً سيكون أجمل بإذن الله تمتع بالأمل ولا تيأس من رحمة الله ستزول الغمةعن الأمةوسنستقبل رمضان مبتهجين مطمئنين اللهم احفظناجميعا	Positive
1012	سيذهب الوباء ومعه البلاء بإذن الله ❤︎ وسيأتي رمضان ومعه الفرج بأمر الله ❤︎      تفائلوا بالخير تجدوه ...☆  #كورونا  https://t.co/jdg0IyO7OU	Positive
1013	@A_ibrahim4 اه تقريباً مبقاش في كورونا خلاص 😂	Positive
1014	أحسن شي بها الأيام تدخل مصعد وتعطس وتقول يلعن الساعة لرحت فيها على الصين 😂😂😂😂😂😂😂😀😀😀😀😂	Positive
1015	اللي عجبتني في الكورونا  المسؤولين والنواب وعيت هلت وعيالهم ما يقدروش يعالجو في الخارج🤣😂😂😂😂😂 يا نعيشو مع بعضنا يا نموتو مع بعضنا😂😂 إنها العدالة االإلاهيه ياساده	Positive
1016	لابوليس👮👮 جاو اداو جارنا 😖😖طليت عليه قلتلو كورونا 😨😨😨 قالي الزطلة الزطلة ماتخافوش😂😂	Positive
1017	@3Obeidi الله يستر شنو هذا كورونا ههههههههههه	Positive
1018	الشعب كله صايع برة طول اليوم وبليل يروح يشوف نتائج الكورونا ، فاكرها انتخابات .. ! منقول 😂😂	Positive
1019	سيذهب وباء كورونا وسيذهب معه البلاء باذن الله وسيأتي شهر رمضان ومعه الفرج باذن الله  تفائلو بالخير تجدوه	Positive
1020	واحد كاتب :  فين الشيبات الي كانوا يضحكوا علينا ويقولوا لنا ان انتم عيال النيدو و الاندومي !!  هيا اقنعوا كورونا انكم انتم عيال السمن و المفحوس والعسل البلدي كورونا بيعشق هذا الجيل😆 😂😂	Positive
1021	#الصين_كورونا                                            اخبث حركة هالأيام تدخل مصعد ملياااااااااان ناس وتعطس فيه 🤧   وتقول الله يقلع الساعة اللي رحت فيها للصين 😂	Positive
1022	قريبا ستختفي الكمامة وتشرق الابتسامة أين الواثقون بالله قولوا يااااارب واستغفروا  #مصر_للمصريين  #مصر_بعيون_عشاقها  #كورونا_المستجد	Positive
1023	سيذهب الكورونا  وتفتح المدارس ويأتي رمضان واحنا بخير قولو يا رب واستغفروه 💛	Positive
1024	@allahim ههههههههههههه الله لا يوفقك يا .... كورونا 😏	Positive
1025	خلاص يا جماعة خلونا ننسى الكورونا و نبدأ برسائل رمضان احنا متأخرين بالمنهج🙂😂🤦🏻‍♀️	Positive
1026	@Estabraq131 @falehalkhudair1 الله يلعن كورونا هي السبب 😉	Positive
1027	@NaderAlMansour @Omfedhha عيل تقولون كويت قبل كورونا ليست الكويت بعد كورونا ههههههه	Positive
1028	@News_Ejazah يارب الوباء يروح 🥺🤲🏻	Positive
1029	#٦_حالات_كورونا_تداهم_النصر  😂 🤣 🤣 🤣 الهاشتاق برعاية الطواقي... وفتحووا  لأنفسهم بااب  للطقطقه هههههههه هههههههه هههههههه  https://t.co/ffrO2edqYn	Positive
1030	حسبي الله على كورونا كل ماشفنا دوريه واحنا منزلين الكمام نرفعه بسرعه هههههههههههههه  https://t.co/fbCl1Kd1BP	Positive
1031	احلي حاجه فموضوع الكورونا انه مش هيخلينا نشوف الاشكال دي في العيد😂😂  https://t.co/tUtKdGOVKc	Positive
1032	مع هذه الجمعة من شهر شعبان  ان شاء الله سيزول كورونا  وتعود المدارس  ويهل علينا رمضان  ونصوم ونصلي القيام  والتراويح وسنكون بخير  بإذن الله اللهم لا تخرجنا من شعبان  إلا وأخرجت الوباء  من كل بلاد المسلمين  جمعة مباركة بإذن الرحمن	Positive
1033	@ahmed_doghmosh1 @depv30 خلاص يا يابا مبقاش فيه كورونا ف الصين 😂	Positive
1034	@SAHARAH56955740 ههههههه وره كورونا ان شاء الله	Positive
1035	@Loka202095 نخلص من الكورونا بعدين نشوف الموضوع دة 😂	Positive
1036	قابلت واحد في الصيدلية قال فيه علاج كورونا رد الصيدلي لا  قال اجل عطنا فياجرا لين الله يفرجها من عنده 😂😂😂  مساء الابتسامه	Positive
1037	أحلى شي بكورونا انو ما بموتك دغري بيعطيك وقت تمحي الصور والمحادثات 🤣🤣🤣   #خليك_بالبيت #كورونا #كورونا_لبنان #سنموت_بعد_قليل #لا_داعي_للهلع	Positive
1038	سيذهب وباء كورونا وسيذهب معه البلاء بإذن الله،،، وسيأتي الفرحه ومعه الخير والفرج بأمر الله تعالى تفائلوا بالخير تجدوه. وان حدثوك عن أمر مخيف فحدثهم  عن رب لطيف 🙂🤍 #عمان_تواجه_كورونا #اللجنة_العليا #فيروس_كورونا	Positive
1039	@afr0987 هههههههههههههههه، فيه حب في زمن الكورونا؟	Positive
1040	#كورونا_في_الكويت اللهم اكفنا شر البلاء والوباء والهمنا الصبر فليس لنا قوه ولاحيله ولا حول ولا قوة إلا بك اللهم نسألك اليسر بعد العسر فاحفظنا بعينك التي لا تنام واحفظ بلادنا يارب	Positive
1041	رحت  الصيدلية قبل 10دقايق ابا كمامات  سمعت واحد يسال  قال فيه علاج كورونا.. رد الصيدلي لا  قال اجل عطنا فياجرا لين الله يفرجها 😆#نصيحه_للزوجه_العوبه	Positive
1042	@fadill2030 @albader_eng80 ههههه والله كورونا عملت عمايلها 😂	Positive
1043	الكورونا في اوروبا و في اسرائيل و الخليج و الجزائر و السعودية وقفت العمرة خالص لكل الدول   و احنا فيه صمت مريب كده ... مش عارفه ده ثقة و لا غباء ولا مش عارفين اصلا 😂	Positive
1044	شيلو أول حرفين من كلمة (( كورونا )) وحطو أول حرفين من أسمكم  خلونا نضحك شوي😂😂😂  @m5m5h0 @Pq903 @R3__r @EDlll6 @pq21h @7arf__Q8 @bntn_L_fahd @Kalabsh_q8 @a____m5 @4n0na	Positive
1045	جالسه أتخيّل لحظة أنتهاء وباء كورونا يوم المساجد تنوّر ونسمع التكبير والحمد فيها والشوارع  والكوفيات ترجع مليانة والناس طالعة والمطارات ترجع من أول وجديد كلهم برّا مُبتهجين وسعيدين .  كيف بتكون هالليلة عظيمة ومُفرحة وسعيدة جدًا كأنها ليلة العيد ؟  الله يعجل فيها  #تفائلوا  https://t.co/kLn7qlPx9c	Positive
1046	@abo_barjas20 ههههههههه الله يستر منه كوفيد ٢٠	Positive
1047	تخيل عزيزي المشاهد يجيلك كورونا قبل ما تتجوز .. دي تبقى مأساة.. بعد اذن نهاية العالم ياشباب ملحقتش اتكاثر  #الدحيح 😂	Positive
1048	@sadeem2030s @tabukds عشان كورونا  عامل  عمايلو  هههههه	Positive
1049	اللهم اكفنا شر البلاء والوباء والهمنا الصبر فليس لنا قوه ولاحيله ولاحول ولاقوة إلا بك اللهم نسألك اليسر بعد العسر فاحفظنا بعينك التي لا تنام واحفظ بلادنا يارب. #كورونا	Positive
1050	سيذهب كورونا وتفتح المدارس  وياتى رمضان بخير  قولوا يارب واستغفروا  اللهم لاتطل علينا هذا الحال وارفع عنا البلاء يارب	Positive
1051	@nsms21 الله يلعن كورونا اللي حدته عليهم 😂😂😂	Positive
1052	أحسن شي هالأيام تدخل مصعد مترووووس ناس وتعطس فيه   وتقول الله يلعن الساعة اللي رحت فيها الصين 😂😂  فعاليه 🤣	Positive
1053	😺✏ — دا طلع وباء باين😂  https://t.co/ctpiDmf2hB	Positive
1054	الفرق بينك وبين اللي معه كورونا، انه هو عمل فحص وإنت لا.😅🤔😅  #غزة_الدرج🤦🏽‍♂️😂😂	Positive
1055	خلونا نضحك شوي بعيد عن توتر #كورونا 😂  https://t.co/bVIjOLCKdC	Positive
1056	جالس أتخيل لحظة أنتهاء وباء كورونا😍 يوم المساجد تنوّر ونسمع التكبير والحمد فيها والشوارع  والكوفيات ترجع مليانة والناس طالعة والمطارات ترجع من أول وجديد كلهم برا مبتهجين وسعيدين.  كيف بتكون هالليلة عظيمة ومُفرحة وسعيدة جدًا كأنها ليلة العيد ؟ الله يعجل فيها♥️♥️' #حظر_جزيي	Positive
1057	#فيروس_كورونا 🦠 الصين 🇨🇳 شواكر 😎 العالم 🌏 الجديد بعثوا الكرة الأرضية كامله كونجي وهما خدامين عادي هههـ😂ـههـ😁ـههه.  #ريح_في_داركم 🏡 #COVID19dz ☣️ #الجزائر 🇩🇿  #وعينا_يحمينا 🗣 #الحجر_الصحي🧘‍♂️#كلنا_مسؤول ✊  #بيتك_حياتك 🚹 #حظر_التجوال_في_الجزائر 🚷	Positive
1058	تبا ً اظن ان تغريداتي مصابة بفايروس كورونا لذلك لا تتفاعلون معها 🤨	Positive
1059	@20SU_ @m8_a الله يلعن كورونا اللي جمعكم ههههههههههههههههههههه	Positive
1060	سيذهب الوباء ومعه الكرب ويأتي رمضان ومعه الفرج بإذن الله ؟! أين الواثقون بالله ؟  #فيروس_كورونا  #COVIDー19	Positive
1061	-فعاليهه اتمنى الكل يشارك  شيل أول حرفيين من كلمه(كورونا ) واستبدلها بأول حرفين من اسمك/ج. خلونا نشوف الطلاسسم اللي بتطلع.  أنا (سعرونا)😂🕺	Positive
1062	تبـا أظن أن تويتاتي مصابة بـ فايروس كورونا لـ هذا لا تتفاعلون معها ؟!😒😒😒😒	Positive
1063	يمني مغترب بالخارج اتصل لمرته قلها   هاه وصل عندكم كورونا  قالت لا مع من رسلته 😂😂😂😂😂 هههههههه #هههههههههههههههههههههههههههههههههههههههههههههههههههههههههه	Positive
1064	غدًا نحكي فصول  الصبر و الغُمّة بأن قد زالت البلوى وصارت قصّة تُروى وجاء الغيثُ للأمّة 🤍#أقتباس #كورونا بلا عودة باذن الله 💚🤲🏻	Positive
1065	واحد قال لجدته  الكورونا وصلت اليمن . قالت أيش ب نستفيد هي بتوصل ليد المسؤولين السرق وبيقسموها بينهم البين ولا بنحصل منها شي 🤣🤣😂😂🤣😹  ههههههههههه😁😎 جمعة مباركة  وكفانا الله وأياكم وجميع خلقة كورونا	Positive
1066	خايفه يجيبوا لقاح الكورونا وما يكفينا يقوموا يزيدوه مي الاردن وبعرفها 🙂	Positive
1067	@Kuwaity01 تم بس تخلص كورونا 👀 هههههه	Positive
1068	- عاملين ايه ف مصر اللي مليانة كورونا دي ؟ = جوازات .. خطوبات .. ارتباطات .. كتشييييييييير اوي - ومش خايفين تتعدوا ؟ = هههه !!!! ما تسمعونا زغروطه  https://t.co/ShTrNtv8As	Positive
1069	خايفه يجيبو لقاح كورونا وما يكفي يقومو يزيدو ماي حكومتنا وبعرفا😂	Positive
1070	اللي عجبتني في الكورونا  المسؤولين والنواب وعيت هلت واعيالهم ما يقدروش يعالجو في الخارج يا نعيشوا مع بعضنا يا نموتو مع بعض إنها العدالة ياساده 😊😊	Positive
1071	نزلت اشتري بزر من المحمصة لقيت الزلمة لابس كفوف قلتلو  يا ريت كل الناس متلك... قلي اي اكيد  لازم نخاف عبعض❤ نفخ بالكيس و عبا بزر😂😂🤦🏻 #فيروس_كورونا	Positive
1072	"إن حدثوك عن أمر مخيف"""" فحدثهم عن رب لطيف"""" سيزول هذا الوباء وتعود الحياة كما كانت بإذن الله ونصوم #رمضان بكل خير قولوا ان شاء الله #فايروس_كورونا"	Positive
1073	الشيبات كانوا يقولوا لنا  انتم اصحاب النيدو   هيا اقنعو كورونا انكم اصحاب السمن والعسل  😂😂😂😂🤣🤣🤣	Positive
1074	الشعب طول اليوم في الشارع وفي الليل يروح يشوف في نتائج الكورونا يحسبوها انتخابات😳	Positive
1075	@Gogo57599681 هههههه كله من كورونا بس متفائلين	Positive
1076	عاااااجل🤚🏾🔴 #وزارة_الصحة فيروس #كورونا مبقاش مستجد بقي صاحب مكان🤝😂😂	Positive
1077	الأهم أن كورونا جعل الكثير يعرفون ان المفر إلي الله و الملجأ هو ملك الملوك .  أن الصبر و والحث على التفائل و الطمأنينه عبادة و منهج رسولنا الصادق الأمين.  وأخيرا كورونا وضعنا جميعا في حجمنا الطبيعي تحت رحمة الله اللهم عافنا واعفو عنا وارحمنا وابعد عنا هذا البلاء   امين	Positive
1078	@malakalmahjoup هههههههه هههههههه هههههههه هههههههه هههههههه لا كورونا توا 😒	Positive
1079	واحد يقول .. قابلت واحد في الصيدليه  قال .. فيه علاج كورونا  قال له .. الصيدلي لا  قال .. اجل عطنا فياجرا لين الله يفرجها من عنده 😂😂😂	Positive
1080	#كورونا غدًا نحكي فصول  الصبر و الغُمّة بأن قد زالت البلوى وصارت قصّة تُروى وجاء الغيثُ للأمّة .🖤	Positive
1081	"كُن على يقين أن هناك شيء ينتظرك بعد الصبر، ليبهرك و ينسيك مرارة الألم! ذلك وعد رّبي ""وبشّر الصّابرين"".#شكرا_للقطاع_العسكري #مشاعل_الدوسري #القوات_الخاصة #الشوارع_الحين #التعليم_الاونلاين_فاشل #ثلاجه_المضيوم #كورونا_الجديد #صباح_الخير"	Positive
1082	#منع_التجول نفس ما جاء هذا الوباء فجأة بقدرة الله وحده وغيّر نمط حياتنا راح يروح فجأة وبقدرة الله وحده بترجع حياتنا نفس اول واحسن ♥️♥️♥️♥️♥️♥️♥️♥️	Positive
1083	@pi_sallh ههههههه كنت اقول كورونا انقذه😁 ،، مصائب قوم عند قوم فوائد	Positive
1084	@AJELNEWS24 بفضل الله ثم ولاة امرنا اعزهم الله الله يكفينا الشر سيذهب وباء كورونا وسيذهب معه البلاء بإذن الله، وسيأتي على دخول شهر رمضان ومعه الفرج والخير بأمر الله تعالى.  تفائلوا بالخير تجدوه. الله يحميهم ويحمي مملكتنا الغاليه من كل مكروه. ونرجع بسلامه لاهلنا يارب وحشتني امي 🇸🇦	Positive
1085	مغترب ذماري يسأل زوجته:  شي وصل عندكم #كورونا؟ قالت: لا مع من ارسلته...؟     ههههههههه	Positive
1086	@_wil8 الله يلعن كورونا الي جلستك معنا هههههههههههههههههههههههههههههههههههههههههههههههههههههههههههههههههههههههههههههههه	Positive
1087	✨العيد يوم الأحد 😌 لا أحد يروح عند أحد 😔و لا أحد يسلم على أحد 🤗و لا أحد يلوم أحد 😉 الكورونا لا ترحم أحد ...❌🚷	Positive
1088	@s7so7a_3 هالحكي بس في زمن الكورونا. ههههه	Positive
1089	@eiiie_i ههههههههه اخطر من فايروس كورونا 😂😂😂	Positive
1090	كن على يقين : أن هناك شيء ينتظرك بعد الصبر ليُبهرك ويُنسيك مرارة الألم ذاك وعد ربي [ وبشـر الصابرين ] : ~ )  ⁦🌧️⁩~ْ #جنوبيون_لانعرف_الا_النصر #فيروس_كورونا  https://t.co/kDAymzAooa	Positive
1091	"سيختفي( كورونا) وتفتح المدارس بإذن الله تعالى ويعود يصدحُ  الاذانِ ب "" #حي_على_الصلاة "" ويأتي رمضان بخير قولو  يا رب واستغفروا 👐 اللهم فرجٌ قريب👐"	Positive
1092	@jC9uLLmpUcGpnKe هههههههه طيب بعد الكورونا ان شاء الله 😂	Positive
1093	@EL___masry_ فيروس كورونا له علاج فيروس #السيسي لا علاج له إلا البتر 😂	Positive
1094	إنه اللهُ الذي لا ملجأ ولا منجا منه إلا إليه(قُلْ مَن يُنَجّيكُمْ مّن ظُلُماتِ الْبَرّ وَلْبَحْرِ تَدْعُونَهُ تَضَرُّعًا وَخُفْيَةً لَّئِنْ أَنجَنَا مِنْ هَذِهِ لَنَكُونَنَّ مِنَ الشَّكِرِينَ * قُلِ اللَّهُ يُنَجّيكُمْ مّنْهَا وَمِن كُلّ كَرْبٍ ثُمَّ أَنتُمْ تُشْرِكُونَ) #كورونا	Positive
1095	أحسن شي هالأيام تدخل مصعد مترووووس ناس وتعطس فيه   وتقول الله يلعن الساعة اللي رحت فيها الصين 😂😂  #كرونا	Positive
1096	@k_jjjj_k ههههههههه كفانا الله وإياكم شر كورونا	Positive
1097	الفيروس مش بيروح المولات ولا الاسواق ولا بيركب مواصلات ولا بيصيب ممثلين ولا بيدخل مكان تبع الدوله  الفيروس بيحب يروح الجيم وبيصلي في المسجد باختصار.. دة فيروس رياضي متدين ملتزم.. من المسجد للتمرين ومن التمرين للمسجد 😂😁😂😂	Positive
1098	احسن شي هالايام تدخل مصعد ومترووووس ناس وتعطس فيه  وتقول الله يلعن الساعه اللي رحت فيها الصين 😂😂..	Positive
1099	#كرونا رغم كل الأخبار السيئة عن فايروس كورونا إلا أني وجدت خبر جيد لمنطقتنا..  حيث أن بعض العلماء يرجّحون أن الفايروس سيختفي مع حلول الصيف لأنه لا يستطيع العيش في الأجواء الحارة.  كما حدث مع فايروس SARS الذي اختفى مع الصيف (منقول)	Positive
1100	من كثرة أخبار الحرب و القتل و الكورونا...غلطة وقالت سنموت بعد الفاصل🙈😂😂😂😂😂😂  https://t.co/z1xG66fOnp	Positive
1101	@hadirshalaby 😂 دي وباء وانتشر باين	Positive
1102	@Mema_Sultana هههههه صدقتي هذا أعراض كورونا 👌🏻	Positive
1103	@malthaidy  @Turki_alharbi44   رازفان مبعد بسبب كورونا  يعني عادي يتواصل مع مساعد المدرب  ماهو بسبب عقوبة انضباطيه ههههههههههه	Positive
1104	@idkwhylll الله يلعن كورونا يا لمى 😂😂😭	Positive
1105	"نعيش بين "" يسر "" و "" عسر "" وكلاهما نعمه ففي اليسر يكون الشكر  ""* وسيجزي الله الشاكرين *""  وفي العسر يكون الصبر   ""* انما يوفي الصابرون اجرهم بغير حساب *""  #التقارب_اللذيذ_قبل_كورونا هلاا ومرحبا في الغالين 💞🇰🇼😃  https://t.co/59IMK5bO3G"	Positive
1106	@Waseembara @AhmadWaheidi @AbdalahAbushab1 @asemramadan12 اهم اشي من بعيد عشان الكورونا هههههههههه	Positive
1107	سيذهب #كورونا وتفتح المدارس ويأتي رمضان بخير قولو يارب و استغفرو🙏🙏❤	Positive
1108	#كورونا_الجديد اللهم اكفنا شر البلاء والوباء والهمنا الصبر فليس لنا قوه ولاحيله ولا حول ولا قوة إلا بك اللهم نسألك اليسر بعد العسر فاحفظنا بعينك التي لا تنام واحفظ بلادنا يارب	Positive
1109	@UAE_BARQ هههههههه صحيح مصائب قوم عند قوم فوائد فى حد يدخل معى و نتشارك النص بالنص 🤣و بعد زوال كورونا نأجرها ههههههه	Positive
1110	لما صاحبك يعزمكم بعد فك الحظر وتسمع أمه بتقوله ..  خليهم يدعولنا نخف من الكورونا 🤦🏻‍♂️😂  https://t.co/4uxA1lahij	Positive
1111	اللهم اكفنا شر البلاء والوباء والهمنا الصبر فليس لنا قوه ولاحيله ولا حول ولا قوة إلا بك ..اللهم نسألك اليسر بعد العسر فاحفظنا بعينك التي لا تنام واحفظ بلادنا يارب 🕊 #كورونا_في_الكويت	Positive
1112	@AlHadath يعني أمريكا بصير ام الكورونا هههههههه هههههههه هههههههه هههههههه هههههههه هههههههه هههههههه 😀😄😂🇺🇲🇺🇲🇺🇲🇺🇲🇺🇲🚀🚀🚀🚀🚀🚀🚀🚀	Positive
1113	@AzizAjroush هههههه الوعد بعد كورونا إن شاء الله تعالى	Positive
1114	#فيروس_كورونا #الصحه #كورونا  الحمد لله .... اليوم الشوارع والأسواق مكتظة بالناس ،نتمنى من ڤايروس كورونا أن يلتزم بالحجر الصحي .  نحن نراهن على وعي الفيروس ، أما الناس والله مافي فائدة فيهم 🤦🏻‍♂ هههههههه 😀😀	Positive
1115	#العوده_بعد_كورونا ستعود الحياة أجمل باذن الله ♥️	Positive
1116	مش زعلان إلّا على لكبّرت شفافها و حتلبس كمامة 😂 😂 😂   #سنموت_بعد_قليل #لا_داعي_للهلع #كورونا	Positive
1117	لما تبقي معزوم عند واحد صاحبك وتسمع أمه بتقوله خليهم يدعولنا ربنا يشفينا من كورونا 😂  https://t.co/o3S6pxwXWk	Positive
1118	من كثرة اخبار الحروب و القتل وفيروس كورونا، اخطأت المذيعة وقالت سنموت بعد الفاصل😂 #صباحكم أنيق  https://t.co/39BzodqKqD	Positive
1119	سيذهب الوباء ومعه البلاء بإذن الله ، وسيأتي رمضان ومعه الفرج بأمر الله ؛ إن حدثوك عن أمر مخيف , فحدثهم عن رب لطيف #خليك_في_البيت #كوفيد_19 #الحجز_المنزلي #عُمان	Positive
1120	سيذهب #الكورونا وتفتح المدارس وياتي #رمضان بخير قولوا يا #رب واستغفروا 💛  #تكفون_اقعدوا_في_بيوتكم	Positive
1121	قلت لجدتي .. الكورونا وصلت اليمن ياجده..  قالت لي:   ايش بانستفيد يعني قده بتوصل لـ يد المسؤولين السرق وبيقسموها بينهم البين ولا بنحصل منها شي  .. 🤣😹 قلت لها ياريت والله ربي يسمع منك هههههه 😂😂..	Positive
1122	#تغريدة_اليوم #كورونا_اليمن  حقاً … شر البلية ما يضحك …    #واحد كاتب هذي التغريدة … أضحكتني بقوة 🤦🏻‍♀️😂☺️ 👇  قلت لجدتي :.. #الكورونا وصلت اليمن .  قالت لي:  إيش ب نستفيد يعني قده بتوصل ليد المسؤولين السرق وبيقسموها بينهم البين ولا بنحصل منها شئ …  #ههههههههه	Positive
1123	@SE_lmanshoof @zozohosny606 هههههههه هههههههه هههههههه هههههههه هههههههه لسه حا يولع امال كورونا من ايه	Positive
1124	@Za_almir97 من الصبح متضايقه 😂 الله يلعن كورونا	Positive
1125	@TAlzaidan هههههههههه خلاص بعد كورونا😅 ان شاء الله	Positive
1126	*واحد قال لجدته* الكورونا وصلت اليمن . قالت أيش ب نستفيد هي بتوصل ليد المسؤولين و المشرفين  السرق وبيقسموها بينهم البين ولا بنحصل منها شي 🤣🤣😂😂🤣😹 قلت ياريت والله ربي يسمع منك ههههههههههه😁😎😂🤣	Positive
1127	#كرونا  رغم كل الأخبار السيئة عن فايروس كورونا إلا أني وجدت خبر جيد لمنطقتنا..  حيث أن بعض العلماء يرجّحون أن الفايروس سيختفي مع حلول الصيف لأنه لا يستطيع العيش في الأجواء الحارة.  كما حدث مع فايروس SARS الذي اختفى مع دخول الصيف.  https://t.co/caAKwYx4bR	Positive
1128	@alzelzal_ هههههههههههه نعم والله  كله من #كورونا	Positive
1129	علاج #الكورونا  كل يوم الصبح  تناول  تلت سنن توم 🧄🧄🧄ومع انو التوم ما الو علاقة بالكورونا بس هيك بتضمن لا حدا يقرب عليك و لا حدا يعطس بوجهك😅ودمتم سالمين  🌸كل أربعاء وأنتم بخير 🌸 #نصيحة	Positive
1130	غارقون بنعم الله تعالى فله الحمد والشكر وبإذنه تعالى ستزول جائحة كورونا ( قُلِ اللَّهُ يُنَجِّيكُمْ مِنْهَا وَمِنْ كُلِّ كَرْبٍ)	Positive
1131	#شمس_المعارف  أكثر واحد شفته محترم بحياتي هو فيروس كورونا، من المدرسة للمسجد ومن المسجد للمدرسة، لا يروح حدائق ولا متنزهات ولا مولات..	Positive
1132	@UmEissamaryooma @168Ayooh @zr1farsi @faisalzaid2 @p493krjoDR3Bb8F أصلن كورونا ممنوع التجمعات هههههههه	Positive
1133	قريباً جِداً ستختفي الكمامة ، وستشرقُ الإبتِسامة .. أينَّ الواثِقْونَّ بِالله 🕊❤️؟ #كوفيد_19 #كورونا	Positive
1134	@XGWvFLYvAGohGEQ هههههههه هههههه هههههه هههههه هههههه هههههه هههههه هههههه هههههه هههههه هههههه هههههه هههههه هههههه هههههه هههههه هههههه هههههه هههههه هههههه هههههه حتي من غير كورونا	Positive
1135	العينات العشوائية اللي بتاخدها الصحة في غزة أثبتت أن الفرق بينك وبين اللي معه كورونا، انه هو عمل فحص وانت لأ 🙂😂  #كورونا_غزة	Positive
1136	"في وقت البأساء والضراء والمصائب يَعْظُمُ أجر الصبر، فيُوفى الصابرون أجرهم بغير عد ولا حصر ، وذلك فضل الله يؤيته من يشاء ، "" إنما يوفى الصابرون أجرهم بغير حساب "" والصابرين على ما أصابهم "" و "" والصابرين في البأساء والضراء وحين البأس "" وبشر الصابرين "" . #الحجر_المنزلي  #فيروس_كورونا"	Positive
1137	@onegirl1a_ ههههه اذا خلص كورونا ان شاء الله	Positive
1138	الشعب صايع بره طول اليوم وبالليل يروح يسأل نتائج الكورونا وصلت كام  عايزه اعرف هي كورنا بتيجي بالنهار بس 🤔😩  الشعب فاكرها انتخابات!!! ✋😂 🤣اقعد في بيتك يخرب بيتك	Positive
1139	أظن أن تويتاتي مصابة بـ فايروس كورونا  لـ هذا لا تتفاعلون معها	Positive
1140	@salah5wq @EHadaddin ههههههه الله يبعده ويبعد الكورونا عنا	Positive
1141	"#عمان_تواجه_كورونا   نَحن دائماً نتقلب في نِعم الله  فتارة يُسرٍ و تارة عسر وكِلاهما نِعمة  ففي اليُسر يكون الشُكر  ""وسيَجزي الله الشاكِرين"" و في العُسر يكون الصَبر ""إنما يوفى الصابِرون أجرهُم بِغير حساب"" #اللهم_ارفع_عنا_البلاء  #خلك_في_البيت"	Positive
1142	"#كورونا  #كورونا_الجديد   كُن على يقين : أن هناك شيء ينتظرك بعد الصبر ليُبهرك  ويُنسيك مرارة الألم ، ذاك وعد ربي . ""وبشر الصابرين""✨♥️"	Positive
1143	اللي عجبتني في الكورونا  المسؤولين والنواب وعيت هلت وعيالهم ما يقدروش يعالجو في الخارج😁👌🏻 يا نعيشو مع بعضنا يا نموتو مع بعضنا👌🏻😁  إنها العدالة يا قوم 🤣🤣	Positive
1144	@001Zoran الهروب من كورونا من إخراجي 😂	Positive
1145	أكثر واحد محترم عرفته في حياتي فيروس كورونا، من المسجد للمدرسة ومن المدرسة للمسجد .. لا يروح حدائق ولا منتزهات ولا مولات !  #كورونا  #منقول	Positive
1146	شميت عطرن في محل العطورات هلـت  دمـوعي  والـغلا  يحتويني سألني الكاشير وشبك  سلامات قلت العطر  رشيته  بوسط عيني        وبس        ارتاحوا مافيه رومنسيه الدنيا كلها كورونا😂😂😂 اسعد الله صباحكم	Positive
1147	و الأهم أن كورونا جعل الكثير يعرفون ان المفر إلي الله و الملجأ هو ملك الملوك أن الصبر والحث على التفاؤل والطمأنينه عبادة و منهج رسولنا الصادق الأمين وأخيرا كورونا وضعنا جميعا في حجمنا الطبيعي تحت رحمة الله اللهم عافنا واعفو عنا وارحمنا وابعد عنا هذا البلاء وردنا إليك ردا جميلا🤲	Positive
1148	احسن شيء هالأيام تدخل مصعد متروس ناس وتعطس فيه وتقول الله يلعن الساعة اللي رحت فيها الصين.	Positive
1149	قال تعالى(وَلَنَبْلُوَنَّكُمْ بِشَيْءٍ مِنَ الْخَوْفِ وَالْجُوعِ وَنَقْصٍ مِنَ الْأَمْوَالِ وَالْأَنْفُسِ وَالثَّمَرَاتِ وَبَشِّرِ الصَّابِرِينَ)                      نمر في الحياة بالعديد من الاختبارات و المطلوب منا عبورها بنجاح و الطريقة واحده و هي الصبر #كورونا_في_الكويت	Positive
1150	@mm123zz @AzizbagBag ايه هذا الي يسمي كورونا كارونه هههههههههههههههههه هههههههههههههههههه هههههههههههههههههه هههههههههههههههههه هههههههههههههههههه	Positive
1151	"#سنابات_فطوم_العتيبي  غمض عيونك و اكتب ""فايروس كورونا "" بدووووون غش نشوف الأبداعات😂؟."	Positive
1152	قريبا ستصبح الكورونا من الماضي بحول الله.  قريبا سيرجع المصلون الى المساجد.. ستزول الغمة عن الأمة وسنستقبل رمضان .. سنسمع أصداء التراويح و نرى جموع المعتمرين مبتهجين مطمئنين بإذن الله  #يارب_ارفع_عنا_البلاء  #ايقاف_الصلاه_بالمساجد  https://t.co/DVf22FZP7L	Positive
1153	احسن شي هالايام تدخل المصعد مترووووس ناس وتعطس فيه وتقول الله يلعن الساعه اللي رحت فيها الصين 😂😂	Positive
1154	#فيروس_كورونا 🦠  لي عندو كاش واحد يسالو دراهم يروح ليه هذو #الأيام راه في دارو ماعندو وين يروح هههـ😂ـههه.     #ريح_في_داركم 🏡 #COVID19dz ☣️ #الجزائر 🇩🇿  #وعينا_يحمينا 🗣 #الحجر_الصحي🧘‍♂️#كلنا_مسؤول ✊  #بيتك_حياتك 🚹 #حظر_التجوال_في_الجزائر 🚷	Positive
1155	تخيل تجيلك كورونا قبل ما تتجوز دى تبقى مأساة بعد اذن نهاية العالم يا شباب ملحقتش اتكاثر 😂😂 وانا بتفرج على الحلقة بصوت عمرو عبدالجليل  لا دا انا ازعل اوى 😅😅😅	Positive
1156	و الأهم أن كورونا جعل الكثير يعرفون ان المفر إلي الله و الملجأ هو ملك الملوك .  أن الصبر و والحث على التفائل و الطمأنينه عبادة و منهج رسولنا الصادق الأمين.  وأخيرا كورونا وضعنا جميعا في حجمنا الطبيعي تحت رحمة الله ...	Positive
1157	رغم كل الأخبار السيئة عن فايروس كورونا إلا أني وجدت خبر جيد..  حيث أن بعض العلماء يرجّحون أن الفايروس سيختفي مع حلول الصيف لأنه لا يستطيع العيش في الأجواء الحارة.	Positive
1158	ادريان باين عنده كورونا 😂😂😂😂😂😂😂😂😂😂😂	Positive
1159	🇺🇸: سنموت جميعاً                                            🇮🇹: لا يمكننا النجاة                                        🇸🇦:  الحمدالله الذي                                              بنعمة تمم الصالحات 💍.                                             حتى مع كورونا شغالين 🇸🇦😂	Positive
1160	أحسن شي هالأيام تدخل مصعد مترووووس ناس وتعطس فيه   وتقول الله يلعن الساعة اللي رحت فيها #الصين 😂😂  #كورنا  #كورونا_الصين	Positive
1161	واحد ، قال :  قلت لجدتي ( الكورونا ) وصلت اليمن . قالت أيش بنستفيد ، هي بتوصل ليد المسؤولين واصحاب الحوثي ، السرق وبيقسموها بينهم البين ولا بنحصل منها شي.       🤣😂 😂🤣  قلت ياريت والله ربي يسمع منك .. ههههههههههه	Positive
1162	الشعب صايع بره طول اليوم و بليل يروح يشوف نتائج الكورونا فاكرها انتخابات 😂😂	Positive
1163	@ahmedImndi @RFiorella5 نعم التأمل عن بعد ههههه بزمن الكورونا كل شي عن بعد 😅	Positive
1164	الدولة جات رفدت يوسف جارنا  طليت عليه قلتلو كورونا ؟   قالي لا زطلة زطلة متخافش😂  https://t.co/4Jws8cDToG	Positive
1165	"واحد يسأل صاحبه بعد ما تزوج  بشهر كيف الزواجه. رد عليه على فكرة "" الزواج نفس الكورونا أول  15 يوم ما تشعر بأي  أعراض ، لكن  بعدين تبدا تحس بإختناق    وضيق تنفس ☻💔&lt   #وبعدها_انت_ومناعتك ههههه"	Positive
1166	خلاص ي جماعة خلونا ننسى الكورونا ونبدأ بمنشورات رمضان احنا متأخرين بالمنهج🙂 😂	Positive
1167	أول مرة فى حياتي نشوف صيف وشتاء ورمضان وعطلة و ربيع و وباء وحظر تجول مع بعضهن 😂😂 🤷🏻‍♀️	Positive
1168	@w_ow77 @hfc_aseri يمكن كورونا ههههههههه ههههههه هههههههه هههههه هههههه هههههه هههههه	Positive
1169	ما هو انا مبقاش باكل الحواوشي اللي ب 2 جنيه و تقولولي حاسب الكورونا هيموتك 😂	Positive
1170	*_صدقوني انجح  علاج للوقايه من كورونا :_* صرف خمسة مرتبات  وانا ضامن لكم محد يخرج من بيته شهرين متتاليين! لوما يضبح كورونا ويجلس وحده في الشارع كما  الكلب ويموت من القهررررررررر اما حجر منزلي عطوف ونموت جوع حرام مايجلس واحد بالبيت قاهي موته  😆 ههههههههههههههه   وليد الكامل 😜😜	Positive
1171	الفحوصات المختبرية التي أجريت اليوم شملت 4 حالات لمواطنين من #عدن، و 4 حالات لأشخاص يحملوا الجنسية الباكستانية، وحالة لشخص يحمل الجنسية الألمانية، وأثبتت النتائج خلوهم جميعا من الفيروس. #معا_لمواجهة_كورونا	Positive
1172	#كورونا #الحمد_لله قريباً .. إن شاء الله  ستختفي الكمامة وتشرق الإبتسامة  أين الواثقون بالله - قولوا يارب ... ❤️	Positive
1173	"""الله يلعن ابو الكورونا القفلت المساجد وحرمتنا من صلاة التراويح""  خالد سيد احمد .. ٣٥ سنة ما بصلي الا على النبي لما يشوف بنت حلوه 😂"	Positive
1174	تخيل تبقا مستني الكورونا تخلص؛وبعد متخلص وتيجي تنزل؛تنزل علي دروس ٣ث 😂😂	Positive
1175	اللهم فرّج أموراً ضاقت بها صُدورنا ،وعجزت بها حيلتنا وقل بها صبرنا، اللهمّ أسعِد قلوبنا بما أنتَ أعْلمُ بِه منّا ،اللّهمّ اجْعَل مانريده في حياتنا قريباً لناظرنا سَعيداً لخواطرنا ،اللّهم أسعدنَا سعادةالدّنْيا ❤🙏🏻  #اللهم_البشارات #السعودية_كورونا #اللهم_احفظ_السعوديه_من_كورونا	Positive
1176	جدتي قلتلها راهي دخلت الكورونا الجزائر 🇩🇿 قاتلي درك يدوها غير صحاب المعريفة ولكتاف احنا مايصحنا والو معهم 😄😄😂😂😂😂😂 #ههههه	Positive
1177	غدًا نحكي فصول  الصبر و الغُمّة.. بأن قد زالت البلوى وصارت قصّة تُروى وجاء الغيثُ للأمّة 🕊♥️  الحمدلله ..🙏🏼 #مكة_المكرمة  عودة #الحياه_الطبيعية   #رفع_الحظر وداعاً #كورونا  https://t.co/LIteGqE8yH	Positive
1178	"شيلو اول حرفين من ""كورونا""وحطو بدالهم اول حرفين من اسمكم خلونا نضحك شوي 😂😂😂 لحد يسحببب"	Positive
1179	@BADAWY100000 نخلص من الكورونا ونبقي نشوف الحوار ده😂	Positive
1180	🇺🇸 : سنموت جميعًا 🇮🇹 : لا يمكننا النجاة 🇬🇧 : ودعوا احبابكم 🇸🇦 : وين شحننننتتي... 😂😂😂 #كورونا  #اكثر_شي_سويته_بالحجر_المنزلي	Positive
1181	خلاص يا جماعه خلونا ننسى الكورونا ونبدأ برسايل رمضان، إحنا متأخرين بالمنهج 😁🤣	Positive
1182	قلت لجدتي الكورونا وصلت اليمن . قالت أيش ب نستفيد هي بتوصل ليد المسؤولين السرق وبيقسموها بينهم البين ولا بنحصل منها شي،هههههه منقول 🤣🤣😂😂🤣😹 قلت ياريت والله ربي يسمع منك ههههههههههه😁😎😂🤣	Positive
1183	- عاملين ايه في الكورونا ؟  = جوازات خطوبات ارتباطات كتشيير اوي  - ومش خايفين تتعدوا ؟  = ههههه ..متسمعنا زغروطه  https://t.co/iKPCPKVHIh	Positive
1184	تباً ،،  أظن أن منشوراتي مصابة بـ فايروس كورونا   لـ هذا لا تتفاعلون معها . . أين أنتم يا أوغاد ؟!   🤠   كيفني بالفصحى ؟	Positive
1185	لوكانت بداية الكورونا عندنا لايموت مليون يمني ولا احنا عارفين ما السبب وجالسين نقول يمكن (عين) 😆 هههههههههههههههههههههه 😂😂😂 😜😜 #كورونا	Positive
1186	رغم كل الأخبار السيئة عن فايروس كورونا إلا أني وجدت خبر جيد لمنطقتنا..  حيث أن بعض العلماء يرجّحون أن الفايروس سيختفي مع حلول الصيف لأنه لا يستطيع العيش في الأجواء الحارة.  كما حدث مع فايروس SARS الذي اختفى…  https://t.co/c5hJGVE2sh	Positive
1187	أحسن شي هالأيام تدخل مصعد مترووووس وتعطس فيه ويقولك صاحبك شلون رحلة الصين ...!!!!!!😜   إنحش ياولد 🏃🏻‍♂🏃🏻‍♂🏃🏻‍♂🏃🏻‍♂🏃🏻‍♂🏃🏻‍♂🏃🏻‍♂ 😂😂	Positive
1188	#السعوديه_تحتل_17_ضد_كورونا ٍسائق اسعاف يقول اليوم الظهر رحنا لعائلة ناخذ ابنهم مصاب بالكورونا  يقول جهزنا امورنا طلعنا وصلنا للبيت المصاب دقينا الباب طلعت لنا مره كبيره بالسن .  قلنا لها خاله وين المصاب ؟  قالت راح يجيب خبز. استريحوا ، هالحين يجي 😩😩	Positive
1189	اللهُم فرّج أُمورًا ضاقت بِها صُدورنا وعجزت بِها حيلتُنا وقلّ بِها صبّرنا اللهُم أسعِد قلوبنا بِما أنت أعلم بِه منّا اللهُم اجّعل مانُريده في حياتنا قريبًا لِناظرنا سعيدًا لِخواطِرنا اللهُم أسّعدنا سعادتين الدّنيابِخيرِهاوالجنّةبفردوسها. #العراق  #كورونا  #كوفيد_19  #الطايف_الان	Positive
1190	وفجأة مبقاش فيه كورونا 😂	Positive
1191	الجزائر ستكون ثانى بلد يتغلب على الكورونا بعد الصين ، لأننا نحترم الحجر الصحي . هكذا سمعت واحد يهدر فى لاشان تع زلابية	Positive
1192	*غداً أجمل بأذن الله*  غداً ستصبح الكورونا من الماضي  غداً سيرجع المعتمربن إلى الحرم ، والمصلين إلى المساجد  غداً سيعود الاولاد إلى مدارسهم ، والموظفين إلى أعمالهم  غداً ستعود الحياة إلى طبيعتها غداً سيكون أجمل بإذن الله...! فلنأخذ جرعة أمل ولا نيأس من رحمة الله....  https://t.co/x6c7eWX46o	Positive
1193	@rawan_tareek دا وباء باين 😂😂	Positive
1194	تجد مغنياََ أو ممثلاََ أو لاعب كورة  او من يطلق عليهم مشاهير السوشيل ميديا لا يفقهون شيئاََ  ووضعه في المجتمع VIP و الأهم أن كورونا جعل الكثير يعرفون ان المفر إلي الله و الملجأ هو ملك الملوك  أن الصبر والحث على التفائل و الطمأنينه عبادة و منهج رسولنا صلى الله عليه وسلم	Positive
1195	@AfnanSolimann حاضر نخلص بس من الكورونا و نشوف الموضوع ده 😂😂😂😂😂😂	Positive
1196	@Salamaroshdy78 ههههههههههه... ياريت.. دول أخطر من كورونا	Positive
1197	العالم لابسين كمامات وخايفين من كورونا وابو يمن عامل اشتراك ههههههههههه  https://t.co/VtznZmvFV6	Positive
1198	#وزارة_الصحة تعلن أن الدواء 🧪 المكتشف من طرف #بوناطيرو يقضي علي الفيروس والمريض معا 🤣😂  #ريح_في_داركم 🏡 #COVID19dz  #الجزائر 🇩🇿 #فيروس_كورونا ☣️ #وعينا_يحمينا  #كلنا_مسؤول  ✊ #بيتك_حياتك 🚹 #حظر_التجوال_في_الجزائر 🚷	Positive
1199	"#العوده_بعد_كورونا. .غداً ستعود الحياة أجمل مما كانت ."""	Positive
1200	من كتر اخبار الحرب والقتل وفيروس كورونا غلطت وقالت سنموت بعد الفاصل😂😂  https://t.co/rjcBjWMPLa	Positive
1201	#كورونا_السعوديه  ستنجلي هذه الغمة بإذن الله وسيرفع الله البلاء وستعود الحياة كما كانت سنفرح جميعا ان شاء الله ثقوا بالله وأحسنوا الظن فيه.. اللهم إنك قُلت (فَمَا ظَنُّكُم بِرَبِّ الْعَالَمِينَ) وظننا فيك أنك تعفو وتغفر وترحم وتكشف مانحن فيه فاعف عنّا واغفر لنا وارحمنا يا رحيم..	Positive
1202	@HayahKhalil الموقع جاله كورونا باين 😂😂💔  https://t.co/249lCYO822	Positive
1203	@annabella_hilal الله يلعن ابو ال #كورونا  😍	Positive
1204	@mohd_smsma مبقاش فيه حب فيه كورونا 😂😂	Positive
1205	واحد بيسال صاحبه  كيف الزواجه قال .  الزواجه نفس الكورونا  أول 15 يوم ما تشعر بأي  أعراض .  وبعدين تبدا تحس بإختناق وضيق تنفس .. و بعدها انت و مناعتك 🤣🤣🤣#ههههههههههه  تشبيه قاتل صراحه	Positive
1206	قريبا ستصبح الكورونا من الماضي وقريبا سيرجع المعتمرون إلى الحرم والمصلون الى المساجد والجوامع غداً سيكون أجمل بإذن الله تمتع بالأمل ولا تيأس من رحمة الله بإذن الله ستزول الغمة عن الأمة وسنستقبل رمضان مبتهجين مطمئنين  بإذن الله ذلك نهج الأنبياء:بشروا ولاتنفروا  #كورونا_الوعي_الصحي	Positive
1207	خايف يجيبوا لقاح الكورونا وما يكفينا يقوموا يزيدوه مي  الاردن وبعرفها كلشي بنزيدو مي عشان ما يخلص 😂	Positive
1208	بعض العلماء يرجّحون أن الفايروس سيختفي مع حلول الصيف لأنه لا يستطيع العيش في الأجواء الحارة.  كما حدث مع فايروس SARS من قبل الذي اختفى مع دخول الصيف.  #كورونا_الجديد #كورونا #كورونا_الجديد  #العيد_الوطني_الكويت	Positive
1209	صرنا كل ٣ ساعات غم نغير البيجامات مش لأنن عم يتوسخوا إنما عم بضيقوا! 😅  #لا_داعي_للهلع #سنموت_بعد_قليل #كورونا_لبنان #منظمة_الصحة_العالمية	Positive
1210	أحسن شي هالأيام تدخل مصعد مترووووس ناس وتعطس فيه   وتقول الله يلعن الساعة اللي رحت فيها الصين ..  اللي ما كتب هالتغريدة خل يكتبها بسرعة قبل لا يجيه الفايروس	Positive
1211	احدث زاقوى  علاج فيروس #كورونا_في_الكويت  إمضغ فصين من الثوم  هذا لا يساعدك في شيء  لكن سيبعد عنك الناس مسافة كافية لعدم التقاط الفايروس 🤣🤣🤣🤣	Positive
1212	"ستنجلي هذه الغمة بإذن الله وسيرفع الله البلاء وستعود الحياة كما كانت سنفرح جميعا ان شاء الله ثقوا بالله وأحسنوا الظن فيه اللهم إنك قلت""فما ظنكم برب العالمين"" وظننا فيك أنك تعفو،وتغفر،وترحم وتكشف مانحن فيه،فاعف عنا،واغفر لنا، وارحمنا يا ارحم الراحمين♥️  #كورونا_مرض_استغفر_ولاتسخر"	Positive
1213	راني خايف كيجيبولنا لقاح تاع كورونا و كي ميكفيش يزيدولو الماء  بلادي ونعرفها 🤣🤣🤣	Positive
1214	لماذا سميت سورة يوسـف بأحسن القصص لأنها تعلمنا أن السجين سيخرج والمريض سيشفى والغائب سيعود والحزين سيفرح والنادم سيغفر له والكرب سيزول والمحب سيلقى والعفو عما مضى أجمل نهاية وأن إبتلاء المؤمن كله خير فمع الله لا يخيب رجاء فلا تيأس وثق بالله  #غرد_بالخير #الكويت #Covid_19  #كورونا	Positive
1215	سميت [سورة يوسف] بأحسن القصص ، لأنها تعلمنا أن : السجين سيخرج والمريض سيشفى والغائب سيعود والحزين سيفرح و الكرب سيزول وأن إبتلاء المؤمن كله خير  فمع الله لا يخيب رجاء فلا تيأس ، وثق بالله  فلا تحملوا الأرض فوق رؤوسكم وقد جعلها الله تحت أرجلكم  #حظر_التجول  #فيروس_كورونا	Positive
1216	"#يوم_الجمعة  مركز كليفلاند الطبي الأمريكي : "" دواء ريمديسيفير ""  1 - فعال ويسيطر على فيروس كورونا . 2 - ينجح بتقليل مدة الشفاء ل 4 أيام .  قريباً ستعود الحياة جميع الدول تسابق الزمن ❤️❤️"	Positive
1217	الشعب طول اليوم فالشوارع وفالليل يروح ايشوف فالنتائج الكورونا يحسبونها انتخابات ❤️	Positive
1218	الجو حق شوي الله يلعن كورونا 😂	Positive
1219	أحسن شي هالأيام تدخل مصعد مترووووس ناس وتعطس فيه 🗣  وتقول الله يلعن الساعة اللي رحت فيها الصين 🇨🇳🇨🇳  👾👾 #مرض_كورونا   😂😂  https://t.co/2xEShn9jeO	Positive
1220	#خليك_في_البيت ستذهب كورونا ويرفع الحجر .. سيزول الخوف والقلق وتفتح ابواب البيت الحرام وتعج اركانه بأصوات الملبين والمعتمرين   سترفع أصوات المأذن بصوت التراويح والدعاء . سيأتي رمضان بخير   فقط ثقوا بالله  قولوا يارب واستغفروا (وماكان الله معذبهم وهم يستغفرون )	Positive
1221	تخيل تبقي موسوس زيي ويجي فيروس زي الكورونا ده يكمل عليك 😂😂😂	Positive
1222	رغم كل الأخبار السيئة عن فايروس كورونا إلا أني وجدت خبر جيد لمنطقتنا..  حيث أن بعض العلماء يرجّحون أن الفايروس سيختفي بمشيئة الله مع حلول الصيف لأنه لا يستطيع العيش في الأجواء الحارة.  كما حدث مع فايروس SARS الذي اختفى مع دخول الصيف.   #كورونا	Positive
1223	{ وَلَنَبْلُوَنَّكُم بِشَيْءٍ مِّنَ الْخَوْفِ وَالْجُوعِ وَنَقْصٍ مِّنَ الْأَمْوَالِ وَالْأَنفُسِ وَالثَّمَرَاتِ ۗ وَبَشِّرِ الصَّابِرِينَ } { وَمَا بِكُم مِّن نِّعْمَةٍ فَمِنَ اللَّه } #فيروس_كورونا  #الضريبة_المضافة  #الضريبة_المضافة_الجديدة  #الصبر #الإستغفار #الحمدلله	Positive
1224	@DrMaisa_Q8 هههههههه علبالهم فيج كورونا 🤸🏽‍♂️ بعيد الشر	Positive
1225	#بنت_مجنونه_توصيف أحسن شي هالأيام تدخل مصعد متروس ناس وتعطس فيه.    وتقول الله يلعن الساعة اللي رحت فيها الصين.	Positive
1226	وقد اجرى المركز الوطني لمختبرات الصحة العامة في أمانة العاصمة الفحوصات المختبرية لجميع هذه الحالات وتبين ولله الحمد خلوهم جميعا من فيروس كورونا.	Positive
1227	خلاص يا جماعه خلونا ننسى الكورونا  و نبدأ برسايل رمضان .. إحنا متأخرين بالمنهج 😂😂  https://t.co/s0Axljm7EL	Positive
1228	@Imen19437345 ههههههه سما نصبر كي تروح كورونا 😂	Positive
1229	علاج #فيروس_كورونا:إمضغ حصين من الثوم، هذا لا يساعدك في شيء لكن سيبعد عنك الناس مسافة كافية😅😂.	Positive
1230	الجزائر ستكون ثانى بلد يتغلب على الكورونا بعد الصين لأننا نحترم الحجر الصحي !!! سمعت واحد قالها  فى لاشان تاع زلابية 😏😏	Positive
1231	قريباً .. إن شاء الله  ستختفي الكمامة وتشرق الإبتسامة  أين الواثقون بالله - قولوا يارب ... 🤲♥️ #الحالات_النشطه  #كورونا  #الصحة	Positive
1232	قلت لجدتي الكورونا وصلت اليمن .مسكينه جدتي تعتقد بان كرونا دعم اغاثه لليمن  قالت أيش ب نستفيد هي بتوصل ليد المسؤولين السرق وبيقسموها بينهم البين ولا بنحصل منها شي 🤣🤣😂😂🤣😹 قلت ياريت والله ربي يسمع منك ههههههههههه😁😎😂🤣	Positive
1233	#العوده_بعد_كورونا  🇺🇸 : سنموت جميعًا 🇮🇹 : لا يمكننا النجاة 🇬🇧 : ودعوا احبابكم 🇸🇦 : وين شحننننتتي  عايشين رغم الظروف ههههههههههههههههههههههههههههههههههههههههههههههههههههههههههههههههههههههههههههههههههههههه	Positive
1234	قال لها : عيناكي مثل فيروس كورونا لا دواء لهما... رفعت رأسها بخجل وقالت له : وقلبك مثل مستشفيات الدول العربيه كل غرفه فيها عشرة مرضى..  https://t.co/cjrtaRVnD4	Positive
1235	سيذهب #كورونا  وتفتح المساجد ويأتي رمضان وسنصوم ونصلي التراويح والقيام  فقط أحسنوا الظن بالله وقولوا #يارب	Positive
1236	أحسن شي هالأيام تدخل مصعد  مترووووس ناس وتعطس فيه   وتقول الله يلعن الساعة اللي رحت فيها الصين 😂😂  هلو مين معاي	Positive
1237	مالي ارى الناس في رُعبٍ يؤرقهم  من الكُورُونا كأن الموت قد وصلَا  يا خائفاً من لقاء الموت مرتعداً هل يمنع الخوف أمر الله إن نزلَا  َالموت كأساًُ وحتماً سوف نشربهُ لا شك إنّا سنرحلُ مثل من رحلَا  فلا تموتوا بداء الخوف وابتسموا لا ينتهي العمر حتى نَبلُغ الأجـــلا     راقت  لي 👋👍	Positive
1238	أكثر واحد شفته محترم بحياتي هو فيروس كورونا  من المدرسه للمسجد ومن المسجد للمدرسه لا يروح  حدائق ولا متنزهات ولا مولات.....  #كورونا #تبوك	Positive
1239	*_صدقوني انجح  علاج للوقايه من كورونا :_* صرف خمسة مرتبات  وانا ضامن لكم محد يخرج من بيته شهرين متتاليين! لوما يضبح كورونا ويجلس وحده في الشارع ساع الكلب ويموت من قهررررررررره اما حجر منزلي عطوف ونموت جوع حرام مايجلس احد بالبيت قاهي موته  😆 ههههههههههههههه  😂😂😂😂😂😂	Positive
1240	قالو الصين جواها ضحايا ..  دي فيها فيرس كورونا قتال  طب احنا عرفنا ليه نهايه..  يموت يا علاج يكون فعال  لكن فيرسنا في صحابنا ملهوش علاج طبع الاندال 😂😂	Positive
1241	@iiiaz77 @abdulhdi12 @1qadem الحب في زمن الكورونا هههههههه	Positive
1242	عاااااجل وزارة الصحة : فيروس كورونا مبقاش مستجد، دة صاحب مكان 😂😂😂😂	Positive
1243	عاملين إيه في إسكندرية في الكورونا؟  =جوازات وخطوبات وحاجات كتشيرة اوي ومش خايفين تتعدوا؟؟  =هههههههه متسمعنا زغروطة 😂😂  https://t.co/0hPfITjmCL	Positive
1244	#خربشات هههههههه #الأردن #كورونا #الحكومة_الاردنية #انا_الشعب  https://t.co/IO225ZsLrK	Positive
1245	قريبا ستختفي الكورونا  وتشرق الابتسامة أين الواثقون بالله قولوا يااااااارب واستغفروا	Positive
1246	@TwitterMENA @Ibra2030VRO هههههههههههههههههه حتى تويتر خايف من كورونا 🤣	Positive
1247	يخوفي يجيبو لقاح الكورونا وما يكفينا يقوموا يزيدوه مي ويخضوا العلبة   حركات الفلسطينية وعارفينها 😂	Positive
1248	احلى حاجه فـ موضوع الكورونا ده انه مش هيخلينا نشوف الاشكال دي فـ صلاه العيد 😂 #تويتر  https://t.co/cYppgJDhTG	Positive
1249	@Lili8738307222 @Rachad65898519 @jemoule2323 @djamel_dz100 ههههههه  كي تروح كورونا 😂	Positive
1250	#عمان_تواجه_كورونا  غدًا نحكي فصول الصبر، والغُمّة..! بأن قد زالت البلوى، وصارت قصّة تُروى  وجاء الغيثُ للأمّة..!	Positive
1251	"كونوا على يقين : أن هناك شيء ينتظركم بعد الصبر  ليُبهركم  ويُنسيكم  مرارة  الألم   #الامام_علي 💚💚💚💚💚  ذاك وعد ربي...🙏🏻🙏🏻🙏🏻                                 ""وبشر الصابرين""  صدق الله العلي العظيم  #تكفون_اقعدوا_في_بيوتكم  #حظر_تجول_اجباري_ينقذنا  #الكويت_تحارب_كورونا"	Positive
1252	@Abo_Torki_ ههههه الوعد بعد كورونا ان شاء الله	Positive
1253	- عاملين ايه ف المنصورة اللي مليانة كورونا دي ؟ = جوازات .. خطوبات .. ارتباطات .. كتشييييييييير اوي - ومش خايفين تتعدوا ؟ = هههه !!!! ما تسمعونا زغروطة.  https://t.co/eivlikEGs3	Positive
1254	خلاص ياجماعه✋ خلونا ننسي كورونا ونبدأ برسايل رمضان احنا متاخرين بالمنهج😂😂😂😂😂  https://t.co/3YoqIDOXZv	Positive
1255	#محفظتك_ماتنقص  احسن شي هالايام تدخل اصنصير متروس ناس وتعطس فيه وتقول الله يلعن الساعه الي رحت فيها الصين اصدمهم 😊	Positive
1256	#بسبب_كورونا ستعود الحياة أفضل مما كان بإذن الله تعالى..  https://t.co/prAuZiJqYe	Positive
1257	كُن عَلى يقين : أنَ هُناكَ شَيء ينتظرك بَعد الصَبرّ ليُبهرك وينُسيكَ مَرارَة الألمّ ؛ ذاكَ وعدُ رَبي ( وبَشِـرّ الصَابرين )🌷   #قبل_كورونا	Positive
1258	بس قال وزير الصحة لا داعي للهلع  سكو اجريه لحالن😭! تذكرت حاكم مصرف لبنان بس قال لا داعي للهلع بموضوع الليرة!  #كورونا #لبنان ⁧#سنموت_بعد_قليل⁩	Positive
1259	بعض الناس يرفض المصافحة خايف من كورونا لكن تدي له فلوس  يلحس أصابعه وهو يعدها... ههههههه هههههه 😅 😅 😂 🤣	Positive
1260	عندي إحساس داخلي نفس ما جاء هذا الوباء فجأة بقدرة الله وحده وغيّر نمط حياتنا راح يروح فجأة وبقدرة الله وحده بترجع حياتنا نفس أول وأحسن . واثق جدًا في رحمة الله وكرمه الله يعز الحكومة  💚.  #منع_التجول	Positive
1261	اتخيل لحظه انتهاء وباء كورونا يوم المسايد تنور ونسمع التكبير والحمد فيها والشوارع والقهاوي ترجع مليانه والناس طالعه والمطارات ترجع من اول ويديد وكلهم برا مستانسين  شلون بتكون هالليله عظيمه ومفرحه وسعيده وايد كأنها ليله العيد ؟ الله يعجل فيها يارب 🤲❤️	Positive
1262	#راعي_السطحه_وقدرهالشيبان كانوا يقولوا لنا  انتم اصحاب النيدو 🌚  هيا اقنعو كورونا انكم اصحاب السمن والعسل 😁  😂😂😂😂😂😂🤣🤣🤣	Positive
1263	"كذا  كملت  اليوم طلع واحد في مصر يقول  انه ""المهدى المنتظر""...2020 باين انها ماراح تعدي على خير😂😂😂😂😂😂😂 #فيروس_كورونا #سنه_2020 #خلك_في_البيت  https://t.co/KJ4UvBafyE"	Positive
1264	كن على يقين أن هناك شئ ينتظرك بعد الصبر  ليبهرك وينسيك مرارة الألم .. هذا وعد ربي🤍 #كورونا_الجديد	Positive
1265	بتروح لك مشوار .. قلتلها يا ريت قالت لكن أوعا تغار ..حواليّ الكورونا كتار قلتلها بطلت .. خليني بالبيت😂😂😂#بهالوقت_لازم	Positive
1266	سيذهب الوباء ومعه البلاء بإذن الله ..   وسيأتي رمضان ومعه الفرج بأمر الله ..  تفائلوا بالخير تجدوه .#كوفيد_19 #اللهم_رمضان_بلا_بلاء	Positive
1267	#كورونا #الحمدلله قريباً .. إن شاء الله  ستختفي الكمامة وتشرق الإبتسامة  أين الواثقون بالله - قولوا يارب ... ❤️	Positive
1268	#غزة من الحصار إلى كورونا. لقد صدق فيها قول الله تعالى: (ولنبلونكم بشيء من الخوف والجوع ونقص من الأموال والأنفس والثمرات وبشر الصابرين) الابتلاءات الخمس نزلت بساحة غزة، وبقي على الغزيين الصبر حتى ينالوا البشرى.	Positive
1269	@Mu7aNaD__ هههههههه يجوز خايف من كورونا 😅	Positive
1270	@OfficialHenedy كورونا الصين العظيم ههههههههه ههههههههه ههههههههه ههههههههه ههههههههه	Positive
1271	قالو جاي اعصار وفيضان يعني اللي ماجاته كورونا واللي ماطلعش  اسمه فالمسحورين ايشيله روحه	Positive
1272	😂   من   كثره  اخبار  الحروب  والقتل    وفيروس   كورونا  اخطات  وقالت ..... سنموت  بعد  الفاصل   😂  https://t.co/TZYMdcTYN0	Positive
1273	أحسن شي هالأيام تدخل مصعد مترووووس ناس وتعطس فيه   وتقول الله يلعن الساعة اللي رحت فيها الصين 😂😂	Positive
1274	تبا أظن أن منشوراتي مصابة بـ فايروس كورونا  لـ هذا لا تتفاعلون معها . .🤷‍♂️	Positive
1275	قلت لجدتي الكورونا وصلت اليمن قالت لي ايش ب نستفيد يعني قده بتوصل ليد المسؤولين السرق وبيقسموها بينهم البين ولا بنحصل منها شي 🤣😹 قلت له ياريت والله ربي يسمع منك ههههههه	Positive
1276	#فايروس_كورونا دعوة لي ولـكم :  اللّهم فرّج أُموراً ضاقت بها صُدورنا ، وعجزت بها حيلتنا وقلّ بها صبرنا ، اللهم أَسعِد قلوبنا بما أنتَ أعلمُ بِه منّا ، اللهمّ اجعَل مانُريده في حياتِنا قريباً لِناظرنا سَعيداً لخواطرنَا ، اللهمّ أسعدنا سعادتين  الدّنْيا بخيرِها والجنة بِفردوسها	Positive
1277	@MohamedAyhamDZ ههههههههههه ههههههههههه ههههههههههه ههههههههههه جيل كورونا	Positive
1278	#نقدر_نوقفها  غاليتي الطالبة عزيزي ولي الامر حرصاً على سلامتكم من فايروس كورونا يجب غسل اليدين جيداً ،تغطية الفم عند السعال و تجنب الاتصال المباشر مع الاشخاص المصابين #نقدر_نوقفها @washoolh @riyadh_edu @moe_gov_sa @Media_M_E @eshraf_bdi3ah  https://t.co/YGJN4wNEA8	Positive
1279	@Mo13589 الله يلعن كورونا هي السبب مادري ليش بس الله يلعنها 😂😂😂😂😂😂😂😂😂😂😂😂😂	Positive
1280	احلي حاجه في موضوع الكورونا انه مش هيخلينا نشوف الناس دي في العيد 😂 ولا اللى بيعملوا فى الصلاه 😖  https://t.co/V9bpBAvpwq	Positive
1281	أحسن شي هالأيام تدخل مصعد مترووووس ناس وتعطس فيه  وتقول  ايش اللي وداني الصين لو قاعد في البلاد احسن لي  😂😂	Positive
1282	@AlAldaajani هههههههههه ان شاء الله بعد كورونا ههههههه	Positive
1283	أحلى شي تسويه هاليومين تدخل مصعد متروس ناس وتعطس 🗣  وتقوول الله يلعن الساعة الي رحت فيها الصين 😂😂	Positive
1284	وين يبان فيروس كورونا قدام فيروس عسونا في الجزائر⁦🇩🇿⁩😂😂 #فيروس_كورونا #الجزاير	Positive
1285	عم اشتري بزر من المحمصة لقيت الزلمة لابس كفوف  قلتلو ياريت كل الناس متلك قلي طبعاً لازم نخاف عبعض نفخ بالكيس و عبا بزر 🤣  #كورونا	Positive
1286	الفرق بينك وبين الي معه كورونا انه هو عمل فحص وانت لا 🤭	Positive
1287	الابتلاءت سنة الحياة فتسلح فيها بقوة الصبر واليقين بربك    وأبشر   ﴿ولنبلونكم بشيء من الخوف والجوع ونقص من الأموال والأنفس والثمرات وبشر الصابرين﴾  #الكويت_تحارب_كورونا	Positive
1288	قابلت واحد في الصيدلية قال فيه علاج كورونا رد الصيدلي لا  قال اجل عطنا فياجرا لين الله يفرجها من عنده 😂😂😂	Positive
1289	@ban_hfc الكورونا عندنا حنا بس 😂😂	Positive
1290	شفت واحد في الصيدلية قال فيه علاج كورونا رد الصيدلي لا  قال اجل عطنا فياجرا لين الله يفرجها  😂😂😂	Positive
1291	✨ غداً ستصبح كورونا من الماضي  ✨ مثل ماسبقها كالحصبة والجدري والتيفوئيد والطاعون...الخ  . ✨غداً سيذهب الناس إلى أعمالهم وسيتحسن الاقتصاد ✨وغداً ان شاء الله سيعود كل شيء إلى سابق عهده واحسن   🌹 شارك بصناعة الأمل 🌹  ✨ #شارك_بصناعة_الأمل ✨	Positive
1292	@Wele187 الله يلعن كورونا وسوس بي 😂😂😂	Positive
1293	@AlArabiya_Brk هههههههه احلا نكته في زمن الكورونا	Positive
1294	هكذا تعقمون هواتفكم لتجنب كورونا  https://t.co/3WSlxPjVVU  نيوز سناب - روسيا اليوم	Positive
1295	غداً ستُصبِح الكورونا من الماضي كالحصبة والطاعون ، وسيرجعُ المُعتمرون إلى الحرمين ، والمُصلون إلى المساجِد ، غداً ستعود الحياة أجّمل ، جُرعة إيجابية وثقةٌ بالله♥️♥️.  https://t.co/gchZzoPLzI	Positive
1296	انتم من تستحقون الشكر  انتم الخط الجهادي الأول في مواجهة هذا العدو المخفي تضحياتكم محل تقدير  عملكم سهركم شوقكم لأهلكم وبعدكم عنهم عن الاطفال والاباء والامهات  برهنتم انكم في الشدائد الابطال حفظكم الله من كل مكروه #شكرا_ابطال_كوفيد_19	Positive
1297	@z_alshmrii هههههههههه حب في زمن الكورونا 🤣	Positive
1298	مسطول  قالو ليهو : رأيك في وباء الكورونا شنو؟ قال : والله ذي جوائز سوداني و زين وMTN  نسمع بالفائزين وماحصل شفناهم 😂😂😂😂😂	Positive
1299	من كثرة أخبار الحرب والقتل وفيروس كورونا  أخطأت المذيعة  وقالت،،، سنموت بعد الفاصل 😆  https://t.co/N7B024hjSd	Positive
1300	أحسن شي هالأيام تدخل مصعد متروس ناس و تعطس فيه و تقول الله يلعن الساعة اللي رحت فيها الصين😂  #كورونا_الجديد	Positive
1301	#كورونا   سيذهب الوباء ومعه البلاء بإذن الله  وسيأتي رمضان ومعه الفرج بأمر الله	Positive
1302	الشعب طول اليوم بالشوارع ،،، وبالليل يروح يشوف احصائيات الكورونا حسبالهم انتخابات😜	Positive
1303	واحد يسأل صاحبه بعد  زواجه بشهر  كيف الزواج؟ رد عليه بسرعه وقال :  الزواج مثل (  الكورونا ) يا صديقي   أول  15 يوم ما تشعر بأي  أعراض ، لكن بعد ذلك تبدا تحس بإختناق  وضيق تنفس و بعدها انت ومناعتك ..   يا تموت شهيد ياتعيش مجاهد طول عمرك هههههه 🤣🤣🤣🤣🤣	Positive
1304	اللي عجبتني في الكورونا  المسؤولين والنواب وعيت هلت واعيالهم ما يقدروش يعالجو في الخارج يا نعيشوا مع بعضنا يا نموتو مع بعضنا 😂😂 إنها العدالة الكورونية 💯هيا تووجع بس مائه المائه 👌👌👌👌	Positive
1305	من كثره ما يحدث في العالم من قتل وسرقه وفيروس كورونا أخطأت المذيعه وقالت سنموت بعد الفاصل 😊😊  https://t.co/E0y7uIf7su	Positive
1306	@binfares65 @An__24_ @hmr9696 @wo__88 @thawraji_ @511hishhis511 @Caspr0v @ah96d @karam_haje_oglu بسكوت في زمن الكورونا هههههه 😂	Positive
1307	علمتني قصة يوسف   ان الغائب سيعود والمريض سيشفى وان الحزين سيفرح والكرب سيزول #كورونا_الكويت	Positive
1308	هذا  واحد#ذماري مغترب بشيء دولة 😉😎😂😂 يقول : بعد القعدة في البيت بسبب #كورونا ،  كل ما تمر زوجتي من جنبي ، تقول الله يخلصنا ويفكنا من بعض البلاوي على خير ،  مدري هي تقصد #الكورونا  والا تقصدني 🤔...!!!! اكيد كليكما 😉✌هههههههههههههههه 😍 😂 😃 😄 😅 😆 😆 😅	Positive
1309	@yousam0e ههههههه بلاش احسن كورونا بالمرصاد   كفانا الله واياكم شرها.	Positive
1310	CDC تقر انتشار كورونا عبر الهواء ههه هههه هههه هههه هههه هه هه ه ه	Positive
1311	أحسن شي هالأيام تدخل مصعد مترووووس ناس وتعطس فيه   وتقول  ايش اللي وداني الصين 😂😂 وشوف الاكشن.	Positive
1312	@LFofficialpage @MahfoudElie ههههههههههه ضحكتني في زمن الكورونا	Positive
1313	من كثرة اخبار الحرب والقتل وفيروس كورونا غلطت وقالت : سنموت بعد الفاصل😂  https://t.co/bTIRcSqZOE	Positive
1314	غداً ستعود الحياه اجمل مما كانت   #كورونا  #خليك_في_البيت	Positive
1315	"""الله يلعن ابو الكورونا اللي قفلت المساجد وحرمتنا من صلاة التراويح ""  - القائل محمود .. ٣٥ سنة مش بيصلي غير على النبي لما يشوف بنت حلوة بس! 🙂"	Positive
1316	@alaa0709 خلي كورونا يروح بس 😁🔥🔥🔥	Positive
1317	هكذا تعقمون هواتفكم لتجنب كورونا #عمون  https://t.co/fFNbLZg8Wh  https://t.co/501IPeBTTZ	Positive
1318	علاج فيروس كورونا : إمضغ فصين ثوم هذا لا يساعدك في شيء لكن سيبعد عنك الناس مسافة كافية😄😄 #كورونا	Positive
1319	@NoraAhm90543775 وفي بقه ايه دا انت خايف من كورونا هههههه	Positive
1320	@fatooma_dz هههههه استغرب الخروج في زمن الكورونا😂😂😂😂	Positive
1321	#٦_حالات_كورونا_تداهم_النصر هههههه اكيد الطواقي مسوي ذا الهاشتاق	Positive
1322	لما تبقي معزوم عند صحبك وتسمع أمه بتقوله خليهم يدعلنا نخف من كورونا 🤣😷  https://t.co/f6HnmcfUd4	Positive
1323	سيذهب الكورونا وتفتح المدارس وياتي رمضان بخير قولوا يارب واستغفروا 💛🙏	Positive
1324	قال  لها عيناكِ مثل فيروس كورونا لا دواء لهما  رفعت رأسها بخجل وقالت   وقلبك مثل مستشفيات الدول العربية  كل غرفة  فيها عشرة مرضى😷😂😂😂	Positive
1325	#الحجر_الصحي #خليك_في_البيت ستذهب كورونا ويرفع الحجر .. سيزول الخوف والقلق وتفتح ابواب البيت الحرام وتعج اركانه بأصوات الملبين والمعتمرين   سترفع أصوات المأذن بصوت التراويح والدعاء سيأتي رمضان بخير  ...  فقط ثقوا بالله  قولوا يارب واستغفروا (وماكان الله معذبهم وهم يستغفرون ) ❤🙏🏻	Positive
1326	بدنا نحارب الكورونا بدنا نحارب غلاء الأسعار  بدنا نرجّع  البلد خالية من كلشي بشع  خلونا اليوم كلنا نشارك بهالمبادرة😌 الساعة 12 بليل الكل يوقف عالبلكون و ينط لتحت🤸🏻😂 ®	Positive
1327	أكثر واحد شفته محترم بحياتي هو فيروس كورونا، من المدرسة للمسجد ومن المسجد للمدرسة، لا يروح حدائق ولا متنزهات ولا مولات..   😊	Positive
1328	الشعب المويتي طول اليوم بالشوارع و بالليل يروح يشوف احصائيات الكورونا  حسبالهم انتخابات 😂😂😂	Positive
1329	قاعد أتخيّل لحظة أنتهاء وباء كورونا يوم المساجد تنوّر ونسمع التكبير والحمد فيها والشوارع  والكفيهات ترجع مليانة والناس طالعة والمطارات ترجع من أول ويديد و كلهم برّا مستانسين  شلون بتكون هالليلة عظيمة ومُفرحة وسعيدة جدًا كأنها ليلة العيد ؟ الله يعجل فيها ياارب 🙏🏻♥️♥️	Positive
1330	علاج #الكورونا   كل يوم الصبح الواحد يقرط 3 سنان ثوم و مع انو الثوم ما ألو علاقة بالكورونا بس هيك بتضمن لا حدا يقرب عليك و لا حدا يبوسك ..😅😅	Positive
1331	رسمت لك قلبي على شكل خفاش وادخلت  حبك فية  مثل الكورونا   اهداء لحبيبتي #ههههههههههه  https://t.co/HJhtLKOW8c	Positive
1332	@arabqoute الكورونا في الجزائر 😂😂	Positive
1333	@Mishal94cr بعد كورونا ان شاء الله يوصلو...هههه	Positive
1334	- عاملين ايه ف مصر اللي مليانة كورونا دي ؟ = جوازات .. خطوبات .. ارتباطات .. كتييييييييير اوي - ومش خايفين تتعدوا  = هههه !!!! ما تسمعونا زغروطة😂😂💃💃 . @ed20__	Positive
1335	ٍسائق اسعاف يقول اليوم الظهر رحنا لعائلة ناخذ ابنهم مصاب بالكورونا  يقول جهزنا امورنا طلعنا وصلنا للبيت المصاب دقينا الباب طلعت لنا حجيه.  قلنا لها حجيه وين المصاب ؟  قالت راح يجيب خبز الحين يجي   استريحوا 😂😂😂  #إبتسم #كورونا	Positive
1336	جامي شفت واحد متربي ومحترم كيما فيروس كورونا😷  من المدرسة للجامع ومن الجامع للمدرسة ما يروح لقهاوي مايروح للمرشيات مايروح متنزهات متربي الله يبارك نعم التربية والعلم والأخلاق  #كن مثل كوررنا😷	Positive
1337	أحسن شي هالأيام تدخل مصعد مترووووس ناس وتعطس فيه   وتقول الله يلعن الساعة اللي رحت فيها الصين 😂😂  👆🏽( هذي حركات ثنين تعرفونهم زين)	Positive
1338	#البليدة_الوريدة_عمرها_ماتذبال 🌺 كوفيد-19 #أنـا_البليدة 😉 #StayAtHome #ريح_في_داركم 🏡 #COVID19Blida #الجزائر🇩🇿 #فيروس_كورونا ☣️ #وعينا_يحمينا #البليدة 🌺  #كلنا_البليدة ✊ #بيتك_حياتك 🚹 #حظر_التجوال_في_البليدة 🚷	Positive
1339	أحسن شي هالأيام تدخل مصعد مترووووس ناس وتعطس فيه  وتقول الله يلعن الساعة إلليي رحت فيها الصين 😂😂	Positive
1340	استقبال فيروس الكورونا في الجزائر 😂😂  https://t.co/ecQhKshFfn via @YouTube	Positive
1341	اللهم أسألك الصبر على البلاء والمرض🤲🏻  أحمدك يالله على عافيتك وصحتك التي نثرتها على أجسادنا فأنت أرحم علينا من أنفسنا يارحيم.🌺 رباه يامجيب أنعم علينا #بشفائك من كل بلاء ومن #كوفيد_19 🤲🏻  اللهم إشف كل مريضٍ أنهكه التعب وأدفع عنهم كل بلاء وشافهم شفاءً لايغادر سقماً يامجيب❤️🤲🏻  https://t.co/H9vPEPo9Cl	Positive
1342	@dUIrqK7fDFZNQaO هههههه الله يبعد كورونا عنا وعنكم	Positive
1343	خايفة يجيبوا لقاح الكورونا وما يكفينا يقوموا يزيدوه مي و يخضوا العلبة.   غزة وبعرفها 🙂	Positive
1344	لما تبقى معزوم عند صاحبك وتسمع امه بتقوله  خليهم يدعولنا نخف من الكورونا 😂  https://t.co/BM8vGqo6Uu	Positive
1345	@AyaMetw51757625 دا وباء فينا باين 😂😂💔	Positive
1346	بعض الناس  يرفض المصافحه  خايف من كورونا 🤔  لكن   تعطيه فلوس 🤔  يلحس أصبعه وهو يعدها  😅 خخخخخخخخ	Positive
1347	او من يطلق عليهم مشاهير السوشيل ميديا لا يفقهون شيئا و وضعه في المجتمع VIP ... و الأهم أن كورونا جعل الكثير يعرفون ان المفر إلى الله و الملجأ هو ملك الملوك .  أن الصبر و والحث على التفاؤل و الطمأنينه عبادة و منهج رسولنا الصادق الأمين.	Positive
1348	#من كثرت أخبار إنتشار كورونا والموت أخطأت ، وقالت سنموت بعد الفاصل ..  https://t.co/ZAEDWyBjTf	Positive
1349	@fahadrud @vfxil هههههههههههههههههههههههههههههههههههههههههههههههههههههههههه الرجال طفشان الله يلعن كورونا	Positive
1350	الله يلعن كورونا ويلعن الصين معاه 😊	Positive
1351	سيذهب كورونا وتفتح المدارس والجامعات ويأتي رمضان بخير قولوا ياااااارب واستغفروا❤️	Positive
1352	@HashemMagy هههههههههه هههههههههه هههههههههه هههههههههه بلاش فرج عشان الكورونا	Positive
1353	تعلمنا من سورة يوسف   إن السجين سيخرج إن المريض سيشفى إن الغائب سيعود ان الحزين سيفرح إن الكرب سيزول  وإن ابتلاء المؤمن كله خير فمع الله لا يخب رجاء، فلا تيأس وثق بالله  #الكويت #كويت #كورونا #استحلفكم_بالله_البقاء_في_منازلكم	Positive
1354	"#كورونا_في_الكويت غداً ستعود الحياه اجمل مما كانت ."""	Positive
1355	كورونا غير الاحداث وقلب الموازين   سكران يقول صحيح الدنيا دواره وماتموت  العرب الا متوافيه سالوه ليش قال من أول   كانوا المطاوعة يبلغوا علينا الشرطة لا شافونا سكارا  قالو له والان   قال والان نحنا نبلغ عليهم اذا شفناهم يصلوا جماعة  ههههههههه راقت لي #اليمنيين_العالقين_يا_تحالف	Positive
1356	@Swi_i00 @Laith_95_ هههههههههههههههههههههه الله يعين كورونا علينا	Positive
1357	الشعب طول اليوم في الشوارع و بالليل يروح يشوف نتايج الكورونا فاكرنها إنتخابات 😂🤷🏻‍♂️'	Positive
1358	"#كوفيد_19   "" غداً نحكي فصول الصبر ، والغمة "" بأن قد زالت البلوى  وصارت قصةً تروى  وجاء الغيث للأمة ."	Positive
1359	أنت تؤجر على البلاء وتؤجر على الصبر وتؤجر على المصيبة وتؤجر على المرض فلا تحزن ولا تكره شيئاً قد اختاره الله لك،، فأنت بين بشارة، وكفّارة، وطهارة.💜 #كورونا #ياسر_الفيصل #COVIDー19	Positive
1360	رغم كل الأخبار السيئة عن فايروس كورونا الا فيه خبر جيد حيث يرجحون العلماء ان الفايروس سيختفي مع حلول الصيف لانه لايستطيع العيش بالأجواء الحاره .. لاول مره اشتاق للصيف 🙂	Positive
1361	تخيل تجيلك كورونا قبل ما تتزوج تبقي مأساة، بعد إذن نهاية العالم يا شباب ملحقتش اتكاثر 😂😂😂😂 #كورونا  #covid19	Positive
1362	الشعب صايع بره طول اليوم وبالليل يروح يسأل نتائج الكورونا وصلت كام  الشعب فاكرها انتخابات!!! ✋😂 🤣اقعد في بيتك يخرب بيتك #COVIDー19	Positive
1363	من فلترق كل الدماء الى ما تغشونا مافي كورونا هههههههههههههه هههههههههههههه هههههههههههههه هههههههههههههه هههههههههههههه هههههههههههههه هههههههههههههه هههههههههههههه هههههههههههههه هههههههههههههه هههههههههههههه هههههههههههههه هههههههههههههه هههههههههههههه جلستو لكن.	Positive
1364	الشيبه كانوا يقولوا لنا  انتم اصحاب النيدو هيا اقنعو كورونا انكم اصحاب السمن والعسل 😂😂😂😂😂😂🤣🤣🤣	Positive
1365	@mohamedzitout ههههه يرحم باباك كيفاش ليقيتها كورونا والحراك خاوة خاوة..ههههه	Positive
1366	بتروح لك مشوار .. قلتلها يا ريت قالت لكن أوعا تغار ..حواليّ الكورونا كتار قلتلها بطلت .. خليني بالبيت😂😂😂#كورونا	Positive
1367	سيأتي رمضان و ستزول هذه الغمة بإذن الله فلا يأتي مع رمضان إلا الخير اللهم بلغنا رمضان لا فاقدين و لا مفقودين. #رمضان #تفاؤل #كلنا_مسؤل #كورونا_السعوديه  https://t.co/oL1DqqGGSI	Positive
1368	@manalfaidi3 @meno_meno1717 @AlMamlakaTV هههههه الله يبعد كورونا عن الجميع 🤲	Positive
1369	لتجنب الإصابة بفيروس كورونا ١- غسل اليدين بالماء الجاري والصابون والكحول  بعدها ان وجد. ٢- تجنب القرب من الحيوانات المريضة أو الميتة وبالتالي تجنب أكلها. ٣- عند السعال أو العطس يجب استخدام المناديل والتخلص منها سريعا وغسل اليدين بعدها.	Positive
1370	@cham__dz هههه لكن هناك اشخاص احبوها حتى ندوها بي كورونا ولحراك خاوة خاوة 😅😅	Positive
1371	"كذا  كملت، اليوم طلع واحد في مصر يقول انه ""المهدى المنتظر""... سنه 2020 باين انها ماراح تعدي على خير😂😂😂😂😂😂😂 #كورونا #كوفيد_19 #خليك_في_بيتك #اغلقوا_اسواق_القات #اليمن #مصر  https://t.co/kL9X2se5Sq"	Positive
1372	جامي شفت واحد متربي كيما فيروس كورونا من المدرسة الى المسجد ومن المسجد الى المدرسة ما يروح للقاوهي ما يروح للمارشيات مايروح للمتنزهات يلحق وقت الفوط يروح يخليك تمارس في حقوقك في عقلك متربي الله يبارك نعمة التربية والدين يخرج غير في الليل في نهار ميديرونجي حتى واحد كن مثل كورونا😂	Positive
1373	"نَعيش دائماً بين يُسرٍ و عسُر كِلاهما نِعمة . . ففي اليُسر يكون الشُكر  ""وسيَجزي الله الشاكِرين""  و في العُسر يكون الصَبر  ""إنما يوفى الصابِرون أجرهُم  بِغير حساب""  الحمدلله في السرّاء والضرّاء.  اللهم صل وسلم على نبينا محمد #حظر_كلي  #كورونا  #نبيها_صفر"	Positive
1374	*ههههههههه واحد كاتب :* اكبر استعداد للوقايه من كورونا صرف خمسة رواتب وانا ضامن لكم محد يخرج من بيته شهرين متتاليين! لوما يضبح كورونا ويجلس وحده في الشارع ساع الكلب ويموت من قهررررررررره اما حجر منزلي عطوف ونموت جوع حرام مايجلس احد بالبيت قاهي موته  😆	Positive
1375	""" في #قلقيلية الفرق بينك وبين اللي معه كورونا؛ أنه هو عمل فحص وأنت لأ 😂🤭"""	Positive
1376	@akmm790 @N_a2d4i6a هههههههههههههه يصير في زمن الكورونا😂😂😂✌✌✌	Positive
1377	#ايقاف_الصلاه_بالمساجد #فيروس_كورونا  #الصلاة_في_رحالكم  #الزموا_بيوتكم  #تفائلوا  '  قريباً سيزول الفيروس بإذن الله  وتصلون الجمعة والجماعة ونصوم رمضان جميعاً مع أحبابنا دعونا لنتفائل وندعوا الله باقي على الشهر الكريم شهر وأيام، اللهم بلغنا رمضان لافاقدين ولامفقودين🌙❤️	Positive
1378	#المدينه_بدون_كورونا غدًا نحكي فصول الصبر، والغُمّة..! بأن قد زالت البلوى، وصارت قصّة تُروى  وجاء الغيثُ للأمّة..!🤲🏻	Positive
1379	@n4GGj كفك من بعيد بسبب الكورونا ههههه  https://t.co/04u9sEUpCY	Positive
1380	شميت عطر ٍفي محل العطورات هلـت دمـوعي والـغلا يحتويني  سألني الكاشير وشبك سلامات قلت العطر رشيته بوسط عيني    وبس ..  ارتاحوا  ما فيه رومانسيه …  الدنيا كورونا 😪	Positive
1381	تخيل تبقى موسوس اصلا ويجي حوار الكورونا دا يخلص عليك ⁦🤦‍♀️⁩😂	Positive
1382	رغم كل الأخبار السيئة عن فايروس كورونا إلا أني وجدت خبر جيد لمنطقتنا..  حيث أن بعض العلماء يرجّحون أن الفايروس سيختفي مع حلول الصيف لأنه لا يستطيع العيش في الأجواء الحارة.  كما حدث مع فايروس SARS الذي اختفى مع دخول الصيف  الا انه لا اجد مصدر علمي لهذا الشي  #كورونا #عُمان  https://t.co/4xXYxTG7Oc	Positive
1383	#اليمن *_صدقوني انجح  علاج للوقايه من كورونا :_* صرف خمسة مرتبات  وانا ضامن لكم محد يخرج من بيته شهرين متتاليين! لوما يضبح كورونا ويجلس وحده في الشارع ساع الكلب ويموت من قهررررررررره اما حجر منزلي عطوف ونموت جوع حرام مايجلس احد بالبيت قاهي موته  😆 ههههههههههههههه  😂😂😂😂😂😂	Positive
1384	غداً ستعود الحياه اجمل مما كانت   #كوفيد_19	Positive
1385	@A05785903 نخلص من الكورونا دي و نشوف 😂😂	Positive
1386	@yemeni755 الله يستر وما يكون كورونا ههههه	Positive
1387	@yemen026 @hkim022 @af_m2001 @mohep0 @J3Ah1 @youssef_yn1 @zahraasahhaf @Lotf_Alk @Mh_N1919 @MM17276 @sam973232 @hudu_11 @wsaem720 @hdsajjd @AliciaK98474309 @ax0gl @_nora_711 @milanilo2000 @moj3l @ateefalsharif @mooazziizz @GJEzwPK2lljpVMO @THEDoctor__Jana المتابعن حقي كل يوم ينقص خمسة  نريد دعمك قلت لجدتي الكورونا وصلت اليمن . قالت أيش ب نستفيد هي بتوصل ليد المسؤولين السرق وبيقسموها بينهم البين ولا بنحصل منها شي 🤣🤣😂😂🤣😹 قلت ياريت والله ربي يسمع منك ههههههههههه😁😎😂🤣..منقووووووول	Positive
1388	#Yasoo4u اللهم اكفنا شر البلاء والوباء والهمنا الصبر فليس لنا قوه ولاحيله ولا حول ولا قوة إلا بك اللهم نسألك اليسر بعد العسر فاحفظنا بعينك التي لا تنام واحفظ بلادنا يارب. #كورونا	Positive
1389	أن الصبر والحث على التفائل و الطمأنينه عبادة و منهج رسولنا الصادق الأمين صل الله عليه وسلم   وأخيرا كورونا 🦠 وضعنا جميعا في حجمنا الطبيعي تحت رحمة الله تعالى ...    اللهم عافنا واعفو عنا وارحمنا  وابعد عنا هذا البلاء  وردنا إليك رداََ جميلاََ	Positive
1390	@Monir_Wasfy ههههههههههه( يوميات رجل في زمن الكورونا )	Positive
1391	قريباً ستختفي الكمامه .. وتشرق الإبتسامه #كورونا	Positive
1392	قالو جاي اعصار وفيضان يعني اللي ماجتاش كورونا واللي ما طلعش اسمه في المسحورين       ايشيله السيل 😂😂  #لمو__اروحكم 😁💔	Positive
1393	@La1231m1m هههههههه هههههه هههههه هههههه هههههه هههههه هههههه هههههه هههههه هي كورونا ورانا ورانا لا يانرجس عايزين نغير	Positive
1394	هكذا تعقمون هواتفكم لتجنب #كورونا #العبدلي_نيوز  https://t.co/4DMw4MZIdi  https://t.co/VKKm1QfHJt	Positive
1395	@ali_m_37 @Glory19MU هههههههههه كله من كورونا 😂	Positive
1396	*علاج ڤايروس الكورونا*   كل يوم الصبح الواحد يقرط تلات سنان ثوم، ومع إنو الثوم ما إلو علاقة بڤايروس الكورونا بس هيك بتضمن لا حدا يقرب عليك ولا حدا يبوسك ...🙄	Positive
1397	خايف يجيبوا لقاح الكورونا وما يكفينا يقوموا يزيدوه مي و يخضوا العلبة.   لبنان وبعرفه 🙂 🤷‍♂️	Positive
1398	الكورونا في اوروبا و في اسرائيل و الخليج و الجزائر و السعودية وقفت العمرة خالص لكل الدول   و احنا فيه صمت مريب كده ... مش عارف ده ثقة و لا غباء ولا البصل بتاع عربية الفول عامل مناعة 😂	Positive
1399	تبـا👊 أظن أن تغريداتي مصابة بـ فيروس كورونا لـ هذا لا تتفاعلون معها 😏	Positive
1400	@FaisalBKJ ههههههههههههههههههههههههههههههههههه و الله يلعن كورونا  https://t.co/DC1LqVLoZz	Positive
1401	سيذهب الوباء ومعه البلاء بإذن الله ..  وسيأتي رمضان ومعه الفرج بأمر الله .. تفائلوا بالخير تجدوه .  #كورونا_الجديد	Positive
1402	واحده تسأل صاحبتها كيف الزواج قالت الزواج  نفس الكورونا أول15يوم ماتحسي باي أعراض  وبعدها تحسي بأختناق وضيق تنفس وبعدها انتي ومناعتك ههههههه 🤔	Positive
1403	516🇲🇦   515🇩🇿 حتى فالمصائب خاوة خاوة😂😂 #كورونا_المغرب #كورونا_الجزائر	Positive
1404	عاجل  وزارة الصحه :  فيروس كورونا مبقاش مستجد ده بقى صاحب مكان 😂😂	Positive
1405	اللي عجبتني في الكورونا  المسؤولين والنواب وعيت هلت واعيالهم ما يقدروش يعالجو في الخارج يا نعيشوا مع بعضنا يا نموتو مع بعضنا 😂😂 إنها العدالة الكورونية 💯 @AnisAbdaljawad	Positive
1406	@mimi_4121 😂😂😂😂😂😂👌كورونا حنا تموت عندنا	Positive
1407	لما تبقي معزوم عند صحبك وتسمع امه بتقلو  خليهم يدعولنا نخف من الكورونا 😢😂😂😂  https://t.co/7ZkI4ag38K	Positive
1408	قالوا كورونا أنتشر  قلت كل شئ بقدر  قالوا وباء خطير  قلت ربي على كل شئ قدير  قالوا ستغلق المساجد  قلت سأظل لله ساجد  قالوا وماالعمل  قلت كل شئ عندالله بأجل  قالوا ومالدواء  قلت عليكم بالدعاء ياحي ياقيوم برحمتك نستغيث أصلح لنا شأننا كله ولاتكلنا إلى أنفسنا طرفة عين  اللهم امين	Positive
1409	كتاب الإبتدائي 😆😆😆😆😆😆😆😆😆👍👍👍 #فيروس_كورونا  #الحجر_الصحي #ريح_في_دارك #الجزائر  https://t.co/JzuPSIEoxb	Positive
1410	رسمت لك قلبي على شكل خفاش وادخلت حبك فية مثل الكورونا  #اعجبني #هههههههههههههههه#صباح_الخير	Positive
1411	"#كورونا_الجديد ، بين عسر ويسر .. رحمة و أجر !  ففي اليسر يكون الشكر : ""وسيجزي الله الشاكرين""  وفي العسر يكون الصبر ""وبشر الصابرين ""  اللهم ادم علينا امنك وامانك واجعلة بلدا طيبا مباركا امنا مطمئنا الى يوم الدين💚  https://t.co/ZtIDC1mfxJ"	Positive
1412	قالوا كورونا أنتشر /قلت كل شئ بقدر /قالوا وباء خطير /قلت ربي على كل شئ قدير /قالوا ستغلق المساجد /قلت سأظل لله ساجد /قالوا وماالعمل /قلت كل شئ عنده بأجل /قالوا ومالدواء / قلت عليكم بالدعاء  ياحي ياقيوم برحمتك نستغيث أصلح لنا شأننا كله ولاتكلنا إلى أنفسنا طرفة عين 🌷	Positive
1413	@m_o_9_1 خلونا نغير عن كورونا شوي	Positive
1414	@SilentAsasinXD كوفيد ١٩: هههه ههههه هههه هههه	Positive
1415	أحسن شي هالأيام تدخل مصعد مترووووس ناس وتعطس فيه.. 👍   وتقول  شو اللي وداني الصين..  😂😂👍	Positive
1416	#أكثر..... واحد شفته محترم بحياتي كورونا من...... المدرسة للمسجد،،،، ومن المسجد للمدرسة  لا يروح..... حدائق ولا منتزهات ولا مولات     ،،،،،بصراحه قهرني😂😂😂😂😂😂😂	Positive
1417	اليوم الشوارع والأسواق زحمة اوادم  ..  نتمنى من ڤايروس كورونا أن يلتزم بالحجر الصحي .  نحن نراهن على وعي الفيروس ، أما الناس والله مافي فائدة فيهم  .🤦🏻‍♂  هههههههه 😀😀	Positive
1418	منقول،،،، أحسن شي هالأيام تدخل مصعد مترووووس ناس وتعطس فيه   وتقول الله يلعن الساعة اللي رحت فيها الصين 😂😂	Positive
1419	أحسن شي هالأيام تدخل اصانصير ملياان  وتقول الله يلعن الساعة اللي رحت فيها الصين 😂😈 #كورونا	Positive
1420	@om_bandar16 @Alail2020Vs هههههههههه اول خايف من كورونا 😂😂	Positive
1421	أحسن شي هالأيام تدخل أصنصير مترووووس ناس.. وتعطس فيه..    وتقول: اللّٰه يلعن الساعة اللي رحت فيها الصين.. 😂	Positive
1422	#اضحك مع #كرونا   قابلت واحد في الصيدلية قال فيه علاج كورونا رد الصيدلي لا  قال اجل عطنا فياجرا لين الله يفرجها من عنده 😂😂😂	Positive
1423	"، بين عسر ويسر .. رحمة و أجر !  ففي اليسر يكون الشكر : ""وسيجزي الله الشاكرين""  وفي العسر يكون الصبر ""وبشر الصابرين ""   #كورونا_الجديد"	Positive
1424	من كتـر اخبار القتل و الكورونا المذيعة غلطت وقالت سنموت بعد الفاصل 😅😅😅  https://t.co/MinCVulZjB	Positive
1425	بسبب #كورونا #فالصين لا خروج من المنزل في #ايطاليا لا دراسة ولا عمل في #السعودية لا حج ولا عمره في #ليبيا خالق الراس قاطعه  😂😂😂😂	Positive
1426	"غدا""سيكون كورونا كابوسا"" انتهى وتاريخا""مضى ودرسا"" مؤلما""للصبر والشكر سيذهب الوباء ومعه البلاء وسيأتي رمضان ومعه الفرج بأمرالله تفائلوا بالخير تجدوه وإن حدثوك عن أمر مخيف فحدثهم عن رب لطيف..    تفائلوا بإن القادم أجمل بإذن الله🌺."	Positive
1427	من كثرة أخبار الحرب والقتل وفيروس كورونا ، اخطأت وقالت #سنموت بعد الفاصل  😂😂😶  https://t.co/y2uevG0ifJ	Positive
1428	#مسقط #ولاية_صور  أحسن شي هالأيام تدخل مصعد مترووووس ناس ، وتعطس فيه   وتقول هذا الي خذيناه من سفرتنا الصين 😝😝😝😝😝	Positive
1429	أنواع الأهل لما ابنهم الدكتور يروح عالبيت :  🇱🇷:Welcome Doc 🇸🇦: ياهلا بالحكــيم 🇯🇴: والله ماحدا بجيبلنا الكورونا غيرك، روح غسل رووح 😂😂😂 #كورونا	Positive
1430	⠀ اللّهمّ فرّج أُموراً ضَاقت بها صُدورنا ،وعجزت بها حيلتنا وقلّ بها صَبرنا، الّلهمّ أسعِد قلوبنا بما أنتَ أعْلمُ بِهِ مِنّا ،اللّهمّ اجْعَل مانُريدُه في حياتِنا قريباً لِناظرنا سَعيداً لخواطِرنَا اللهم تقبل #انقذو_طلاب_التخرج_من_كورونا	Positive
1431	أصبحنا مثل #البرلمانيين 👨‍💼:           الأكل و النوم ... ههههـ🤣 ـههههـ😆 ـهههه خاصتنا غير #ملـ40ـيون تاع الشهرية.   #ريح_في_داركم 🏡 #COVID19dz   #الجزائر 🇩🇿 #فيروس_كورونا☣️ #وعينا_يحمينا  #كلنا_مسؤول #بيتك_حياتك #حظر_التجوال_في_الجزائر	Positive
1432	@amal53750722 هههههههه هههههه هههههه هههههه هههههه هههههه هههههه هههههه هههههه هههههه هههههه هههههه هههههه ده اللي مخلي كورونا موجود	Positive
1433	علاج #الكورونا   🧄🧄🧄 كل يوم الصبح الواحد يقرط ثلات أسنان ثوم ،،  مع أنه الثوم لا علاقة له بالكورونا ،،، بس هيك بتضمن ما حدا يقرب عليك ولا حدا يبوسك ...😁😁	Positive
1434	أحسن شي هالأيام تدخل مصعد مترووووس ناس ، وتعطس فيه   وتقول ليتني سمعت كلامك يا يمه ومارحت الصين 😂😂😂😂👊🏻🏃🏻‍♂️	Positive
1435	الطيارين بعد الحجر الصحي 😷  الله لا يوفقك يا كورونا .... 🤣  https://t.co/m6n9LZLCpx	Positive
1436	@Pythagoras_y ههههههههههه لا كورونا الله يبعده عني وعنكم جميعاً 🌚💔	Positive
1437	غداً ستصبح كورونا من الماضي ، غداً سيرجع المعتمرين إلى الحرم والزائرين إلى المقامات والمصلين الى المساجد والكنائس . غداً سيعود الابناء الى مدارسهم ، وستمتلئ الشوارع والمتنزهات .. غداً ستعود الحياة .. غداً سيكون أجمل بإذن الله خذ جرعة أمل ولا تيأس من رحمة الله  تلك هي ثقتي بربي ..  https://t.co/xtgJAQjsob	Positive
1438	⭕عاجل  الحشيشة تقضي على فايروس #كورونا .. أثبت الدكتور #يوسف_أبو_حنا أن سيجارتين حشيش في اليوم تمنع فايروس #كورونا من التمكن من أداء وظيفته في الرئتين  ناس طيبين اوى يا خال ههههه 😂 #زعيم_تويتر_بيحارب_الكورونا	Positive
1439	علاج فيروس الكورونا:  إمضغ فصين من الثوم ٣ مرات يوميا  هذا لا يساعدك في شيء لكن سيبعد عنك الناس مسافة كافية. 😂😂😂😂😂😂	Positive
1440	قالو جاي اعصار وفيضان يعني اللي ماجاته كورونا واللي ماطلعش  اسم فالمسحورين  ايشيله السيل.	Positive
1441	اللهم اكفنا شر البلاء والوباء والهمنا الصبر فليس لنا قوه ولاحيله ولا حول ولا قوة إلا بك اللهم نسألك اليسر بعد العسر فاحفظنا بعينك التي لا تنام واحفظ بلادنا ياااارب العالمين   #كورونا منظر يقشعر البدن  https://t.co/wa6FRH656x	Positive
1442	واحد يقول  بعد إنتشار كو*ر*ونا وبقائي في البيت لمده  كل ما تمر زوجتي من جمبي تقول  الله يخلصنا من هالبلاء على خير مدري هي تقصدني أو تقصد الكورونا 🙂💔 هههههههههههه	Positive
1443	الجزائر ستكون البلدالثاني الذي سيتغلب على الكورونا بعد الصين ، لأننا نحترم الحجر الصحي، هكذا سمعت واحد يهدر في لشان تاع الزلابية.	Positive
1444	اللي #عجبتني في الكورونا  المسؤولين والنواب وعيت هلت واعيالهم ما يقدروش يعالجو في الخارج🤣😂😂😂😂😂 يا نعيشوا مع بعضنا يا نموتو مع بعض😂😂 إنها العدالة الكورونية ياساده💏	Positive
1445	أحسن شي هالأيام تدخل مصعد مترووووس ناس وتعطس فيهم👨‍👩‍👧‍👧👩‍👩‍👦😫😫😫   وتقول الله يلعن الساعة اللي رحت فيها الصين 😂😂😂🤣   #كورونا	Positive
1446	"كذا  كملت  اليوم طلع واحد في مصر يقول  انه ""المهدى المنتظر""...   2020 باين انها ماراح تعدي على خير  😂😂😂 #كلنا_بالبيت_لاجل_السعوديه #كلنا_مسؤول #كورونا #فيروس_كورونا #خلك_في_البيت  https://t.co/F75btyGfXC"	Positive
1447	لا تفهم عملنا حراك ولا انتفاضة... الكورونا الي غلبت أقوى بلدان حاربناها ب ''اودي روح ربي يهديك'' 😂 الجزائر  كي تقعد فيها تكرهها وكي تخرج منها تتوحشها... نعم انها الجزائر العظيمة😅 #نذير عطية	Positive
1448	يالله بما انك افاضي قم بإزالة الكاف من كورونا وضع اول حرف من اسمك 🥺 راح نشوف العجايب🙄 🤔🙄😑    #انا مورونا 😂😂	Positive
1449	علاج #الكورونا   🧄🧄🧄كل يوم الصبح الواحد يقرط تلات سنان توم ،، ومع انو التوم ما الو علاقة بالكورونا بس هيك بتضمن لا حدا يقرب عليك و لا حدا يبوسك ...🥰	Positive
1450	@az2017oz @SR_2023 ههههههه شكله خايف من كورونا 👌🏻	Positive
1451	مالي ارى الناس في رُعبٍ يؤرقهم   من الكورونا كأن الموت قد وصلَ       يا خائفاً من لقاء الموت مرتعداً هل يمنع الخوف أمر الله  إن نزلَ  َالموت كأساًُ وحتماً سوف نشربهُ لا شك إنّا سنرحلُ مثل من رحلَ  فلا تموتوا بداء الخوف وابتسمو ؟ لا ينتهي الـــعمر حتى نَبلُـغ الاجلَ ❤️🌹ذائقه👍👍	Positive
1452	لماذا سميت  ســورة يوسـف  بأحسن القصص ؟ لأنها تعلمـنا أن : السجين سيخرج والمريض سيشفى والغائب سيعــود والحزين سيــفرح والنادم سيـغفر له والكــرب ســيزول والمحـب سيــلقى والعفو عما مضى أجمل نهاية وأن إبتلاء المؤمن كله خير فمع الله لا يخيب رجاء فلا تيـــأس وثــق بالله  #كورونا	Positive
1453	✍ قلت لجدتي الكورونا وصلت اليمن .🇾🇪 😄 قالت أيش با نستفيد هي بتوصل ليد المسؤولين السرق وبيقسموها بينهم البين ولا بنحصل منها على شيء 🤣🤣😂😂🤣😹 قلت ياريت والله ربي يسمع منك ههههههههههه😁😎😂🤣🤪	Positive
1454	اللهم فرّج أموراً ضاقت بها صدورنا، وعجزت بها حيلتنا وقلّ بها صبرنا، اللهم أسعد قلوبنا بما أنت أعلم به منا، اللهم اجعل ما نريده في حياتنا قريباً لناظرنا سعيداً لخواطرنا، اللهم أسعدنا سعادتين الدنيا بخيرها والجنة بفردوسها.…   #صباح_الخير #مسقط #عمان_تواجه_كورونا #عُمان	Positive
1455	شميت عطر في محل عطور  هلت دموعي والغلا يحتويني  سالني الكاشير  وشيك سلامات  قلت العطر رشيته بوسط عيني   ارتاحو مافي حب ولا رومانسيه … الدنيا حر كورونا	Positive
1456	عندما اعلنوا بأول إصابة بكورونافي اليمن. .  قلت لجدتي #كورونا وصل #اليمن . قالت أيش بيستفيدوا منها هي بتوصل ليد المسؤولين السرق وبيقسموها بينهم البين ولا بيحصلوا المواطنين  منها شي 🤣🤣😂😂🤣😹 قلت ياريت ربي يسمع منك ههههههههههه😁😎😂🤣	Positive
1457	@f_alabdulkarim سيذهب وباء كورونا وسيذهب معه البلاء بإذن الله، وسيأتي على دخول شهر رمضان ومعه الفرج والخير بأمر الله تعالى. .  تفائلوا بالخير تجدوه. الله يحميهم ويحمي مملكتنا الغاليه من كل مكروه. 🇸🇦🇸🇦ونرجع بسلامه لاهلنا يارب دعواتكم  🇸🇦🇸🇦	Positive
1458	@lemoncakelil @naminniei ودي الله يلعن كورونا الزق يع😸✨	Positive
1459	سيذهب الكورونا وتفتح المدارس وياتي رمضان بخير قولوا يا رب 🙌	Positive
1460	#تعليق_العمل الجميع قد يفرح بهذا القرار لمصالح خاصة !! ومع ذلك: يجب علينا أن لا ننسى اولئك الجنود الأبطال في ساحات المستشفيات والمنافذ والاسعافات والطوارئ من أطباء وممرضين ومسعفين واداريين وحراس أمن وجنود  الذين يواجهون الموت كل يوم ويتفانون في خدمة المرضى مع خطورة الوضع #كورونا  https://t.co/u0tIhsmsRB	Positive
1461	#همسة  ما اجمل الأمل: فغداً ستزول الغُمة وترجع الأمور لطبيعتها وسيكون الكورونا من الماضي ووغداً  سنطوف حول الكعبة وسنذهب الى المساجد، وغداً سيرجع الطلاب لمدارسهم وينتهي العام الدراسي ونفرح بنجاحهم وسنستقبل رمضان مبتهجين مطمئنين بإذنه تعالى، فخذ جرعة أمل ولا تيأس من رحمة الله🌹💞	Positive
1462	#فيروس_كورونا_المستجد ( نبئ عبادي أني أنا الغفور الرحيم ).  سيذهب الوباء ومع البلاء لأنه لنا رب غفور رحيم، وسيأتي رمضان ومعه الفرج بأمر الله، تفائلوا بالخير تجدوه، وأن حدثوك عن أمر مخيف فحدثهم عن رب لطيف غفور بعبادة.	Positive
1463	و الأهم أن كورونا جعل الكثير يعرفون ان المفر والملجأ إلى الله (ملك الملوك) .  إن الصبر و والحث على التفائل و الطمأنينه عبادة و منهج رسولنا الصادق الأمين.  وأخيرا كورونا وضعنا جميعا في حجمنا الطبيعي تحت رحمة الله ... اللهم عافنا واعفو عنا وارحمنا وابعد عنا هذا البلاء	Positive
1464	#فقرة لنبتسم 😊 أحذف أول حرفين من #كورونا وحط أول حرفين من #إسمك ..؟  يا الله خلونا نشوف المكرونا 😂	Positive
1465	@Remaactor @Baloot_VIP 😂😂 يعني حنا ما عندنا كورونا	Positive
1466	#مواقف_جميله_لاتنساها  أحسن شي هالأيام تدخل مصعد مترووووس ناس وتعطس فيه   وتقول الله يلعن الساعة اللي رحت فيها الصين 😂😂  وانتظر شوف وش بيصير 🤣	Positive
1467	قريبا ستختفي الكمامة وستظهر الابتسامة قريباً سيذهب الحزن ويأتي الفرح  قريبا سيذهب البلاء والوباء وتعود الحياة بإذن الله تلك هي ثقتي بالله ... يا رب #كورونا	Positive
1468	تبا أظن أن منشوراتي مصابة ب فايروس #كورونا  ،  لهذا لا تتفاعلون معها  .  .	Positive
1469	#فعالية   شيل الحرفين الأولين من كورونا  وحط مكانهم اول حرفين من اسمك خلونا نشوف هههه أنا صبرونا😐	Positive
1470	اللي عجبتني في الكورونا  الحراميه وصحاب المال الكبار ما يقدروش يعالجو انفسهك في الخارج يا نعيشوا مع بعضنا يا نموتو مع بعضنا 😂😂 إنها العدالة الكورونية 💯	Positive
1471	خايفة يجيبوا لقاح الكورونا وما يكفينا ، يقوموا يزيدوه ماي ..  حكومتنا ومنعرفها 😎	Positive
1472	⭕عاجل  الحشيش يقضي على فايروس #كورونا .. أثبت الدكتور يوسف أبو حنا أن سيجارتين حشيش في اليوم تمنع فايروس #كورونا من التمكن من أداء وظيفته في الرئتين أحضر صديقك الذي لن يصيبة كرونا أبدا😂😂	Positive
1473	@b2sn_bos هههههههههههههه بعد كورونا ان شاءالله 😂😂	Positive
1474	@ZuhairYazan ههههههه الله يعينكم والله كورونا بهدلتكم	Positive
1475	إذا قال المؤذن : صلوا في بيوتكم فقولو : اللهم أعدنا إلى بيتك سالمين مأجورين وأنت راضٍ عنا وبإذن الله سيذهب الوباء ومعه البلاء وسيأتي رمضان ومعه الفرج بأمر الله تفائلوا بالخير تجدوه .. وإن حدثوك عن أمر مخيف فحدثهم عن رب لطيف . 🙏اللهم امين يا رب 🙏 #فيروس_كورونا_حظر_التجول	Positive
1476	أنواع الأهل لما ابنهم  يروح عالبيت : 🇺🇲 :Welcome Back 🇸🇦: ياهلا  أهلي: والله ماحدا بجيبلنا الكورونا غيرك، روحي غسلي رووحي	Positive
1477	أحسن شي هالأيام تدخل مصعد مترووووس ناس وتعطس فيه   وتقول الله يلعن الساعة اللي رحت فيها الصين 😂😂  #كورونا #كبلز #تحرر  #ليز	Positive
1478	أحسن شي هالأيام تدخل مصعد مترووووس ناس وتعطس فيه   وتقول الله يلعن الساعة اللي رحت فيها الصين 😂😂 #كورونا	Positive
1479	كورونا غيرت الاحداث وقلبت الموازين ..!  سكران يقول صحيح الدنيا دواره  سالوه : ليش ..؟ قال : لاول كانوا المطاوعة يبلغون علينا الشرطة إذا  شافونا سكارا .  قالوا له : انزين و الحين ..؟ قال : الحين احنا نبلغ عليهم اذا شفناهم يصلون جماعة  هههههه	Positive
1480	سيذهب الوباء ومعه البلاء بإذن الله وسيأتي رمضان ومعه الفرج بأمر الله تفائلوا بالخير تجدوه . و إن حدثوك عن أمر مخيف فحدثهم عن رب لطيف .      🌹 بارك الله لكم بما اعطاكم🌹           🌙جمعة مباركة مقدما 🌙#وجمعتكم_مباركة #فيروس_كورونا #اللهم_ارفع_عنا_البلاء_والوباء	Positive
1481	من كثرة أخبار الحرب والقتل وفيروس كورونا ،   غلطت المذيعه وقالت سنموت بعد الفاصل… 🤣🤣	Positive
1482	قريبا ستختفي الكمامة 😷 و تظهر الإبتسامة 🙂 #كورونا  #Covid_19  https://t.co/W9A2iyYzQh	Positive
1483	قلت لجدتي الكورونا وصلت اليمن🙄😷 قالت:ايش بنستفيد هي بتوصل ليد المسؤولين السرق ويقسموها بيناتهم البين  ولا عنصل شي منها 😒 قلت ياريت والله ربي يسمع منك 😂😂	Positive
1484	"⌚ *خذ من وقتك الحكمة*⌚                                             ✏ *..نعيش بين ""يسر"" و ""عسر"" وكلاهما نعمة ففي اليسر يكون الشكر،،* *وسيجزي الله الشاكرين*  *وفي العسر يكون الصبر*  *""إنما يوفى الصابرون أجرهم بغير حساب"".♚ #صباح_الخير  #عمان_تواجه_كورونا"	Positive
1485	@Mrhaboobqwe ههههههه  الله يبعد عنا الكورونا وكيدهم 🤪	Positive
1486	خلاص يا جماعة خلونا ننسى الكورونا ونبدأ برسايل #رمضان احنا متأخرين بالمنهج 😂  #مساء_الخير  #	Positive
1487	@sh_qtr10 @alnaimi_sultan هههههههههههههه هههههههههههههه هههههههههههههه هههههههههههههه هههههههههههههه هههههههههههههه هههههههههههههه هههههههههههههه هههههههههههههه هههههههههههههه كورونا المستجد هههههههههههههه هههههههههههههه هههههههههههههه هههههههههههههه هههههههههههههه هههههههههههههه	Positive
1488	@me3jely لا يكون علاج الكورونا عندك 😂	Positive
1489	خايف يجيبوا لقاح الكورونا..وما يكفي يقوموا يزيدوه مي .. الأردن وبعرفها😐	Positive
1490	@AljawazatKSA @LCTkuHMViTljEBz بفضل الله ثم ولاة امرنا اعزهم الله وبفضل جنودنا في الوطن وجنود الصحة.  سيذهب وباء كورونا وسيذهب معه البلاء بإذن الله، وسيأتي شهر رمضان ومعه الفرج والخير بأمر الله تعالى. .  تفائلوا بالخير تجدوه. الله يحميهم ويحمي مملكتنا الغاليه من كل مكروه ونرجع لاهلنا بسلامة يارب العالمين🤲	Positive
1491	خلاص يا جماعة خلونا ننسى الكورونا و نركز في رسائل رمضان ترانا متأخرين في المنهج . 😂  https://t.co/ASE9Dc9cai	Positive
1492	بالنسبة لفيروس كورونا يظل في النهاية هو فيروس إنفلونزا يحتاج جو بارد ورطب  يعني أنه لا يستطيع العيش في صيف الكويت ذات الأجواء الحارة الناشفة.  فبعض العلماء يرجّحون أن الفايروس سيختفي مع حلول الصيف.  بإذن الله	Positive
1493	@FADELZOUBIR كورونا والشعب الجزائري خاوة خاوة هههه	Positive
1494	"ستنجلي هذه الغمة بإذن الله وسيرفع الله البلاء وستعود الحياة كما كانت سنفرح جميعا ان شاء الله ثقوا بالله وأحسنوا الظن فيه  اللهم إنك قُلت""فَمَا ظَنُّكُم بِرَبِّ الْعَالَمِينَ"" وظننا فيك أنك تعفو وتغفر وترحم وتكشف مانحن فيه فاعف عنّا واغفر لنا وارحمنا يا ارحم الراحمين♥️ #كورونا"	Positive
1495	@hamod_620 هههههه ههههههه هههههه هههههه هههههه هههههه هههههه هههههه مخلفات كورونا	Positive
1496	احسن شي هالايام انك تصعد بأصنصير متروس ناس و تعطس و تقول الله يلعن الساعة الي رحت فيها الصين	Positive
1497	@kst_880 @brstij123 الله لا يوفقك يا إسترليني حتى الكورونا ما تعطلك😂😂😂😂	Positive
1498	خلاص ياجماعة خلونا ننسى الكورونا قليل ونبدأ برسايل رمضان نحن متأخرين بالمنهج😂😂😂😂😂  https://t.co/qvq4MQmx0H	Positive
1499	لماذا سميت سورة يوسف بأحسن القصص :؟؟؟ سميت سورة يوسف بأحسن القصص لأنها تُعَلِّمُنَا أن : السجين سيخرج  والمريض سيشفى  والغائب سيعود والحزين سيفرح والكرب سيزول  وأن إبتلاء المؤمن كله خير ،  فمع الله لا يخيب رجاء فلا تيأس وثق بالله وتفاءلوا دائما #كورونا	Positive
1500	أحسن شي هالأيام  تدخل مصعد مترووووس ناس وتعطس فيه   وتقول الله يجازي الساعة اللي رحت فيها الصين 😂😂	Positive
1501	@abd7477 هههههههههه هههههههههه هههههههههه هههههههههه هههههههههه هههههههههه هههههههههه هههههههههه لعب الجوله بدون جمهور قرار من الدوله لاجل كورونا	Positive
1502	كورونا غير الاحداث وقلب الموازين ..!  سكران يقول صحيح الدنيا دواره وماتموت  العرب الا متوافيه . سالوه : ليش ..؟ قال : من أول كانوا المطاوعة يبلغوا علينا الشرطة لا شافونا سكارا .  قالوا له : والان كيف ..؟ قال : الأن نحنا نبلغ عليهم اذا شفناهم يصلوا جماعة  ههههههههه 😅😂	Positive
1503	@ZakiAlzaher @SaudiMOH كل الشكر و التقدير و الاعتزاز بكوادرنا الطبية انتم في الصفوف الأمامية لمحاربة انتشار فيروس كورونا. فأنتم تضحون من أجلنا جميعًا و من اجل هذا الوطن الغالي و المحافظة على سلامتنا و سلامة اهلينا . فهنيئا للوطن بكم . والله نسال ان يصرف عنا هذا الوباء وعن بلادنا وعن بيوتنا و اهلينا	Positive
1504	@Layali098 اي الحب في زمن الكورونا هههههه	Positive
1505	@ABDO__77 @BulletsALahli العالم منكوب من كورونا والاقتصادات منكمشه وهذا ماسك المدينة مكه بناقته ههههههههههه ههههههههههههه ههههههههههه ههههههههههههه ههههههههههه ههههههههههههه ههههههههههه ههههههههههههه ههههههههههه	Positive
1506	"#فيروس_كورونا_سريع_الانتشار . ""سيذهب الوباء ومعهُ البلاء بإذن الله ، وسيأتي رمضان ومعهُ الفرج بأمر الله"" . #ومضة_حرف  #رباب_الكلم"	Positive
1507	#العوده_بعد_كورونا   اللّهمّ فرّج أُموراً ضَاقت بها صُدورنا ،وعجزت بها حيلتنا وقلّ بها صَبرنا، الّلهمّ أسعِد قلوبنا بما أنتَ أعْلمُ بِهِ مِنّا ،اللّهمّ اجْعَل مانُريدُه في حياتِنا قريباً لِناظرنا سَعيداً لخواطِرنَا ،اللّهم أسعدنَا سعادتين : الدّنْيا بِخيرها والجنّةِ بِفردَوسها.  https://t.co/PKwdygqTwB	Positive
1508	سيذهب الكورونا وتفتح المدارس وياتي رمضان بخير قولوا يارب واستغفروا 💛🙏  #الغوا_الجامعات_حياتنا_في_خطر #عيد_الام #تغيير_قرار_شيخ_الازهر	Positive
1509	خايف يجيبو لقاح الكورونا وما يكفينا..يقومو يزيدوه ميا !!  فكونا من الحركات حركاتكم وبنعرفها😷🤒🤕	Positive
1510	قلت لجدتي الكورونا وصلت اليمن قالت أيش ب نستفيد هي بتوصل ليد المسؤولين السرق وبيقسموها بينهم البين ولا بنحصل منها شي   🤣🤣😂😂🤣😹  قلت الله يسمع منك يا جدة  ههههههههههه #مارب #اليمن #كرونا #الجوف #الحجر_الصحي #الحوثيين	Positive
1511	أحسن شي هالأيام تدخل مصعد مترووووس ناس وتعطس فيه   وتقول الله يسامحني على روحة الصين  😂😂😂😂😂😂	Positive
1512	- عاملين ايه ف مصر اللي مليانة كورونا دي ؟ = جوازات .. خطوبات .. ارتباطات .. كتييييييييير اوي - ومش خايفين تتعدوا  = هههه !!!! ما تسمعونا زغروطة😂😂💃💃 #صيفك_ناقصه_ايه	Positive
1513	احسن شي هالأيام تدش اصنصير متروس ناس وتعطس فيه  وتقول الله يلعن الساعه اللي رحت فيها الصين  😂😂😂	Positive
1514	قالو يعلنوا ف فيضانات ف شرق ليبيا يعني اللي ما جاته كورونا ،  واللي ما طلعش اسمه ف المسحورين  ايشيله السيل ..🤣🤣	Positive
1515	"واحد يسأل صاحبه بعد ما تزوج  بشهر كيف الزواج؟؟!! . رد عليه على فكرة "" الزواج نفس الكورونا أول 15 يوم ما تشعر بأي  أعراض ، لكن بعدين تبدا تحس بإختناق    وضيق تنفس  و بعدها انت و مناعتك .. هههههههه"	Positive
1516	Egy Logic : لا مهو أنا مبقاش باكل حواوشي ب ٢ جنيه وتقولي حاسب فيروس هيموتك 😂  https://t.co/LvqmhiJwGu	Positive
1517	"واحد يسأل صديقه بعدما تزوج بشهر ، كيف الزواج ياصدقي؟؟! ! رد عليه "" الزواج هو نفس الكورونا،..  أول 15 يوم ما تشعر بأي أعراض ،   لكن بعدها تبدأ تحس بإختناق وضيق تنفس و بعدها أنت و قوة مناعتك""   😅😅😅.. واضح الرجال. يعاني. ههههه"	Positive
1518	سيذهب كورونا وتفتح المدارس ويأتي رمضان بخير قولو يارب💛	Positive
1519	@Leila57411202 هههههه ابشري ان شاء الله بعد كورونا	Positive
1520	رحت اشتري بزر من المحمصة، لقيت الزلمي لابس كفوف، قلتلو ياريت الناس زييك، قلي اي لازم نخاف عبعض.  نفخ بالكيس و عبا البزر. 😂😂 #كورونا_الإمارات	Positive
1521	الكورونا التي غلبت أقوى بلدان العالم حنا حاربناها بكلمة ''اودي روح ربي يهديك''  الجزائر كي تقعد فيها تكرهها وكي تخرج منها تتوحشها... ما تفهم روحك قاعد و إلا واقف، كي ايقلك واحد اقعد واقف  و يدوخك لي يقولك أفونسي شوي لاريار  هنا الجزائر	Positive
1522	واحد يمني قال لجدته :  الكورونا وصلت اليمن ساجدة.  قالت أيش بنستفيد منها ؟ هي بتوصل ليد المسؤولين السرق  وبيقسموها بينهم البين ولا بنحصل منها شي 😂😂  قلت ياريت والله ربي يسمع منك ههههههههههه😁😎😂🤣 #كورونا	Positive
1523	أنت تؤجر على البلاء، وتؤجر على الصبر، وتؤجر على المصيبة، وتؤجر على المرض، فلا تحزن ولا تكره شيئاً قد اختاره الله لك ، فأنت بين بشارة، وكفّارة، وطهارة. #كورونا	Positive
1524	أنواع الأهل لما ابنهم الدكتور يروح عالبيت :  🇺🇲 :Welcome Doc  🇯🇴: ياهلا بالحكــيم  🇸🇦: والله محد بجيبلنا الكورونا غيرك.	Positive
1525	يلا ياجماعة بعيداً عن موضوع كورونا  خلونا نفكر بشي ثاني 😂  قياس سريع للقدرات العقلية من    ١    إلى   ٦٩   ضعيف من   ٧٠   إلى   ٨٤   عادي من   ٨٥   إلى  ١١٤  ذكي من  ١١٥  إلى  ١٣٠  عبقري  جرب  لتكتشف ذكائك؟  وكبجر لنا النتيجه 🎶🌹   https://t.co/5KyGwWf6En…	Positive
1526	@Spidermane0015 هههههههههه كورونا هادو اخطر من كورونا	Positive
1527	رسمت لك قلبي على شكل خفاش وادخلت حبك فية مثل الكورونا   #ههههههههههه🐸	Positive
1528	احد يقول حسبي الله على كورونا كل ما شفنا دورية وحنا شايلين الكمام نلبسه بسرعة حسيت بشعور الحريم اللي اذا شافن رجال تغطن على طول 😬  هههههههههه.              خوش تشبيه 😂😂	Positive
1529	@nanaafana @xa_osama14 هههههههههه والله الكورونا عامل فينا عمايل	Positive
1530	سيذهب الوباء ومعه الكرب ويأتي رمضان ومعه الفرج بإذن الله ؟! أين الواثقون بالله ؟ #كورونا	Positive
1531	بدنا نحارب غلاء الأسعار بدنا نحارب كورونا بدنا نرجًع لبنان سويسرا الشرق  خلونا اليوم كلنا نشارك بهالمبادرة  الساعة 12 بالليل الكل يوقف عالبرندا وينط لتحت.  (بما إن ما إلكن مروة تنزلوا عالشارع تطالبوا بحقكن)	Positive
1532	واحد يقوف من بعد القعدة كم يوم في البيت ، كل ما تمر زوجتي من جنبي ، تقول الله يخلصنا على خير ، مدري هي تقصد الكورونا و الا تقصدني ...!!!! هههههههه	Positive
1533	كلنا نقدر جنودنا البواسل على الحدود وفي الجبهات   لكن لا ننسى ان هناك ايضا جنودًا لايقلون عنهم مكانة هم ابطال #الصحة من أطباء وممرضين وكوادر طبية وإداريين   كلهم في الخط الاول الان للدفاع عن الوطن ضد هذا الفيروس مضحين بأوقاتهم ومخاطرين بأنفسهم   #شكراً_أبطال_الصحة    #كورونا	Positive
1534	@_llo0i @iickop @AMLFAHAD_ @H7yWYQgAzxHqDFi @jofinko58 هههههه لايكون كورونا	Positive
1535	"كن على يقين  أن هناك شيء ينتظرك بعد الصبر ليُبهرك ويُنسيك مرارة الألم ، ذاك وعد ربي ""وبشر الصابرين #الشيخ_علي_سلمان  #اطلقوا_سجناء_البحرين  #فيروس_كورونا  #البحرين🇧🇭🇧🇭🇧🇭  https://t.co/zr9qy83HbC"	Positive
1536	@ayfaraho في كورونا  وليس بعد كورونا  ههههههه	Positive
1537	سيذهب الوباء ومعه البلاء وسيأتي رمضان ومعه الفرج بأمر الله تفائلوا بالخير تجدوه  وان حدثوك عن أمر مخيف فحدثهم عن رب لطيف اللهم ازح هذه الغمه عن هذه الامه اللهم فرج عن الاسلام والمسلمين في كل مكان يارب العالمين #يوم_الجمعة  #كورونا_في_الكويت  #حظر_التجول_الكامل  #صلاتي_راحتي	Positive
1538	الشعب كله صايع برة طول اليوم. وبالليل يروح يشوف نتايج الكورونا . فاكرها إنتخابات 🤔😂	Positive
1539	تبـا أظن أن تويتاتي مصابة بفيروس كورونا لهذا لا تتفاعلون معها !	Positive
1540	@Nadia_A_Bond هههههـ😂 هههههـ😂 هههههـ😂 هههههـ😂 هههههـ😂 ههههه😂 هههههـ😂 هههههـ😂 هههههـ😂 هههههـ😂 هههههـ😂 هههههـ😂 مع كورونا مش حتقدر تغمض عينيك😳	Positive
1541	وحدة زوجه مزعله قعدت 3 أيام ما تحط لا ملح ولا سكر بالأكل علشان توهمه إنه فيه كورونا وفاقد حاسة التذوق . حتى إبليس ما فكر فيها هههههههههه 🤣🤣🤣	Positive
1542	#كورونا بإذن الله غدًا نحكي فصول الصبر  بأن ألغمه قد زالت وصارت قصة تروى  وجاء الغيث للأمة	Positive
1543	سيذهب الوباء ومعه البلاء  وسيأتي رمضان ومعه الفرج بأمر الله  تفائلوا بالخير تجدوه وعليكم بكثرة الإستغفار  #كورونا_السعوديه #COVID2019	Positive
1544	@alnakhibe ههههه. هم أضحوكة في زمن الكورونا	Positive
1545	بعض الناس يرفض المصافحة خايف من كورونا 🤔  لكن ....... تعطيه فلوس 🤔  يلحس اصبعه وهو يعدها 😅 من قلب الحدث هههههههههههههههههههههه	Positive
1546	@beero20f5 @goal11914 @baytAlhilal @Alhilal_FC هههههههه هههههههههههههههههههههههههههههه هههههههه هههههههههههههههههههههههههههههه هههههههه هههههههههههههههههههههههههههههه هههههههه هههههههههههههههههههههههههههههه هههههههه هههههههههههههههههههههههههههههه هههههههه لعن الله كورونا	Positive
1547	احلى شي ممكن تسويه هالايام انك تدخل المصعد متروس ناس وتعطس  وتقول الله يلعن الساعه الي رحت فيها الصين.. طشرهم🤣 !	Positive
1548	@A_majeed_Karam @molaaaa78 ههههههه هذا اخطر من كورونا 😂	Positive
1549	اين هم الشيبات الذين كانو يقولو علينا انتم جيل النيدو 🤨🤨🤨 الان ياوحوش اقنعو كورونا انكم اصحاب السمن والعسل البلدي 😂😂😂😂😂😂😂😂😂😂😂😂😂😂  #اميره #قول #وفعل	Positive
1550	سيزول الوباء ومعه البلاء بمشيئة الله تعالى وسيأتي الفرج بقدوم رمضان إن شاء الله تعالى فيا أيها المؤمنون تفاءلوا بالخير تجدوه ...  #وداعا_كورونا  #فيروس_كورونا  #لا_تبقو_تتزكرونا	Positive
1551	كورونا وما ادراك ما كورونا ااااااه . ههههه  https://t.co/L5aqHVL0W4	Positive
1552	المخزون الاستراتيجي للمواد الاساسيه لا يقل عن ٦ شهور و كذلك الادويه و شركة مطاحن الدقيق. لا شيء يدعوا للهلع..المطلوب الصبر  ﴿وَلَنَبْلُوَنَّكُمْ بِشَيْءٍ مِنَ الْخَوْفِ وَالْجُوعِ وَنَقْصٍ مِنَ الْأَمْوَالِ وَالْأَنْفُسِ وَالثَّمَرَاتِ وَبَشِّرِ الصَّابِرِينَ﴾  #كورونا_الكويت	Positive
1553	قريبا ستختفي #الكمامة 😷 و تفتح المساجد🕌 و محلاها #إبتسامة 🙂 أيها الواثقون بالله..  أبشرو خيرا واستغفروا و قولوا يا رب🤲 #فيروس_كورونا #الجزائر  https://t.co/v0afNwEk39	Positive
1554	@SheryElglad ده عنده كورونا باين😂	Positive
1555	"تباا أظن أن منشوراتي مصابة ب ""فايروس كورونا""، لهذا تتجاهلونها ولا تتفاعلون معها..🐸  https://t.co/te5JtY73HJ"	Positive
1556	@9mGiPWJBO0e38DE هههههههه هههههه هههههه هههههه هههههه هههههه هههههه ازاي السياره موديل ٢٠٢٠ وعندها كورونا يبقي ازاي تعبانه	Positive
1557	@D_A_B_I_A ههههههه انطري خلنا نخلص من كورونا الحين ما طريق عليه	Positive
1558	"نعيش بين يسر وعسر وكلاهما نعمة ففى اليسر يكون الشكر "" وسنجزى الشاكرين "" وفى العسر يكون الصبر إنما يوفى الصابرون أجرهم بغير حساب  #فيروس_كورونا  #حظر_التجول_الكامل"	Positive
1559	#كورونا_السعوديه اللهم اكفنا شر البلاء والوباء والهمنا الصبر فليس لنا قوه ولاحيله ولا حول ولا قوة إلا بك اللهم نسألك اليسر بعد العسر فاحفظنا بعينك التي لا تنام واحفظ بلادنا يارب.	Positive
1560	احذف اول حرفيين من (كورونا ) وحط اول حرفين من اسمك يالله خلونا نكتشف شنو الامراض الجديده😂😂😂	Positive
1561	هل تعلم لماذا سميت سورة يوسف بأحسن القصص ؟ لانها تعلمنا أن السجين سيخرج والمريض سيشفى والغائب سيعود والحزين سيفرح والكرب سيزول وأن ابتلاء المؤمن كله خير  فمع الله لا يخيب رجاء  فلا تيأس وثق بالله 👌👌❤❤  #كورونا	Positive
1562	#٦_حالات_كورونا_تداهم_النصر مايتركون حركاتهم الطواقي اعلام جحه هههههههه	Positive
1563	"كن على يقين  أن هناك شيء ينتظرك بعد الصبر ليُبهرك ويُنسيك مرارة الألم ، ذاك وعد ربي ""وبشر الصابرين #كميل_المنامي #اطلقوا_سجناء_البحرين  #فيروس_كورونا  #البحرين🇧🇭🇧🇭🇧🇭  https://t.co/ZgCml6Pxgx"	Positive
1564	"سيختفي كورونا وتفتح المدارس ويعود يصدح الاذان ب "" #حي_على_الصلاة ""   وياتي رمضان بخير بإذن الله  قولوا ياااااارب واستغفروه اللهم فرج قريب"	Positive
1565	احذف اول حرفين من كلمة كورونا وضيف اول حرفين من اسمك. نشوف الابداع😂	Positive
1566	"@feoh236 بششششششارة ،،،  مركز كليفلاند الطبي الأمريكي : "" دواء ريمديسيفير ""  1 - فعال ويسيطر على فيروس كورونا . 2 - ينجح بتقليل مدة الشفاء ل 4 أيام .  قريباً ستعود الحياة جميع الدول تسابق الزمن ❤️❤️"	Positive
1567	جداتي قلتلها راهي دخلت الكورونا للجزائر قاتلي ضرك يدوها غير صحاب المعريفة ولكتاف حنا ماطيرلنا والو  😂	Positive
1568	سيذهب كورونا وتفتح المدارس والمساجد ويأتي رمضان بخير  قولوا يارب وأستغفروا 🤲⁦❤️⁩ #يارب_ارفع_عنا_البلاء  https://t.co/5iHilUZL7f	Positive
1569	@alrad3dz1 الجزائر 🇩🇿 ستكون ثاني بلد يتغلب على الكورونا بعد الصين 🇨🇳 لأننا نحترم الحجر الصحي ⬅️ سمعت واحد قالها في لاشان على الزلابية 😂😆	Positive
1570	""" سيذهب الوباء ومعه البلاء بإذن الله .. وسيأتي يوم ومعه الفرج بأمر الله .. تفاءلوا بالخير تجدوه .. وإن حدَّثوك عن أمر مخيف، فحدثهم عن رب لطيف. (م) #اللجنة_العليا #عمان_تواجه_كورونا #السلطان_هيثم_بن_طارق #كورونا"	Positive
1571	من قلب الحجر الصحي 👇👇👇 و الله مانا حابسييين 🎶🎵🎶🎶🇩🇿🇩🇿🇩🇿  #الحراك_مستمر #الحراك_الشعبي #الجزائر #دولة_مدنية_ماشي_عسكرية #الثورة_مستمرة #كورونا_فيروس  #بوصبع  https://t.co/XgqAhXuVyc	Negative
1572	وحشني ابويي 😭😭 الله يلعن كورونا 😩	Negative
1573	@vHWNOlLfA77PmDB 😩😩😩😩 من هنا نستنتج أنه لا مفر من كورونا لا مفر😷😪	Negative
1574	بعض البشر قلوبهم تستحق وباء زي الكورونا والله، اسبوع واحد كان كفيل يقنعك ان الانسان لا بيرحم حيوان، ولا طفل فقير، ولا الكوكب نفسه، ولا حتى حيوان اليف ومسالم عايش في طبيعة خالقها الله في سلام  https://t.co/yQ63jYbAuA	Negative
1575	@fadwazhri9 @pieceofdarkart @MuhabIsmail0 @tsabeehbabekir اشتقتا ليكم الله يلعن كورونا	Negative
1576	@U9eeta الله يلعن كورونا ويلعن الصين 🤗  كلامك المفضل 🙄	Negative
1577	@ALMershadMaryam الله يعوضنا و الله يلعن كورونا	Negative
1578	حالات الكورونا بتزيد وداخلين علي مرحلة خطرة وفي ناس بتستغيث إنها عندها كورونا ومحدش بيسأل فيها ولسه في بيوتها ننشر بروتوكول علاج الكورونا المتبع في مستشفى القصر العيني الفرنساوي وصلها لكل واحد مش قادر يروح مستشفي ومضطر يتعالج في البيت اللهم ارفع عنا البلاء والوباء يارب العالمين  https://t.co/EkPotGm2RY	Negative
1579	@mhmod190 @Q8MOONLIT الله يلعن كورونا عطلتنا 🤦‍♀️	Negative
1580	"""إنا لله وإنا إليه راجعون""  إنتقل إلى رحمة الله تعالى زميلنا محمد البطاشي ، أحد كوادر معهد الإدارة العامة متأثرا بفايروس كورونا ""كوفيد 19""  نسأل الله له الرحمة والمغفرة ، وأن يسكنه فسيح جناته، وأن يلهم أهله وذويه الصبر الجميل.😔"	Negative
1581	أعلن خالد مرتجي عضو مجلس إدارة النادي الأهلي المصري اليوم الأحد، إصابته بفيروس كورونا المستجد.  وقال مترجي : “الحمد لله علي كل شيء تحليل كورونا ايجابي انا بخير واسالكم الدعاء..اللهم رب الناس اذهب الباس اشفنا انت الشافي لا شفاء الا شفاؤك شفاءاً لا يغادر سقماً”. #توووفه  https://t.co/fTAbQDSiFg	Negative
1582	اشتقت لك ياعمري الله يلعن كورونا   https://t.co/H1usuM3Tc4	Negative
1583	@PaaanCaakee ياخ الله يلعن الكورونا 😢  https://t.co/P6LqTXdmYn	Negative
1584	الله يلعن كورونا هو السبب #PS4share  https://t.co/em01s4ziAe	Negative
1585	بعض البشر قلوبهم تستحق وباء زي الكورونا والله، اسبوع واحد كان كفيل يقنعك ان الانسان لا بيرحم حيوان، ولا طفل فقير، ولا الكوكب نفسه، ولا حتى حيوان اليف ومسالم عايش في طبيعة خالقه في سلام.  حسبي الله،  https://t.co/RNdHHmgMP5	Negative
1586	ايران صحيح دوله قذره لاكن قذارتها جت من الاذناب مثل اي سعودي يعرف انه ممنوع السفر لها ويروح لهم هذا مفروض اعدام لنه خاين #ايران_تصدر_كورونا_للخليج	Negative
1587	الله يلعن الصين و يلعن كورونا كانها خربت علي كل شي كنت متحمسه له :)	Negative
1588	#اسجنونا_جميعا_فلا_رجوعا #واقمعونا_جموعا_فلا_خنوعا #تروح_كورونا_زيدو_أنتوما  #جمعة 66 لن نستسلم ولن نركع عيد مبارك لي شعب جزائري العظيم #دولة_مدنية_ماشي_عسكرية  #حرروا_المعتقلين_ماباعوش_الكوكايين #تبون_المزور_جابوه_العسكر #يتنحاو_ڨااع  https://t.co/D19VXqMtBk	Negative
1589	خلاص طفشنا متى يروح الكورونا 😞	Negative
1590	اللهم يا مُنزل الشفاء و يارافع البلاء و يا مجيب الدُعاء ويا من تعيد للمريض صحته و يا من تستجيب دعاء البائس اللهم أشفيهم و اشفي جميع مرضى المسلمين شفاء لايغادر سقماً يارب 🤲🤲 #عزيمه_حامد_هتهزم_كورونا	Negative
1591	بعد إنقلاب 11جانفي 92 حُلَّت كل المجالس المنتخبة لأنّها أنتخبت من طرف #الشعب واليوم يحافظون عليها لأنها معينة من طرف #العصابة ببساطة لان الشعب لا يعني لهم شيئا ...وهم خونة العهد والميثاق #تروح_كورونا_زيدو_أنتوما  #دولة_مدنية_ماشي_عسكرية	Negative
1592	الله يلعن الصين والله يلعن كورونا اللي حتى العيد بننحرم منه 💔💔.  https://t.co/SNWsFwILyC	Negative
1593	انت كورونا بكبرك الله لا يوفقك @DavidLuiz_4	Negative
1594	@ZGhadi اييييي والله الله يلعن كورونا 😔	Negative
1595	تبظيل للاصابة فقط ... اما الموقع والعمل هو هو ..  #يتنحاو_ڨاع خونة العهد والميثاق #توقفوا_عن_استدعاء_النشطاء  #تروح_كورونا_زيدو_أنتوما  #الحراك_مستمر في معركة الحربة والإستقلال 🇩🇿✌🔥  https://t.co/WoVBR1p0nr	Negative
1596	الله يلعن كورونا حرفيا زعلانه قد الدنيا.	Negative
1597	#ايران_تصدر_كورونا_للخليج   إيران بدون اذنابها الخونة ما تقدر تسوي شي ، حقيقة✌🏽	Negative
1598	الله يلعن ايران دولة شر وارهاب #ايران_تصدر_كورونا_للخليج	Negative
1599	الطغيان لايخش شيئا كما يخشى يقظة الشعوب وصحوة القلوب ويكره الداعين لليقظة و_الوعي الحراك مستمر حتى تحرر البلاد والعباد باذن الله🤲 #تروح_كورونا_زيدو_أنتوما يا خونة العهد والميثاق  #دولة_مدنية_ماشي_عسكرية  https://t.co/fOWEh2GPtO	Negative
1600	لقاح كورونا أو زكام 2019 قد يتأخر في الجزائر ، لكن ثقوا في جنب الله أن كورونا سيزول قبل وصول اللقاح .	Negative
1601	@Alhilal_FC والله اشتقنا الله يلعن كورونا ويلعن الصين معها 😭😭😭😭😭💔	Negative
1602	@memo_vip0 الله يلعن كورونا ويرزقك حياه 😫🙌🏻🙌🏻	Negative
1603	الله يلعن الكورونا الله يلعن اللي جاب الكورونا	Negative
1604	اللواءعبدالله القحطاني محلل سياسي وعسكري وكلامه في الصميم ،فعلا دول مثل البحرين والكويت والأمارات رغم قرب حكامها من السعودية ، إلا أنه تبين من خلال كورونا هشاشة وضعها مع إيران وضعفهم أمامها ، إلى درجة التواطؤ مع الخونة وتهريبهم من وإلى إيران بأسلوب حقير ، حسبنا الله ونعم الوكيل  https://t.co/ALTW0zQfuy	Negative
1605	@eman__faraj اخخخ انتون الي وحشتونا 😭 ♥️♥️ ، الله يلعن كورونا😔💔.	Negative
1606	@EPL4News الله يلعن كورونا ماخلته يروح 🤬	Negative
1607	وفقدت حياتها بطريقة بشعة .😭 بعض البشر قلوبهم تستحق وباء زي الكورونا والله، اسبوع واحد كان كفيل يقنعك ان الانسان لا بيرحم حيوان، ولا طفل فقير، ولا الكوكب نفسه، ولا حتى حيوان اليف ومسالم عايش في طبيعة خالقه في سلام	Negative
1608	الله يلعن كورونا ... مساء الخير  https://t.co/17Xbl7XnAj	Negative
1609	اللهم اشفي اخي وصديقي العزيز   سعود الراشد شفاء لايغادر سقما  اللهم اشفه واهله من كل تعب اللهم اني استودعتك اخي سعود اللهم يامنزل الشفاء ويارافع البلاء ويامجيب الدعاء يامن تعيد للمريض صحته ويامن تستجيب دعاء البائسين استجب لنا يارب العالمين     #كورونا  #سانت_لويس	Negative
1610	@xshl1 الله يلعن كورونا الطفره لعبت فينا	Negative
1611	يلا نقطة الله يلعن كورونا 💃🏻  https://t.co/kPdzsM4qYo	Negative
1612	إلى بعض تجار لبنان وخاصة  المواد الغذائية أنتم أوسخ وأحقر وأنذل من فيروس كورونا بس  هيك #ناطرين_تفرج لنحاسبكن واحد واحد	Negative
1613	@KSAEJ1 الله يلعن الكورونا بس الله يلعنهاا	Negative
1614	#اللواء_عبدالله_القحطاني محلل سياسي وعسكري وكلامه في الصميم فعلا دول مثل البحرين والكويت والأمارات رغم قرب حكامها من السعودي إلا أنه تبين من خلال كورونا هشاشة وضعها مع إيران وضعفهم أمامها لدرجة التواطوء مع الخونة وتهريبهم إلى إيران بأسلوب حقير حسبنا الله ونعم الوكيل  https://t.co/V7Phgk6SOK	Negative
1615	@Moath_To الله يلعن كورونا اللي حرمنا من الجماهير	Negative
1616	@xrh552 اييي تخيلهم اف الله يلعن كورونا 😔😔😔😔	Negative
1617	@Adham9080 @Mohamedsamy744 @karemmahdy5 @Ahmedkhamis121 @AhmedNo6a @Mohamed62323931 الله يلعن الكورونا يخويا 😢	Negative
1618	"@jenaideb نسأل الله العظيم رب العرش العظيم أن يشفيه شفاء عاجلًا،نستوعه الله الذي لاتضيع ودائعه، اللهمّ احفظ عبدك ""سعود بن جنيدب"" واشفه، نعيذه بك من كل سوء ومرض ونعيذه بك من شر #كورونا اللهمّ عليك توكلنا فاشفه أنت الشافي المعافي فلا شفاء إلا شفاؤك شفاء لايغادر سقما🤲🏼."	Negative
1619	#منقول  تعازينا القلبية الأسرة المغفوري له راجية من المولى عزه وجله ان يدخله فسيح جنانه وان يلهم ذويه الصبر والسلوان وإنالله وإنا إليه راجعون #الرقم_3محمد عثمان ولد تتاه  الرقم 3! هو المرحوم الثالث بسبب كورونا😥!! 👇🏻👇🏻	Negative
1620	أخي وحبيبي.. أسأل الله العظيم رب العرش العظيم بأسمائه الحسنى وصفاته العلى أن يشفيك شفاءًا لا يغادر سقما اللهم رب الناس اذهب الباس اشف أنت الشافي لا شفاء إلا شفاؤك شفاء لا يغادر سقما أسألكم الدعاء لأخي وحبيبي وصديقي عبدالله عطية.. إيجابي كورونا  https://t.co/anbTijPK3z	Negative
1621	الله لا يوفقك يا كورونا اخويانا مضيعين اللعب	Negative
1622	@abdalaziz7ato رجعونا الله يلعن كورونا 😪  https://t.co/yF1R6m1Xbq	Negative
1623	الى تجار لبنان وخاصة المواد الغذائية أنتم أحقر وأنذل وأوسخ من فايروس الكورونا.	Negative
1624	#فيروس_كورونا  اي سعودي قادم من ايران  المفروض تسحب جنسيته ويسفر  لطهران فورا هذا عدو للوطن خاين  لاتستبعدون ان تكون ايران متفقه معهم لنشر الفايروس في دولتنا  من اليوم ورايح اي كلب يروح لايران لاعاد يرجع	Negative
1625	@522xt محجوره بفندق و الله يلعن كورونا	Negative
1626	إلى تجار لبنان وخاصة المواد الغذائية انتم اوسخ واحقر وانذل من فيروس الكورونا تفوه عليكم اللعنة #كورونا_لبنان	Negative
1627	مؤخراً خرج واحد الذباب الإلكتروني إماراتي 🇦🇪 كينتقد تعامل الحكومة المغربية 🇲🇦 مع ازمة كورونا وحذر من مجاعة في المغرب 🇲🇦 ونسا بلي حنا امة نأكل مما نزرع ولا نستورد ولو بصلة من الخارج ونطعم أوروبا 🇪🇺 بأطنان من الخضر والفواكه ونسا بلي اغلى ما تملك دولته هو النفط فقط والذباب	Negative
1628	@R7Adol طول علينا الله يلعن كورونا 😭💔	Negative
1629	نسأل الله العظيم رب العرش العظيم  أن يشافي النائب #حمدان_العازمي  بعد تأكيد إصابة بـ فايرس كورونا اللهم اشف عبدك حمدان ، اللهم البسه ثوب العافية اللهم اشفه وأنت الشافي لا شفاء إلا شفاؤك شفاء لا يغادر سقما يارب.  سلامات يا ابو عبدالله  وما تشوف الشر  https://t.co/KWn3OZvMDa	Negative
1630	@liimi11 حقيقي طفش مره ، الله يلعن كورونا بس(:	Negative
1631	إصابة الشيخ  عبد الله المصلح حفظه الله بكورونا. *** قال ابنه محمد في حسابه على تويتر:  (( تقبل الله دعائكم ظهرت إصابة الوالد بفايروس كورونا أرجوكم الدعاء له بظهر الغيب )).  ***  اللهم رب الناس أذهب الباس اشفه أنت الشافي لا شفاء إلا شفاؤك شفاء لا يغادر سقما إنك أنت السميع العليم.  https://t.co/P55DA4R0tQ	Negative
1632	@t0tti97 @emaanaymann الله يلعن الكورونا حرمتنا منها😪	Negative
1633	#الهلال_يخوض_ملحمة_للتاريخ  ياخالق المعجزات ويارب المستحيلات سبحانك أنت القادر و نحن العاجزين اللهم أشفي كل مرض وأنثر العافيه في جسدهم يارب يا من تعيد للمريض صحته وتستجيب دعاء البائس أشفهم  أنت الشافي لا شفاء إلا شفاؤك شفاءً لايغادر سقما وأشف ِمرضى المسلمين من #كورونا 💔  https://t.co/orCdT53hhQ	Negative
1634	5 جامعات عالمية في مرحلة التجارب النهائية لإنتاج لقاح ضد كورونا ⚪️ 110 جامعة جزائرية تطالب بإلغاء السداسي الثاني #يتنحاو_ڨاع  @PVRaupeuple3	Negative
1635	@z12Il @3wa1sh @srhv3 منك لله يا كوفيد 19 الله لا يوفقك 😭😭😭😭	Negative
1636	اللهم رب الناس اذهب الباس واشف أنت الشافي لا شفاء إلا شفاؤك شفاء لا يغادر سقما.  أطلب من كل من يرى تغريدتي هذة الدعاء لأمي أن يشفيها الله و لايفجعنا فيها أبدا. أصيبت ب كورونا و هي مُسنة والحمد لله على قضائه وقدره.  حفظكم الله من كل مكروه. #كورونا #كورونا_السودان #كورونا_السعوديه	Negative
1637	#ما_تسكتوناش #ما_تخوفوناش #ما_تحكموناش #يسقط_البوليس_السياسي #تروح_كورونا_زيدو_أنتوما  يا خونة عهد الشهداء #توقفوا_عن_إستدعاء_النشطاء  https://t.co/l5bwZ3u1lA	Negative
1638	@OnlyNaS_ الله يلعن كورونا ويلعن الصين فوقه	Negative
1639	رئيس مصلحة الجراحة بمستشفى فرانتز فانون بالبليدة البروفيسور سي أحمد،في ذمة الله بعد إصابته بفيروس كورونا الله يرحمه،إنا لله وإنا إليه راجعون😢 #فيروس_كورونا #الجزائر  https://t.co/1Ex7aaVj8H	Negative
1640	@mirza_jw الله لا يوفقك يا ميرزا كورونا	Negative
1641	الله يلعن كورونا وش ذا الحزن #LifeGoesOnWithBTS  https://t.co/YnPSkMF0st	Negative
1642	الدكتور البطل اللي أصيب بفقدان البصر نتيجه ضغط الشغل في علاج مرضي فيروس كورونا . عمل عمليه . ومستني النتيجه . اللهم اذهب عنه البأس اشفيه انت الشافي لا شفاء الا شفائك شفاء لا يغادر سقما اللهم أمين🙏  فهو في امس الحاجه لدعواتكم🙏  https://t.co/Lv5OBo5qdj	Negative
1643	الله يلعن كورونا اشتقت ل اختييي💔💔💔 . @waadxii220	Negative
1644	@elwa3y_elhoriya قلنا ومازالنا نقولوا ونعاودوا #تروحو_قاع #تروح_كورونا_زيدو_أنتوما	Negative
1645	الله يلعن الصين و كورونا و الخفاش معهم	Negative
1646	@BTS_twt الله يلعن كورونا متى تخلص ابغا اشوفكم	Negative
1647	@gurlcry9 الله يلعن كورونا ولا كان نشاركك	Negative
1648	الله يلعن اللي اكل الخفاش 😞  #كورونا	Negative
1649	الحمدلله على كل حال تمت اصابه ام صديقتي واخواتها بڤايروس كورونا..   اللهم يا مُنزل الشفاء و يارافع البلاء و يا مجيب الدُعاء ويا من تعيد المريض لصحته و يا من تستجيب دعاء البائس اللهم أشفهم شفاء لايغادر سقماً يارب. دعواتكم❤️❤️.#كورونا	Negative
1650	من تلات اشهر وقت اشتدت الكورونا بالدول الاوروبية وكنا نحن مرتاحين بلشوا يصرخوا: بدنا نرجع عبلدنا ودولتنا مجبورة فينا. فتحوا المطار كرمالن واجوا وفي منن ما التزموا وعلوا ارقام الكورونا. اليوم منسمع البكي: هجرتولنا ولادنا، عم نبكي بدنا نفللن قتلتون ببلدن🙄  https://t.co/kNTvwpqp0Y	Negative
1651	5 جامعات عالمية في مرحلة التجارب النهائية لإنتاج لقاح ضد كورونا 110 جامعة جزائرية تطالب بإلغاء السداسي الثاني قناة تلفزيونية جزائرية : الشمة علاج للكورونا ضربة ضربة	Negative
1652	الله يلعن كورونا خرب احلى يوم💔  https://t.co/3C5M1Lfson	Negative
1653	الله يلعن كورونا  الله يلعن كورونا  الله يلعن كورونا  الله يلعن كورونا  الله يلعن كورونا  الله يلعن كورونا  الله يلعن الهلال  الله يلعن كورونا  الله يلعن كورونا  الله يلعن كورونا  الله يلعن كورونا  الله يلعن كورونا  الله يلعن كورونا	Negative
1654	اللهم رب الناس اشف جميع مرضي كورونا في مستشفي جابر الأحمد ومرضى المسلمين والعالم شفاء لا يغادر سقما  اللهم إنا نسألك من عظيم لطفك وكرمك وسترك الجميل أن تشفيهم وتمدّهم بالصحّة والعافية لا ملجأ ولا منجا منك إلّا إليك إنّك على كلّ شيءٍ قدير. 🤲	Negative
1655	#حيوان_المرموط لسا عادنا ف مرموط كورونا امداكم تجيبون مرموط ثاني الله لا يوفقكم😭	Negative
1656	الله يلعن كورونا خرب كل شي  #Covid_19	Negative
1657	@fs_u1 @DominusAbdullah الله يلعن الكورونا ياشيخ و يلعن الصين 💔💔💔  وحشني ابو نورهه💔  https://t.co/9a8sUXNOmr	Negative
1658	الله يلعن الاختبار والله يلعن اللي حط التحصيلي والله يلعن كورونا بعد	Negative
1659	👈🏻 البانديسي النوفمبري كي تقولّو بلي #الجنرالات_الخونة رجّعوا البلاد فوضى 😂 #دولة_مدنية_ماشي_عسكرية #تروح_كورونا_زيدو_أنتوما  https://t.co/BSFnAqAFwT	Negative
1660	@roo222oofa @l__4i @stop_x2 الله يلعن كورونا والصين هي السبب 😭	Negative
1661	@h_5_e اي والله الله يلعن الكورونا 🙏🏻	Negative
1662	@ZEldrsy 💔💔💔💔 الله يلعن الكورونا لي حرمتنا	Negative
1663	@salma259999 الله يلعن كورونا وسنين كورونا ياااخ 😭😭😭😭	Negative
1664	@Alhilal_FC @066Anas @mooath6 @sulaiman066 كان المفروض نودعه بالملعب 💔 الله يلعن كورونا 💔	Negative
1665	الله يلعن كورونا والله يلعن الصين ويلعن الحجر وهم يلعن النت الخرا والصداع وكل شي في الحياة	Negative
1666	يا درى! يا بوصبع لزرڨ كليتو لحم تاع 80 ألف و لا مازال؟ #توقفوا_عن_إستدعاء_النشطاء  #تروح_كورونا_زيدو_أنتوما	Negative
1667	الكرونا خي جابها النظام كيفاه بغيتوها تروح يا شرذمة فكر وكانك بردوع زوافي زيطوطي هههه    #تروح_كورونا_زيدو_أنتوما #الجنرال_شنقريحة_يمثلني	Negative
1668	الله يلعن الصين و كورونا و شركة ال⚡️ و الأم اللي يموت ولدها و ما تتنازل عن الورث للأيتام و اللي في بالي لعنة أصحاب الفيل🤬🙄💅🏼  https://t.co/Gs82U1q57H	Negative
1669	ودي اسافر ،  الله يلعن كورونا بس 😣	Negative
1670	حسبي الله عليكم ي الصين الله لايبارك فيكم اصبرو  خلونا نخلص من كورونا😭💔 #الطاعون_الدملي  https://t.co/si4i8HPBpN	Negative
1671	الله يلعن كورونا اللي زق بالنت كذا	Negative
1672	@gh_____5 اعراض كورونا صداع سخونه شهيه الاكل لايوجد  هذي جتني قبل اربعه ايام قلت تغير الجو سكت لين أمس الاربعاء ذهبت إلى المشفى سويت فحص وقالولي اشتباة كورونا غدا النتيجي راح البيت ونتصل فيك اليوم اتصلو  وطلع فيني كورونا 😥	Negative
1673	السلام عليكم يا بناوية ...نرجو الدعاء لاختنا فرح البنا والدعاء لولدتها  ولاخت زوجتي بالشفاء العاجل قد اصابهن كورونا ...اللهم شفاء تام طهور ..اللهم اشف انت الشافي شفائك لا يغادر سقما #في_الجنة_يابنا_وروحنا_معاك	Negative
1674	#الجزائر 🇩🇿 #فيروس_كورونا  #اوقفوا_رحلات_اوروبا  #فرنسا_هي_الوباء  في سنة 2020 أو ما يسمى بـ عام الكورونا، أصبحت أوروبا وخاصة فرنسا بلد موبوء بالمرض إلى حد أن ليزيميقغي تاع الجزائر وقفو في طوابير من أجل الهروب إلى بلدهم الجزائر المتواجدة في افريقيا . أنشر هذه الصورة للتاريخ  https://t.co/YO8ZKWZZbh	Negative
1675	ما أقول الا الله يلعن كورونا 🚶🏻‍♀️	Negative
1676	اللهم يامنزل الشفاء، ويا رافع البلاء ، ويا مجيب الدعاء ، يا من تعيد المريض لصحته ويا من تستجيب دعاء البائس ، اللهم أشفي اخونا الشيخ متعب البندر الهذال ابو مشعل حيث يرقد بالعنايه المركزه بمستشفى الفروانيه كما اخبرني ابنه فهد اللهم انت الشافي اشفه من كورونا شفاءا تاما يارب العالمين  https://t.co/7yIksyGyH1	Negative
1677	الله يلعن ابو الزهق ع أبو الكورونا😭  @ali_m_hoteit  https://t.co/5AOsyccOsO	Negative
1678	الله يلعن كورونا كل شي مقفل بوجهك.🌚	Negative
1679	الله يلعن كورونا خلصت ماب كذا بصرخ	Negative
1680	@Chahd_chahdo 😂😂😂ربما نسقسي صاحبي قبايلي يعطينا جمع اغيول  #توقفوا_عن_إستدعاء_النشطاء #تروح_كورونا_زيدو_أنتوما	Negative
1681	الله يلعن الصين و كورونا و شركة ال⚡️ و اللي في بالي و المدارس و المنبطحين و قردوغان و من والاه و بادكرور المروح لعنة قوم صالح 🤬🙄💅🏼	Negative
1682	من خلال أزمة كورونا  لدي ملاحظة  وهي أن دول مثل البحرين والكويت والأمارات رغم قرب حكامها من السعودية ، إلا أنه تبين  هشاشة وضعها مع إيران وضعفهم أمامها ، إلى درجة التواطؤ مع الخونة وتهريبهم من وإلى إيران بأسلوب  الواجب من الاشقاء التعاون مع دول المجلس والمساعدة بينهم دام عزك 🇸🇦	Negative
1683	قسم بالله العظيم زقت الله يلعن كورونا ويلعن الدراسة عن بعد	Negative
1684	#كورونا  🦇  الله لا يوفقك يا وجه النكبه	Negative
1685	ابغا كنتاكي قاعدة ابكي الله يلعن كورونا	Negative
1686	الله يلعن كورونا الله يلعن كورونا الله يلعن كوروناااا ي كحبه ي كورونااااا الله ياخذك الله يااخخذكك انقلعي خليهم يأدوونن	Negative
1687	هذا اللواء عبدالله القحطاني محلل سياسي وعسكري وكلامه في الصميم وفعلا دول مثل البحرين والكويت والأمارات رغم قرب حكامها من السعودية إلا أنه تبين من خلال كورونا هشاشة وضعها مع إيران وضعفهم أمامها إلى درجة التواطؤ مع الخونة وتهريبهم من وإلى إيران بأسلوب حقير حسبنا الله ونعم الوكيل  https://t.co/hlV4r2oWXb	Negative
1688	@star_talal1 اي يارب يروح الكورونا😭	Negative
1689	#ايران_تصدر_كورونا_للخليج ايران عدوه صدرتها عن طريق الخونة اللي يسافرون لها في الظلام عن طريق دول خليجية اعتبرها متواطئة بالخيانة معهم كالكويت والبحرين مواطن سعودي كيف يسافر لايران عن طريقهم وين خليجنا واحد ليش مايكون تنسيق امني ضد هالخونة	Negative
1690	@SH_25___ الله يلعن كورونا الي خرب نفسياتكم	Negative
1691	@Whathre الله يلعن كورونا ❎                                       الله يلعن الي اكل الخفاش✅	Negative
1692	أين هي الجزائر الجديدة : #توقفوا_عن_إستدعاء_النشطاء #تروح_كورونا_زيدو_أنتوما  https://t.co/qgviHkGq5C	Negative
1693	خلونا نخلص من كورونا ي ولاد الوسخه  #الطاعون_الدملي  https://t.co/tIjZYDy2sZ	Negative
1694	والشعب توحد يا الخونة ✌✊💪💪🇩🇿 #تروح_كورونا_زيدو_أنتوما  #حرروا_المعتقلين  #المحامون_فخر_الحراك  #توقفوا_عن_إستدعاء_النشطاء #الحمدلله  https://t.co/Pk8HOJ2BDB	Negative
1695	@ramezelkadi هيك معودين تستقبلوا الضيف ! 😤  #كورونا #سنموت_بعد_قليل #لا_داعي_للهلع	Negative
1696	يا @ALG_Presidency و يا صعاليك الحكم قصدي #الجنرالات_الخونة ،حتى و إن قتلتوه في سجونكم، راح يبقالكم عقدة مدى الحياة.. #كريم_طابو من أشرف رجال الجزائر، و أنتم خونة. #توقفوا_عن_استدعاء_النشطاء #تروح_كورونا_زيدو_أنتوما #دولة_مدنية_ماشي_عسكرية	Negative
1697	@YASSERK4 @AI3oDe الله يلعن كورونا بس  https://t.co/gLmOE3cqzK	Negative
1698	@OlaAlfares لا تعليق 🥺 الله يلعن كورونا	Negative
1699	وزارة الصحة : @OmaniMOH  تسجل أول حالة وفاة مواطن عُماني مصاب بمرض كورونا (كوفيد 19 ) ويبلغ من العمر 72 عاماً. تغمد الله الفقيد بواسع رحمته وأسكنه فسيح جناته ونسأل الله العلي القدير أن يلهم أهله الصبر والسلوان💔🙏🏻.  #خليكم_في_البيت	Negative
1700	#حراك_شعبي_ماشي_ايديولوجي #توقفوا_عن_إستدعاء_النشطاء #قلوبنا_مسجونة_مع_معتقلي_الراي #تروح_كورونا_زيدو_أنتوما ولاد الكلبة قاع الكلب يا الكلاب لي حاكمين الجزائر كلكم دون اي استثناء كلاب اولاد كلاب وخاصة شرطة الطحين والعبودية والرخس والذل تفوه عليكم الى يوم الدين	Negative
1701	قبل سنه الله يلعن كورونا 💔💔💔  https://t.co/rpOp7dBrr9	Negative
1702	الله يلعن الصين و كورونا و شركة ال⚡️ واللي في بالي و قردوغان و ايران و البساس و الحشرات اللي تطير و بادكرور لعنة اليهود و الكلاب السود 🤬🙄💅🏼	Negative
1703	"@saudalmukhled "" يفيد "" قريتها كوفيد 🤦‍♂️🤦‍♂️ الله يلعن كورونا"	Negative
1704	الله يلعن كورونا ويلعن الصين اللي فرقتناا💔💔	Negative
1705	الله يلعن كورونا اللي حرمتني جمعتهم 💔	Negative
1706	الحجر الصحي و زيد نتوما نموتو بالقنطة قبل ما تلحقنا كورونا #اتصالات_الجزائر_وكيلكم_ربي	Negative
1707	الله يلعن الكورونا الله يلعن الكورونا 😭😭😭😭😭	Negative
1708	@khalidmoh00 @banderalrezohan االلهم رب الناس أذهب الباس عن الأستاذ بندر الرزيحان من إصابته (بفايروس-كورونا) اللهم عجل بشفاءه أنت الشافي لا شفاء الاّ شفاءك  شفاء لا يغادر سقما نسأل الله أن يمن عليه بالشفاء العاجل ليرجع لأسرته ومحبيه سالماً معًافا من سؤ الإسقام.	Negative
1709	طبعاً الله يلعن كورونا اللي فرقنا  https://t.co/HyuluQrPWp	Negative
1710	اشتقت لربعي السلق الله يلعن كورونا 💔💔.	Negative
1711	@ReCvvy عاتي أصلاً يارب يروح كورونا 🥺🥺💔	Negative
1712	#انا_عقود_اين_الوعود نحن عمال الإدماج المهني مرضنا هو #كورونا الإدارة في #الجزائر  https://t.co/Lh26Hr8hhO	Negative
1713	#الأهلي  #اوقفو_اجتياح_كورونا #ردا_على_الكلب_البغيلى مصيبه كبيره  وشيكة الحدوث تخيلو لو واحد بس مصاب فى مترو هيعدي كام طب تخيل العربيات الاجره طب تخيل السفر ف القطاراتطب تخيل المصيبه ملايين الناس هتتصاب ف اقل من شهر والله البلد هتتحول لمقبره كبيره #اوقفو_مؤامرة_كورونا	Negative
1714	@Saudly123 فازت الصورة 🥺♥️ ، الله يلعن كورونا 💔	Negative
1715	@howimalhassan ••الحمدلله الذي سكب في جسدك العاافية، والحمدلله والشكر لله الذي عافاك وأنجاك من خطر فايروس #كورونا القاتل.   •اللهم رب الناس أذهب الباس أشف أنت الشافي لا شفاء إلا شفاءُك شفاء لا يغادرسقما،وأجعل له من كل هم فرجا ومن كل ضيق مخرجاومن كل بلاء عافية وأ بدل حزنه فرحاً و عسره يسراً.	Negative
1716	@uunsod قهر الله يلعن كورونا ايوا الله💔💔.	Negative
1717	@iir_010 بصيح يارب يروح كورونا😢	Negative
1718	@YoucefZaghba يا حمار لحاس بوتفليقة و لحاسين العصابة قائد صالح جنرالات سراقين ......كورونا اخطر من نظام فاسد	Negative
1719	ايران ، تكره العرب و المسلمين و الدليل نظامها الارهابي و تصديرها للوباء في الخليج ،  و للاسف في مغفلين خونه لوطنهم يروحون لهم وموالين لهم يحملون الفايروس ويرجعون لبلادهم اللي عاشو فيها و اكلو من خيرها و ينشرونه فيها ايش هالعقليات المتخلفه؟!!  #ايران_تصدر_كورونا_للخليج	Negative
1720	@nsnsm1911 خلاص شوي وابكي الله يلعن كورونا	Negative
1721	#الجزائر 🇩🇿 #فيروس_كورونا  #اوقفو_رحلات_اوروبا   #فرنسا_هي_الوباء 😡😡😡😡 تحركوا	Negative
1722	@mohamedzitout نتوما رشاد و انت @mohamedzitout ارهابيين تاع الفيس مدعومين من القطر و تدعون ان الفيس ليس لديه اي اجرام في التسعينيات يا المنافق ركم تلعبو بالمشاعر تاع الشعب انتم اختر من الحكوما   #تروح_كورونا_زيدو_أنتوما #توقفوا_عن_استدعاء_النشطاء #دولة_مدنية_ماشي_عسكرية	Negative
1723	الله يلعن كورونا والصين واللي أكل الخفاش	Negative
1724	الله يلعن كورونا الله يلعننننن كوروناا طمنوني ع يوني والاعضاء تكفون اففففف	Negative
1725	الله يلعن الكورونا و يلعن من جابه	Negative
1726	@ALAHLI_FC الله يلعن الصين الله يلعن الحجر الله يلعن كورونا  https://t.co/09wxlof5E1	Negative
1727	الله يلعن كورونا الي حرمتنا من هالنعيم	Negative
1728	الله يلعن كورونا الله يلعن كورونا الله يلعن كورونا اللللللهههه يللللععععععنننن ككككووووررروووونا	Negative
1729	الله يلعن كورونا الي ما خلتني اشوف  صحباتي 💔💔	Negative
1730	الله يلعن كورونا ويلعن الصين ويلعن ايران.	Negative
1731	@RahafEnnab5 الله يلعن كورونا والحظر الي عرفني عليه 😂	Negative
1732	للأسف وصل الأمر بالبعض لحد التمني بفشل إكتشاف دواء الكورونا لأن الأمر يتعلق بمجموعة باحثين جزائريين و عراقيين،. بل وصل الأمر بمواطنين جزائريين يتمنون أن تكون فرنسا السباقة لإكتشاف العلاج قبل الجزائر، ليستهزؤوا بعلمائنا و ينشرو كل ما هو سلبي لدى الشخص #الجزائر ي ...يتبع	Negative
1733	@Q1Q2Q3Q4Q5Hm اي و الله، الله يلعن كورونا.	Negative
1734	@A0liN_ الله يلعن السخونة و الصداع ❌ الله يلعن كورونا ✅✅✅✅	Negative
1735	@Ovlr_ وربي اوف الله يلعن كورونا 😔	Negative
1736	@hibanatsheh1221 و عقولة فروتي الله لا يوفقك يا كورونا	Negative
1737	الله يلعن كورونا اشتقت لموسم الرياض💔  https://t.co/cemGGUfnPF	Negative
1738	الله يلعن ابو الكورونا على ابو الصين 💔🙂	Negative
1739	م اقول غير الله يلعن كورونا بس	Negative
1740	@seen2199 الله يلعن كورونا ياخي اشتقت لك والله 🥺❤️	Negative
1741	@nada_0500 كل الناس هيك الله يلعن كورونا	Negative
1742	رجعوني لذا اليوم الله يلعن كورونا♥️😔  https://t.co/eciMJhghgJ	Negative
1743	من جد الله يلعن كورونا خلاص عاد	Negative
1744	#الكاظمي_عيديتنه_التراكمي طلاب السادس 💔 يعني كهرباء ماكو كورونا نصف درجه الغليان واكثر  ومادة مادارسينها  يعني جيبولي دوله وحده ماتقبل بالتراكمي بهيج وضع  لاحول ولا قوة الا بالله   #التراكمي_الوزاري_من_الكاظمي شنو من بشر انتم املنا بلكاظمي @MAKadhimi	Negative
1745	#واقمعونا_جموعا_فلا_خنوعا #تروح_كورونا_زيدو_أنتوما  #جمعة 66 لن نستسلم ولن نركع عيد مبارك لي شعب جزائري العظيم #دولة_مدنية_ماشي_عسكرية  #حرروا_المعتقلين_ماباعوش_الكوكايين #تبون_المزور_جابوه_العسكر #يتنحاو_ڨااع  https://t.co/ry8nVB9X4Q	Negative
1746	شفاك الله وعافاك يا شيخنا الحبيب أسألكم الدعاء لحبيب القلوب الشيخ الدكتور حازم شومان.. فقد تأكد إصابته بفيروس كورونا أسأل الله العظيم أن يشفيك شفاءً لا يغادر سقما.. اللهم رب الناس اذهب الباس اشف أنت الشافي لا شفاء إلا شفاؤك شفاء لا يغادر سقما  #الشيخ_حازم_شومان  https://t.co/HanesXGmff	Negative
1747	الله يلعن كورونا الي خلتني اطلب طواقي	Negative
1748	الله يلعن كورونا ماخلاني اصور كثير  https://t.co/NjdRAWDQvy	Negative
1749	@_vuul طفش مو طبيعي الله يلعن كورونا	Negative
1750	الله يلعن الصين و يلعن كورونا وياهم 😭😭💔	Negative
1751	#pouvoir_assassin  #توقفوا_عن_استدعاء_النشطاء  #تروح_كورونا_زيدو_أنتوما يا خونة العهد و الميثاق	Negative
1752	الله يلعنىك قلبي انقبض من الالم 😭😭😭 الله يلعن كورونا	Negative
1753	الله يلعن كورونا اللي حرمنا حتى من الورد😡	Negative
1754	الله يلعن ابو الصين على ابو الكورونا	Negative
1755	@khaleddrareni مشكل هو نظام فاسد و نظام جنرالات و نظام تبون و نظام لي قتل رئيس محمد بوضياف رحمة الله علي مباشر اخطر من كورونا فيروس علي الشعب الجزائري با 1400 مليار دولار	Negative
1756	حيا الله أحرار Vgayeth ! #كورونا أو لا كورونا، الحراك مستمر حتى نجتث فيروس العصابة. 40 مليون جزائري مصابون بفيروس العصابة.  #الحراك_مستمر #الحراك_الشعبي #الجزائر #صعد_حراكك #ثورة_22_فيفري #Hirak	Negative
1757	@r_97asb وحشتيني ريمي الله يلعن كورونا 🥺	Negative
1758	صباح الخير جميعا  الله يلعن الكورونا 😊	Negative
1759	@Spider_man60 الله يلعن كورونا. انا زاد كثيييير مره 🙂💔	Negative
1760	@Princess9001111 الله يلعن الصين و كورونا و شركة ال⚡️ و القراوة واللي في بالي لعنة ابو لهب🤬🙄💅🏼	Negative
1761	@ilov46 ماقول بس الله يلعن كورونا 😭😭😭	Negative
1762	العصابة الحاكمة في الجزائر تريد بث الدعر وسط المواطنين بأي طريقة المهم تتمكن من إيقاف الحراك #فيروس_كورونا  #فيروس_كورونا_المستجدّ  #الحراك_مستمر  #حراك_28_فيفري  #الجمعة_54  #الجزاير #Hirak	Negative
1763	الله يلعن الصين و كورونا و شركة ال⚡️ و اللي في بالي و قردوغان و بايدن و داعش و البويات و الخكارية لعنة أصحاب الفيل🤬🙄💅🏼	Negative
1764	اسبوع واحد كان كفيل يعرفك ويقنعك أن الإنسان مبيرحمش لاانسان زيه  ولا حيوان ولاحتى الاطفال 😥😥 للاسف  بعض البشر يستحقوا وباء زى كورونا دا والله 💔  استقيموا يرحمكم الله🙏🖤	Negative
1765	الله يلعن كورونا و يلعن الخفاش و الصين بعد 💔💔💔💔💔.	Negative
1766	الله يلعن #كورونا اللي حارمتنا 💔✋🏻  https://t.co/fx5agJLdjk	Negative
1767	@kholoudahassan الله يلعن كورونا حرمتنا النزلة هالسنة 😩	Negative
1768	#هلق_وقت  الى تجار لبنان وخاصة المواد الغذائية :  أنتم أحقر وأوسخ من فايروس كورونا 👌	Negative
1769	الله يلعن كورونا خلاني افلس حسبي الله	Negative
1770	@SaudiMOH الله يلعن كورونا الله يلعن كورونا الله يلعن كورونا	Negative
1771	{ وإذا مرضت فهو يشفين } الحمدلله على قضائه وقدره قدّر المولى عزّ وجل إصابة أخي وحبيبي الأستاذ/ابراهيم كدوان بفايروس #كورونا. نسأل الله للغالي الشفاء والعافية الدائمة. اللهم رب الناس أذهب الباس و اشف أنت الشافي لا شفاء إلا شفاؤك، شفاء لا يغادر سقما.  https://t.co/h73gBtzoOi	Negative
1772	@21_mooh @l3tez @hxxij انت صاير تتهاوش كثيررر الله يلعن كورونا	Negative
1773	ياخي اي واحد يجي من برا و فيه كورونا قصوه لانه جاي من ايران ولا تكلم لانه خاين لوطنه و بلاده لعنه الله هو ايران  #إيران_تصدر_كورونا_للخليج	Negative
1774	الله يلعن كورونا والله يلعن الصين ويلعن ام الحالة💔	Negative
1775	@El_Bilade التكريمات تاتى في الاخير مع نهاية الفيروس و ليس في ذروته فهذه الصور هى بروبكندا قذرة رخيسة من نظام شمولى متعفن هدفها لتبيض صورة لمسؤولين فاسدين ناهبين حتى النخاع تحت رعاية اعلامهم القذر الاصولى المرتزق لاغير	Negative
1776	@ZeineddineReem الله يلعن الكورونا لي حرمتني شوفتك	Negative
1777	الله يلعن كورونا الي خلت الدراسة عن بُعد 😭😭	Negative
1778	الله يلعن الصين  الله يلعن الخفاش الله يلعن كورونا الله يلعن الحظر الله يلعن الحجر الله يلعن الأنتظار	Negative
1779	الله يلعن كورونا ابي اقابلها اشتقت والله @n0ly22 😔	Negative
1780	@L2mp_ الله يلعن كورونا و الصين والخفاش واللي أكل الخفاش والسوق اللي أكلوا فيه الخفاش 💔💔💔💔💔	Negative
1781	"🔴توفي صباح اليوم  البروفيسور سي احمد ""رئيس مصلحة الجراحة بمستشفى فرانتز فانون"" على اثر اصابته بفيروس كورونا. / المصدر مراسل قناة البلاد بولاية البليدة. انا لله وانا اليه راجعون.  #Algerie #COVID19dz  https://t.co/4BMozCkWoH"	Negative
1782	#فيروس_كورونا 🦠   الجزائر 🇩🇿 تغلق #المساجد 🕌 لصلاة الجماعة ولا يغلقون الملاهي 🏩 لسهرة المتعة ... تبا لكم 😡     #ريح_في_داركم 🏡 #COVID19dz ☣️ #الجزائر 🇩🇿  #وعينا_يحمينا 🗣 #الحجر_الصحي🧘‍♂️#كلنا_مسؤول ✊  #بيتك_حياتك 🚹 #حظر_التجوال_في_الجزائر 🚷	Negative
1783	@rashidalmethen المستوصف ، فحصت فحص الكورونا وقالوا يمكن فيك اعراض وهالقصه ، اذا ما دقينا يعني مافيك شي ، قلت اروح المستوصف وشرحتلهم السالفه ، وعطوني هالمضاد اللي يكسر بلاعيمك لي كليته	Negative
1784	الله يلعن كورونا الي حرمنا من شوفت أشخاصنا :(	Negative
1785	يارب لا إعتراض على قضائك وقدرك... تأكدت إصابتي ب فايروس كورونا.. اللهم يا مُنزل الشفاء و يارافع البلاء و يا مجيب الدُعاء ويا من تعيد المريض لصحته و يا من تستجيب دعاء البائس اللهم أشفني شفاء لايغادر سقمًا يارب   لاتنسوني من دعائكم ساعه استجابه 😢💔  https://t.co/TZW2mBeyj8	Negative
1786	الله يلعن كورونا خايفه عليهم منه 😞😞😞😞	Negative
1787	الله يلعن كورونا الي فرقنا 💔  https://t.co/omjGVJNcBJ	Negative
1788	@algharibmunirah حداااااا والله  الله يلعن كورونا 😭😭😭💕💕💕💕💕	Negative
1789	ما اقول الا الله يلعن كورونا بس	Negative
1790	اللهم يا واسع العطاء ، ويا مُنزل الشفاء ويارافع البلاء ، ويا مُجيب الدعاء .  اصرف شر الوباء عنا ، وعن أحبتنا. واشفِ كل مصاب بكورونا  لا شفاء إلا شفاؤك،  شفاءً لا يغادر سقماً.  #الحالات_الحرجة #كورونا #الحالات_الجديدة	Negative
1791	@rrakan11_ من زمان ما رحت له الله يلعن كورونا	Negative
1792	@X_mozon الله يلعن كورونا كان انا هناك💔	Negative
1793	الله يلعن كورونا الي حرمتني من السوشي	Negative
1794	#يتنحاو_قاع الخونة و #السلطة_للشعب   #تروح_كورونا_زيدو_أنتوما #توقفوا_عن_إستدعاء_النشطاء  https://t.co/80JEh8XyFS	Negative
1795	الله يلعن كورونا و الي جاب كورونا	Negative
1796	@licxvn والله اسف الله يلعن كورونا 😭	Negative
1797	اللي بسبب ان بنت قررت تمنح فرصة تانية لطائر انه يشوف السما اللي اتخلق عشانها، لكن ابى البشر انهم يسمحوا بده، وكانت النتيجة ان بنت تفقد حياتها بكل قسوة.  بعض البشر قلوبهم تستحق وباء زي الكورونا والله، اسبوع واحد كان كفيل يقنعك ان الانسان لا بيرحم حيوان، ولا طفل فقير😭😭	Negative
1798	ااااه الله يلعن كورونا ودي اخذ صديقاتي	Negative
1799	تسمى ترسلو الجيش لحفظ السلام في غزة؟  ولا رجلة غير مع شعبكم؟  يا قومية 2020 ، يا خونة  Les tirailleurs algériens de 2020 جواري عند المستعمر ، يمشي فيكم كيما يحب  يا حقارين الزواولة.. #الحراك_مستمر  #تروح_كورونا_زيدو_أنتوما  #هدفنا_واحد_يتنحاو_ڨاع  #حرروا_معتقلي_حراك_الجزائر  https://t.co/HjkGlqkgC4	Negative
1800	الله يلعن الصين و كورونا و اللي في بالي و شركة ال⚡️ و اللي في بالي و سفلة القوم و اللي في بالي و اردوغان واللي في بالي لعنة قوم لوط🤬🙄💅🏼	Negative
1801	مصدع يا جماعة 🥵💔  الله يلعن كورونا	Negative
1802	الله يلعن الكورونا الي حرمتنا من الدلع 💔  https://t.co/zW8lsYXdTr	Negative
1803	@789Hmhm @elissakh الله يلعن كورونا والصين 🥺	Negative
1804	@8abi1 يروح كورونا ونرجع لحياتنا الطبيعيه 💔💔🤝.	Negative
1805	#اوقفو_اجتياح_كورونا #ردا_على_الكلب_البغيلى مصيبه كبيره  وشيكة الحدوث  تخيلو لو واحد بس مصاب فى مترو هيعدي كام  طب تخيل العربيات الاجره  طب تخيل السفر ف القطارات  طب تخيل المصيبه ملايين الناس هتتصاب ف اقل من شهر والله البلد هتتحول لمقبره كبيره  دي مؤامره  #اوقفو_مؤامرة_كورونا	Negative
1806	@Free_Registry9 @w3d92 @SaudiNews50 راضين اهم شي يروح الوباء عن ديرتنا 💔	Negative
1807	@shadamalik99 لأنو مو مثل العادة الله يلعن كورونا	Negative
1808	#حظر_كامل ... اللواء / عبدالله القحطاني  محلل سياسي وعسكري وكلامه في الصميم ، وفعلا دول مثل البحرين والكويت والأمارات رغم قرب حكامها من السعودية ، إلا أنه تبين من خلال كورونا هشاشة وضعها مع إيران وضعفهم أمامها ، إلى درجة التواطؤ مع الخونة وتهريبهم من وإلى إيران  https://t.co/dLkVudeMQr	Negative
1809	اللهم أنت الشافي المعافي لا شفاء إلا شفاؤك ، شفاءً لا يغادر سقماً .. اشفِ ( ولد عمي ) من داء الكورونا واحميه لا حامي ولا شافي الا انت يا رب العالمين .. ارجو الدعاء له بالشفاء .	Negative
1810	ايه بدو كل هالتطبيل لان من ٣٠ سنة لهلق ما شفنا حدا اشتغل متلو، ناس كانو مبليّين برئيس حكومة ربطة الخبز ما بيعرف قدي سعرا و وزراء و نوّاب نصابين دمروا البلد، أقل شي نشكر الله انو اجى هيك زلمة ع هالوزارة، لان لو بعدنا ع زمن الحريري الله اعلم شو كان صار فينا بزمن الكورونا👇🏼👇🏼	Negative
1811	الله يلعن كورونا الللللللله يلعنها سبعين الف لعنه الله يمحاها	Negative
1812	وزير في الجزائر الجديدة : الفقراء لن يتأثرو من زيادة البنزين لانهم لا يملكون سيارات تبون وحكومته الى المزبلة #دولة_مدنية_ماشي_عسكرية #قلوبنا_مسجونة_مع_معتقلي_الراي #حراك_شعبي_ماشي_ايديولوجي #تروح_كورونا_زيدو_أنتوما #حرروا_المعتقلين_مباعوش_الكوكايين	Negative
1813	هذا احدث بحث في اوروبا في معهد طبي كبير في هولندا لاكتشاف لقاح سريع ضد الوباء اعلنت عنه وكالة الانباء الايطاليه     لاحظوا التقرير يقول سننتظر شهور حتى يتم اعتماده يبدوا موضوع كورونا كوفيد 19 سيطول 🙄  نشوف مراكز الابحاث في امريكا وش عندها  https://t.co/eh065eIsUT	Negative
1814	#فيروس_كورونا 🦠  راني 😟 خايف كي يخلاص فيروس #COVID19 تزيد تفاجئنا #الصين بفيروس 😷 #COVID19Pro هههه.     #ريح_في_داركم 🏡 #COVID19dz ☣️ #الجزائر 🇩🇿  #وعينا_يحمينا 🗣 #الحجر_الصحي🧘‍♂️#كلنا_مسؤول ✊  #بيتك_حياتك 🚹 #حظر_التجوال_في_الجزائر 🚷	Negative
1815	تركيا في ليبيا غربا .😭. إثيوبيا وسد النهضه جنوبا😭 .. إرهابيين سيناء شرقأ .😭. الدفاع عن حدودنا بالبحر المتوسط😭 شمالا ..والأحمر شرقا  خونه بالداخل والخارج .😭.   وقوات معادية تعمل على بث الفتنة ونشر الشائعات .😭.  كورونا والحالة الإقتصادية ..😭 تركيا عايزة الغاز ..  https://t.co/f7b1h0SZnq	Negative
1816	الله يلعنك يا الصين الله يلعنك يا كورونا	Negative
1817	الحمدلله على كل حال تمت اصابة اختي بڤايروس كورونا..   اللهم يا مُنزل الشفاء و يارافع البلاء و يا مجيب الدُعاء ويا من تعيد المريض لصحته و يا من تستجيب دعاء البائس اللهم أشفيها شفاء لايغادر سقماً يارب🤲🏻	Negative
1818	@kvii2 اهم شي يروح الوباء يارب 😢	Negative
1819	@mutt3botb والله مدري بس الله يلعن كورونا	Negative
1820	#توقفوا_عن_إستدعاء_النشطاء #تروح_كورونا_زيدو_أنتوما حيا الله محمد العربي زيتوت قاهر الخونة  https://t.co/SB4GH5dwnP	Negative
1821	#نرفض_استقاله_تركي #اوقفو_اجتياح_كورونا #ردا_على_الكلب_البغيلى مصيبه كبيره  وشيكة الحدوث  تخيلو لو واحد بس مصاب فى مترو هيعدي كام  طب تخيل العربيات الاجره  طب تخيل السفر ف القطارات  طب تخيل المصيبه ملايين الناس هتتصاب ف اقل من شهر والله البلد هتتحول لمقبره كبيره	Negative
1822	مايستاهلون العلاج الخونه .. رجعوهم ايران تعالجهم #ايران_تصدر_كورونا_للخليج	Negative
1823	الله يلعن الصين و كورونا و شركة ال⚡️ و البويات و اللي في بالي لعنة اليهود🤬🙄💅🏼	Negative
1824	الله يلعن الصين و كورونا و شركة ال⚡️ و اللي في بالي و بادكرور و اللي يحسبون نفسهم شي و هم زفت مزفت و البساس لعنة اليهود و الكلاب السود 🤬🙄💅🏼	Negative
1825	لا أحد : أصحاب نظرية المؤامرة : اعلان وجود فيروس كورونا في الجزائر خطة من النظام للقضاء على الحراك 😂 ماعليش كاين les masque médical😷😷 #الجزائر #coronavirus  #الحراك_مستمر #كورونا_في_الجزائر	Negative
1826	الله يلعن كورونا و يلعن الصين هرمنا هرمنا	Negative
1827	@nsnsm1911 الله يلعن كورونا اللي حرمتنا منك 😔	Negative
1828	@4zdmr_ @FaselHD_TV اهه ياربي حتى انا الله يلعن كورونا💔💔💔💔	Negative
1829	#فيروس_كورونا 🦠 لأسف هذا هو الواقع في وقتنا الحاظر... 🙁  #ريح_في_داركم 🏡 #COVID19dz ☣️ #الجزائر  🇩🇿  #وعينا_يحمينا 🗣 #الحجر_الصحي 🧘‍♂️ #كلنا_مسؤول ✊  #بيتك_حياتك 🚹 #حظر_التجوال_في_الجزائر 🚷  https://t.co/PIH50patD1	Negative
1830	@FAIQueen33 اكثر والله الله يلعن كورونا 😔😔😔	Negative
1831	إلى تجار لبنان وخاصة المواد الغذائية!!#أنتم_أوسخ_وأحقر_وانذل من #فيروس_كورونا #تفوو_عليكم 🤮 #شعب_واحد_قلب_واحد	Negative
1832	@6ptft اف الله يلعن كورونا اشتقت لحضنك😔	Negative
1833	ابدا مو هل الله يلعن كورونا 😭😭😭😭	Negative
1834	اهخ الله يلعن كورونا مايلقى الا انا	Negative
1835	الحق يعلو .. ويسموا.. وينصر باذن الله  اما انتم يا عصابة الانذال .. فإلى زوال .. ثم الى مزابل التاريخ .. ومنه الى جهنم بما اقترفت ايديكم يا خونة العهد والميثاق ..  #توقفوا_عن_إستدعاء_النشطاء #تروح_كورونا_زيدو_أنتوما  #دولة_مدنية_ماشي_عسكرية  #الحرية_لمعتقلي_الرأي #ما_تسكتوناش  https://t.co/UkVtNOAQsx	Negative
1836	الله يلعن الكورونا  الله يلعن الكورونا  الله يلعن الكورونا  💔💔 مِو قادره انام بختنق 😭😭	Negative
1837	الله يلعن كورونا اللي حرمنا من هالوجه	Negative
1838	الله يلعن كورونا و يلعن الصين معاهم	Negative
1839	#حيوان_المرموط مووو معقول 😭 الله يمرط بطونهم ماخلصنا من الكورونا باقي 💔  https://t.co/qNRZkQ9YIJ	Negative
1840	هذا اللواء / عبدالله القحطاني   محلل سياسي وعسكري سعودي وكلامه في الصميم ،  وفعلا دول مثل البحرين والكويت والأمارات رغم قرب حكامها من السعودية ،  إلا أنه تبين من خلال كورونا هشاشة وضعها مع إيران وضعفهم أمامها ،  إلى درجة التواطؤ مع الخونة وتهريبهم من وإلى إيران بأسلوب حقير  https://t.co/VtH5C4WolX	Negative
1841	الله يلعن كورونا الي يخليك حزين  https://t.co/XGl2ghGIdI	Negative
1842	#توقفوا_عن_استدعاء_النشطاء  #تروح_كورونا_زيدو_نتوما  صح فطوركم أحرار الجزائر	Negative
1843	ودونيي الجنوب💔 الله لا يوفقك يا كورونا	Negative
1844	#ايران_تصدر_كورونا_للخليج  الشي الغريب ان البحرين والإمارات تسير منهم رحلات الى ايران وكل السعوديين راحو عن طريقهم اَي مواطن من دول الخليج يسافر ايران هو خائن وعميل مافيها اَي تفسير اخر وياليت يسفر الى ايران لان لا مكان للخونه بينا	Negative
1845	@LuvFutuer متحمس له والله كنت بس الله يلعن كورونا	Negative
1846	الله يلعن كورونا 💔 ابي شاورما  https://t.co/HC63HjZbpk	Negative
1847	هذا اللواء ..عبدالله القحطاني محلل سياسي وعسكري وكلامه في الصميم ، وفعلا دول مثل البحرين والكويت والأمارات رغم قرب حكامها من السعودية ، إلا أنه تبين من خلال كورونا هشاشة وضعها مع إيران وضعفهم أمامها ، إلى درجة التواطوء مع الخونة وتهريبهم من وإلى إيران بإسلوب حقير ، حسبنا  https://t.co/mkprZqyjwT	Negative
1848	@Alz3em98 الله يلعن كورونا ما مخلنا نطلع 💔🌚😂	Negative
1849	الله يلعن التعليم عن بعد ويلعن كورونا  https://t.co/H2MUiG45qQ	Negative
1850	في رأيي ،أن ما ينقص هذه التغريدة هو وضع  دمعة ببرنامج الفوتوشوب على خد بلعيد .  #الجزائر #Algerie #حراك_شعبي_ماشي_ايديولوجي #توقفوا_عن_إستدعاء_النشطاء #حرروا_المعتقلين #قلوبنا_مسجونة_مع_معتقلي_الراي #تروح_كورونا_زيدو_أنتوما  #الحراك_الشعبي  #الحراك_مستمر	Negative
1851	علاج فيروس كورونا #كورونا_مصر #كورونا اللهم رب الناس، أذهب الباس، واشفه وأنت الشافي؛ لا شفاء إلا شفاؤك، شفاء لا يغادر سقماً  https://t.co/GMnx8e6GS8	Negative
1852	الذباب الإلكتروني إماراتي 🇦🇪 ينتقد تعامل الحكومة المغربية 🇲🇦 مع ازمة كورونا وحذر من مجاعة في المغرب 🇲🇦 ونسا بلي حنا امة نأكل مما نزرع ولا نستورد ولو بصلة من الخارج ونطعم أوروبا 🇪🇺 بأطنان من الخضر والفواكه و بلي اغلى ما تملك دولته هو النفط فقط وحتى التاريخ تأسست الامارات ف1971	Negative
1853	@spagov ااااااه 😭😭😭❤️❤️❤️❤️ يارب يروح الكورونا	Negative
1854	اللهم اشفِ ((والدي)) و ابعد عنه كل ما يتعبه  اللهم اشفه شفاء لا يغادر سقمًا  ارجو منكم الدعاء لوالدي ولجميع مرضى #فيروس_كورونا بالشفاء العاجل	Negative
1855	@ManarAlmutairiA الله يلعن الكورونا ان شاء الله 💔	Negative
1856	@bnn1127 وانت قيم الصور الله يلعن كورونا	Negative
1857	٢٠ رمضان | الله لا يوفقك يا كورونا	Negative
1858	@iiwc11 @Alimish22 الله يلعن كورونا والشايب حق التحصيلي	Negative
1859	@El_Bilade جاهل يتكلم على فيروس حير العلماء في العالم تبون المعين و بروبكندا قذرة رخيسة من نظام شمولى متعفن	Negative
1860	@f6ooo0m1 الله يلعن كورونا اشتقت لهالمكان معاج 🤦🏼‍♀️💔	Negative
1861	دووولة مدنية ، ماشي عسكرية اووو ووووو ووووو ماراناش حابسين يا خونة   #الجمعة_60 #الحراك_مستمر #الثورة_مستمرة #الحراك_الشعبي #دولة_مدنية #الجزائر #COVID19 #كورونا  https://t.co/NMXVbeYpwk	Negative
1862	الجزائر وفاة الدكتور لطرش سليم. طبيب في مستشفى خراطة بعد اصابته  بفيروس كورونا اثناء تأدية عمله. انا لله وانا اليه راجعون.  https://t.co/ZlzmY4BbGs	Negative
1863	اشتقنا لهذي الاجواء الله يلعن كورونا 😔💙🖤  https://t.co/MndA64UQBf	Negative
1864	#اتصالات_الجزاير_وكيلكم_ربي ماشي بزاف علينا كورونا حتى تزيدونا نتوما ؟	Negative
1865	استغفر الله العظيم لكن  الله يلعن كورونا	Negative
1866	اه من جد اشتقت لهم الله يلعن كورونا	Negative
1867	اول  وفاة تسجل في السلطنة. نسأل الله أن يتغمده بواسع رحمته ويسكنه فسيح جناته ويلهم أهله وذويه الصبر والسلوان على فراقه. 💔 ولا حول ولا قوة الا بالله العلي العظيم. #خليك_في_البيت #عُمان #كورونا #كوفيد_19  https://t.co/ufFDpApBTH	Negative
1868	الله يلعن المسافه لانها ماخلتني أبوسك و يلعن كورونا	Negative
1869	الله يلعن الكورونا الله يلعن الكورونا الله يلعن الكورونا الله يلعن الكورونا الله يلعن الكورونا الله يلعن الكورونا الله يلعن الكورونا الله يلعن الكورونا الله يلعن الكورونا الله يلعن الكورونا الله يلعن الكورونا الله يلعن الكورونا الله يلعن الكورونا الله يلعن الكورونا الله يلعنههها.	Negative
1870	"ليجينيرو يا الخونة و الله مانا حابسين .. #تروح_كورونا_زيدو_انتوما   ""كمشة من العصابات ترتدي زي عسكري"" #توقفوا_عن_استدعاء_النشطاء  https://t.co/eD4nDDZAVP"	Negative
1871	الحمد لله على كل حال ♥️  اللهم اشفني شفاءً لا يغادر سقمًا يارب العالمين .  #كورونا	Negative
1872	كانوا يسموننا بأبناء فرنسا و لما طلبنا إيقاف الخطوط الجوية والنقل البحري معها لحماية البلاد من المرض قالك أوقفوا الحراك !!؟؟  #فرنسا #الجزائر #الحراك #الحراك_الشعبي #الحراك_مستمر #كورونا #فيروس_كورونا #Covid_19	Negative
1873	#فيروس_كورونا اللهم اشفنا من هذا الوباء اللهم انت الشافي وبك نستغيث ونستعين أنت أعلم بحالنا اللهم رد لنا عافيتنا وأرحم ضعفنا وقلة حيلنا اللهم لا تُريني في أهلي بأسًا يبكيني ربي اشفنا شفاءً لا يغادر سقمًا يامن تعيد للمريض صحته ويامن تستجيب دعاء اليائس الضعيف أن تلطف بأجسادنا ..	Negative
1874	العصابة في #الجزائر تسمح بتنظيم مؤتمرات أحزاب النهب لكنها لا تسمح بعودة المساجد بحجة الوباء.  العصابة بيها الحراك، ماشي كورونا. #ارفعوا_الحجر_السياسي #افتحوا_بيوت_الله	Negative
1875	الله يلعن الصين و الكورونا و اللي اكل الخفاش و ابو الخفاش و ابو اللي اكله	Negative
1876	@ariyadhiah_br الله يلعن الصين الله يلعن كورونا	Negative
1877	"السالفه و ما فيها ان جاء مرض جديد بسبب شخصين اكلو حيوان اسمه ""المرموط"" وهو نوع من السناجب الله يقطع بليسكم قربنا ننتهي من كورونا يجي الطاعون الدملي وربي لاكره الشخصين الي اكلو المرموط 🙂💔💔#الطاعون_الدملي"	Negative
1878	يا درى!يا بوصبع لزرڨ القبايل قسمو البلاد و لا مازال؟ #توقفوا_عن_إستدعاء_النشطاء  #تروح_كورونا_زيدو_أنتوما	Negative
1879	الله يلعن الكورونا الي حرمتنا من وجهك🥺  https://t.co/YFN6tS9td8	Negative
1880	الله يلعن الكورونا و يلعن الجامعه فوقها	Negative
1881	الله يلعن كورونا اللي مخليتنا ما نحضر التتويج.	Negative
1882	@MokademLinda حقا ومسلمي الايغور كفاش يدير معاهم بوصبع لزرق 😯!! #تروح_كورونا_زيدو_أنتوما  #حرروا_المعتقلين  #توقفوا_عن_استدعاأ_النشطاء	Negative
1883	تزور إيران سرا....!!!  أنت خائن للوطن   #ايران_تصدر_كورونا_للخليج	Negative
1884	@YeTNa7W_GA3 نظام فاسد من بوتفليقة بوشريطة الي بوكريشة حمار وحشي قائد صالح الي تبون مستورد كورونا هو و جنرالات كلاب فرنسا  https://t.co/LThTFC2erw	Negative
1885	كم باقي ؟ الله يلعن الكورونا على ابو الصين	Negative
1886	ودي اسافر ، بس الله يلعن كورونا :(	Negative
1887	الله يلعن كورونا اللي مخرب اجواء رمضان	Negative
1888	الله يلعن كورونا فرقنا 😔😔😔 — 💔💔💔  https://t.co/HQoveIdURk	Negative
1889	ودي اتحلطم بس مااقدر الله يلعن كورونا	Negative
1890	الله يلعن كورونا بس هذول ب٢٩٠😬💔  https://t.co/RnNGKBNbou	Negative
1891	@mira23b @zeezem_9 @albalushi_z9 😭💔الله يلعن كورونا الف مره🙂	Negative
1892	fe a7d w7shk ? — اصحابي وحشوني الله يلعن كورونا   https://t.co/MgRoUyE2Cf	Negative
1893	@llosha__q8 الله يلعن كورونا خربت اجوائنا 😫😭	Negative
1894	الله يلعن كورونا اللي حاشرني مع اهلي	Negative
1895	الله يلعن كورونا الي حدتنا على كذا	Negative
1896	في مغتربين صرلن ٣٠ سنة ما دعسوا ب #لبنان وكانوا عم يشتغلوا ومبسوطين بالمصاري، هلّق بسبب #الكورونا وِقِف الشغل وصار بدّن يرجعوا عالبلد من بعد غيبة طويلة؛ والأبشع من هيك إنّو ما بدّن ينحجروا وعم يستقبلوا زيارات... تفه! (وأكيد ما عم بحكي عكلّ المغتربين) #أنتم_كورونا_لبنان	Negative
1897	#إيران_تصدر_كورونا_للخليج اللي راحو لايران هم خونه للوطن ومالهم اي مسمى ثاني ايران معاديه للسعودية وكونك تروح لبلد هو معادي لوطنك فأنت خائن ، وبعدين توهم ضاربين ارامكو بصواريخ مامدى تنسون وتروحون وكأنه ماصار شي طيب كان جلستو في ايران ترجعون وتعرضون حياتنا لخطر !!! ليش؟	Negative
1898	اللهم أنت الشافي المعافي لا شفاء إلا شفاؤك ، شفاءً لا يغادر سقماً .. اشفِ خالي حبيبي الدكتور ( طلال جعفر عبده) من داء الكورونا واحميه لا حامي ولا شافي الا انت يا رب العالمين .. ارجو الدعاء له بالشفاء 💔	Negative
1899	طلبت فحص كورونا بمركز صحي قلت اعراضي صداع وحلقي وخمول ومخالطه وحده مصابه رفضو قالو مانسوي مسحه الا لما يكون فيك حراره مافيك شي اتصلت على وزارة الصحه قالو اعراض جيوب انفيه فرحت نزلت عند امي وخالطت البيت زاد الصداع اضطريت اسوي فحص بالحبيب طلعت اليوم فيني كورونا لمتى التشخيص بالنظر؟	Negative
1900	@Lmar__aljuhani @oLxr5 الله يلعن الصين ويلعن كورونا	Negative
1901	#الجزائر 🇩🇿  #فيروس_كورونا  #اوقفو_رحلات_اوروبا   لـــــــــــــــــــــــمـــــــــبـــــــــــردعـــــــــــــــــــــــــــــيــــــــــــــــــــن 😂😂	Negative
1902	@TonyKhalifeh ما خلولنا أمل نعيش بهالبلد، قتلونا ببيوتنا وما حدا منن حمل مسؤولية وبعدن بنفس الطريقة عم يقسموا الحصص بالحكومة الجديدة، بقلولنا قعدوا بالبيت كرمال كورونا وما في كهربا، عم يعذبونا بأبشع الطرق نحن عايشين بالمعتقل هيدا مش بلد، بكفي ما بقى عنا شي نخسروا...	Negative
1903	#كورونا_السعوديه الله يلعن كارونا الله يلعن كارونا الله يلعن كارونا الله يلعن كارونا الله يلعن كارونا 😭💔	Negative
1904	يارب لا إعتراض على قضائك وقدرك... تأكدت إصابة اخوي ب فايروس كورونا.. اللهم يا مُنزل الشفاء و يارافع البلاء و يا مجيب الدُعاء ويا من تعيد المريض لصحته و يا من تستجيب دعاء البائس اللهم أشفِ اخي شفاء لايغادر سقمًا يارب  دعواتكم له	Negative
1905	@_inay12 خلصوا المسلسلات الله يلعن كورونا 😔	Negative
1906	الحمدالله على قضاءه وقدره  اصيب زميلي وأستاذي الدكتور محمد الفكي بفايروس كورونا .. مهما قلت وكتبت لن اوفيه حقه  اللهم يا سامع دعاء العبد إذا دعاك، يا شافي المريض بقدرتك،اشفه لاشفاء إلا شفاؤك شفاء لا يغادر سقما،اللهم ألبسه لباس الصحة والعافية يارب العالمين اللهم لاأعتراض على قضاؤك  https://t.co/AkhZIStz7X	Negative
1907	الله يلعن كورونا و يلعن الخفاش و اللي اكل الخفاش و يلعن الصين و شرق اسيا كلها .... طقت كبدي ابي اسافر	Negative
1908	@waadxii220 الله يلعن كورونا احرمتني من شوفتك♥️♥️♥️💔	Negative
1909	يا الدولة لا يمكن التحكم في إنتشار فيروس كورونا.. دول عظمى أعلنت و أقرت بذلك . #ريح_في_داركم  #حالة_الطوارئ_يا_تبون #كورونا_الجزائر_سنقاتل	Negative
1910	@see_moone الله يلعن كورونا خلانا  مصخره 😢	Negative
1911	اليوم خصم ٨٠٪ في الأفنيوز والزحمة ما لها أول ولا تالي، وباجر اللي يسمونه بلاك فرايدي، وين وزارة الصحة عنهم؟ وين مجلس الوزاراء،؟ وين التباعد!!! المفروض اللي يروح الأفنيوز باجر يسوون له حجر صحي ١٤ يوم لين يبين خلوه من الفايروس، ألوووو كورونا 😡 @Drbaselalsabah @KUWAIT_MOH	Negative
1912	الله يلعن كورونا  الله يلعن كورونا الله يلعن كورونا  الله يلعن كورونا الله يلعن كورونا  الله يلعن كورونا	Negative
1913	الشرهه مو على ايران على الخونه الي راحو بلد مقاطع  دولتنا ويكرها وش وداهم عند ايران اساساً  #ايران_تصدر_كورونا_للخليج	Negative
1914	الله يلعن كورونا انا خلاص بكره نفسي 😢	Negative
1915	والله ذبحني الطفش الله يلعن كورونا 😔💔	Negative
1916	@yoodreeam الله يلعن كورونا حارمنا الدلع 😭😭😭 نبيييي	Negative
1917	ختمت كل المسلسلات الله يلعن كورونا  https://t.co/WKg4LEGtAl	Negative
1918	الله لا يوفقك يا كورونا خنقتنا  https://t.co/4ktWYeOKHn	Negative
1919	الله يلعن كورونا — بدون لعن #صراخة  https://t.co/OK8wLsrakJ	Negative
1920	@___becoming وحشني الله يلعن كورونا والصين 😞	Negative
1921	نظام عصابات نظام تبون و جنرالات سراقين لي قتلوووو الشعب الجزائري في تسعينات اخطر من فيروس كورونا   الحراك مستمر حتي غلق الحدود  الحرية لكل معتقلين الحراك  https://t.co/Zw4YoSCshf	Negative
1922	كل من ذهب لإيران دون علم لدولتنا وتكتم على ذلك  ونشر المرض في مجتمعنا فهو خائن وأهله وجماعته خونه هم بدورهم تكتمو على سفره لإيران اسحبو الجنسيات منهم واطردوهم   #ايران_تصدر_كورونا_للخليج	Negative
1923	منطقيا، الوباء ينتشر في كل التجمعات فلما الحجر فقط على المساجد في #الجزائر؟  العصابة بيها الحراك، ماشي كورونا. #ارفعوا_الحجر_السياسي #افتحوا_بيوت_الله	Negative
1924	ماقول الا الله يلعن كورونا والصين .	Negative
1925	@_7l5_ @n27r1 ايوالله .. الله يلعن كورونا 😩💔	Negative
1926	"انا لله وانا اليه راجعـون بقضاء لله وقدره انتقل الى رحمة الله تعالى قبل قليل عمي بعد صراع مع #فيروس_كورونا الله يرحمه ويغفرله ويسكنه فسيح جناته ويصبر اهله وذويه الصبر والسلوان"" ولا تنسو كذالك ودعواتكم لباقي عائلتهم فجميعهُم مُصاب 😔💔  قبل 15 يوم بالزبط عمتي واليوم عمي 😔💔"	Negative
1927	@S7NKAR يالله , الله يلعن كورونا بس	Negative
1928	#ايران_تصدر_كورونا_للخليج الخونة زوار إيران هم من يصدرون كورونا للخليج.	Negative
1929	الله يلعن الكورونا حرمتنا شوفتكن live  #خلي_العيد_عنا	Negative
1930	هذا اللواء / عبدالله القحطاني   محلل سياسي وعسكري وكلامه في الصميم ، وفعلا دول مثل البحرين والكويت والأمارات رغم قرب حكامها من السعودية  إلا أنه تبين من خلال كورونا هشاشة وضعها مع إيران وضعفهم أمامها  إلى درجة التواطؤ مع الخونة وتهريبهم من وإلى إيران بأسلوب حقير ‼️💔 حسبنا الله  https://t.co/PigAblYoer	Negative
1931	#جمعة72 العصابة بيها الحراك، ماشي كورونا.  اللّهم إنا مغلوبون فانتصر.  #حداد_على_العدالة_في_الجزائر  #لا_للحجر_السياسي  #افتحوا_بيوت_الله  #دولة_مدنية_ماشي_عسكرية  #لن_نستسلم_ولن_نركع #حراك_مستمر  #استقلال  #تبون_المزور_جابوه_العسكر  https://t.co/Wjky8CTdtZ	Negative
1932	كان لازم يأكل الخفاش ، لعنه الله عليه و على كل من اكل الخفاش. الله يلعن الصين و اكل الصين #كورونا_الجديد #كورونا الخفاش حشر البشر كلهم في بيوتهم.	Negative
1933	@xxym22 @yasmin23__ هف الله يلعن كورونا 😔😔	Negative
1934	#حيوان_المرموط #عيال_الكلب الله لايوفقكم يالصين ماخلصنا من كورونا 😭😭	Negative
1935	@PsgArabfans الله يلعن كورونا خربت علينا 💔	Negative
1936	الله يلعن كورونا خلاص ابي ريم 💔💔💔💔	Negative
1937	اللهم يا مُنزل الشفاء ويارافـع البلاء ويامجيب الدعاء يامن تعيد للمريض صحته ، اللهم يارب الناس ويامذهب البأس اللهم انزل شفائك وعافيتك على جسد كل مريض يتألم اللهم اشفيهم شفاءً لايغادر سقماً ، اللهم اشفي مصابين كورونا يارب وعافيهم يارب احفظهم بحفظك ياكريم..🤲🏻😭	Negative
1938	الله يلعن الكورونا و يلعن الصين 😢	Negative
1939	كيف جعلو فرنسا ضرورية و خانو عهد الشهداء  #دماء_الشهداء جعلت بيننا وبينها حاجزا وليس جسرا يا خونة العهد والميثاق  #لن_ننسى و #لن_نسامح  #توقفوا_عن_استدعاء_النشطاء  #تروح_كورونا_زيدو_أنتوما  #Hirak ✌🇩🇿 #الحراك مستمر في #معركة_الحرية_والاستقلال 🇩🇿💪🔥  https://t.co/ZnBrW8s4SD	Negative
1940	الله لا يوفقك يا كورونا فرقتني عن بنتي😫😫😫😫	Negative
1941	يارب لا إعتراض على قضائك وقدرك... تأكدت إصابة اخوي فيصل ب فايروس كورونا.. اللهم يا مُنزل الشفاء و يارافع البلاء و يا مجيب الدُعاء ويا من تعيد المريض لصحته و يا من تستجيب دعاء البائس اللهم أشفِ اخي شفاء لايغادر سقمًا يارب  دعواتكم له	Negative
1942	نفسيتي تعبانه الله يلعن كورونا ويلعن الصين	Negative
1943	@nothhala3_ الله يلعن كورونا و الصين 💔🚶🏻‍♂️	Negative
1944	الله يلعن كورونا الي حرمتنا من كل شي 😡	Negative
1945	#الجزائر 🇩🇿 #فيروس_كورونا  #اوقفو_رحلات_اوروبا  #فرنسا_هي_الوباء  العالم في طوارئ وجماعة تاع مسؤولين كانوا في week end   فهمتو علاش راهم يتيريو برك	Negative
1946	@Luvmiin95 الله يلعن كورونا حتى بالحلم لاحقك!!	Negative
1947	#حظر_جزيي #حقيقه الدول العظمى تظهر عند الأزمات وفي بداياتها وليس في نهايتها  دول الخليج😏 رغم قرب حكامها منا إلا أنه تبين من خلال كورونا هشاشة وضعها مع إيران وضعفهم أمامها لدرجة التواطؤ مع الخونة وتهريبهم من وإلى إيران بأسلوب حقير  شكرا لدولتنا على هذه الوقفة الحازمة	Negative
1948	@abubader2133 والله ما راح يخف الوباء وينضبطوا الناس الا بالحظر الكامل كم أسبوع ، غير هذا الكلام ما فيه فتقارير وزارة الصحه اليوميه نشوف تزايد في اعداد المصابين يوما بعد يوم وخلال كم أسبوع راح توصل  لارقام مهوله نسأل الله السلامه والعافيه من هذا الوباء واهلينا  غير الحظر الكامل لا يوجد علاج	Negative
1949	العصابة في #الجزائر لم تتكمن من توفير الكمامات الصحية فكيف بها تقضي على الوباء وشغلها الشاغل هو القضاء على الحراك.  العصابة بيها الحراك، ماشي كورونا. #ارفعوا_الحجر_السياسي #افتحوا_بيوت_الله	Negative
1950	"رحم الله البروفيسور سي احمد ""رئيس مصلحة الجراحة بمستشفى فرانتز فانون"" الذي توفي صباح اليوم على اثر اصابته بفيروس كورونا انا لله وانا اليه راجعون  #كورونا  #الجزائر  https://t.co/QumXAYZjNf"	Negative
1951	الحقيقة المرة 5 جامعات عالمية في مرحلة التجارب النهائية لإنتاج لقاح ضد كورونا 110 جامعة جزائرية تطالب بإلغاء السداسي الثاني	Negative
1952	صاحب_المشكلة #لن_يكون_جزءا_من_الحل أبدا  #من عُيِنَ سيخدم أسياده...ويترك بلاده كالخرقة المنجسة #ولن يرتحل إن ساورته الوسوسة...فهو معين بالجوسسة #الشعب_يريد_اسقاط_نظام_الخونة #الشعب قرر لا رجوع لا خضوع و #يتنحاو_ڨاع #الحراك_مستمر #تروح_كورونا_زيدو_أنتوما #توقفوا_عن_إستدعاء_النشطاء  https://t.co/kcq5u8eTuK	Negative
1953	@vvsqa @urrnono @i_99p @_iizayood الله يلعن كورونا	Negative
1954	@_remarkable_6 @crimsoons الله يلعن الكورونا  الله يلعن الكورونا الله يلعن الكورونا الله يلعن الكورونا الله يلعن الكورونا الله يلعن الكورونا  الله يلعن الكورونا الله يلعن الكورونا الله يلعن الكورونا  الله يلعن الكورونا  الله يلعن الكورونا الله يلعن الكورونا الله يلعن الكورونا الله يلعن الكورونا	Negative
1955	الله يلعن الكورونا اللي حرمتنا من شوفت احبابنا واصحابنا	Negative
1956	الله يلعن كورونا حتى ذا صار صياد	Negative
1957	@ALJADEEDNEWS @Hamad_hassan20 @salibi_georges يا اخي نصير ما نحن بفضل هل الحكام ميتن هيك بيرتاح ضمير هم ازا في ضمير انوا متنا كورونا ليش مين عايش مبسوط ومسك بالدني بعدون عم يتخانقوا عا كرسي والناس تحت خط الفقر قررتوا تفقرونا وتاخذوا مالنا وتعيشونا متل ما بدكون نحن بدنا نموت متل ما بدنا مش حرام توصلوا ارقى شعب لهون ستحوا بقى	Negative
1958	الله يلعن كورونا اللي بكت طفلنا🥺  https://t.co/Xqh9OGPHRC	Negative
1959	@Mooon69594580 يا شيخة الله يلعن الصين و كورونا و شركة ال⚡️ واللي في بالي و الدراسة عن بعد و النحو و الصرف لعنة اليهود و الكلاب السود 🤬🙄💅🏼	Negative
1960	@llkhloe الله يلعن كورونا حتى لياقتنا دمرها	Negative
1961	كورونا و زيد نتوما. بزاف والله  #اتصالات_الجزاير_وكيلكم_ربي  https://t.co/y4oLP6aYpX	Negative
1962	"🔹القاضي الذي حكم على العربي الطاهر وصفه وهو يسأله  "" بالوقح  "" قبل أن يتدخل الدفاع ويوقفه عند حده ويجبره على سحبها. #تروح_كورونا_زيدو_أنتوما #توقفوا_عن_إستدعاء_النشطاء #دستور_غيرشرعي_لرئيس_غيرشرعي  #حرروا_المعتقلين   #بكم_تبيعون_الوطنية #دولة_مدنية_ماشي_عسكرية  https://t.co/qouUZkD7YX"	Negative
1963	@inovPathetic اشتقت له الله يلعن كورونا  https://t.co/MzpMznY4vi	Negative
1964	بده، وكانت النتيجة ان بنت تفقد حياتها بكل قسوة.  بعض البشر قلوبهم تستحق وباء زي الكورونا والله، اسبوع واحد كان كفيل يقنعك ان الانسان لا بيرحم حيوان، ولا طفل فقير، ولا الكوكب نفسه، ولا حتى حيوان اليف ومسالم عايش في طبيعة خالقه في سلام  منقول	Negative
1965	يمني يموت بسبب كورونا  توفي المغترب اليمني فهد أحمد الهبوب في السعودية بعد إصابته بفيروس كورونا  الله يرحمه و يسكنه فسيح جنته و يلهم أهله و ذويه الصبر والسلوان😢💔  وانا لله وانا اليه راجعون 😢  https://t.co/wfsVkz1DMy	Negative
1966	طفلة قررت تمنح فرصة لطائر انه يشوف السما اللي اتخلق عشانها، لكن البشر مسمحوش بده، وكانت النتيجة انها تفقد حياتها بكل قسوة.  بعض البشر قلوبهم تستحق وباء زي الكورونا!اسبوع واحد كان كفيل يقنعك ان الانسان لا بيرحم بشر ولا طفل فقير، ولا حتى حيوان مسالم عايش في طبيعة خالقه في سلام!	Negative
1967	اللهم اشفِ خالي و ابعد عنه كل ما يتعبه  اللهم اشفه شفاء لا يغادر سقمًا والله يقومك بسلامه ياوالدي ارجو منكم الدعاء لخالي ولجميع مرضى #فيروس_كورونا بالشفاء العاجل @Abdulrahman4aa  https://t.co/WscwH3nCYd	Negative
1968	ليس عدلا أن تموت طبيبة في عز شبابها وهي حامل وتضحي بنفسها😢😢 من أجل حلوف هايشة يدير لاشان على زلابية و يقولك الكورونا دارتها الدولة... الجهل انتحار جماعي خافو ربي  ربي يرحمها 🙏💔  https://t.co/T1Y1w7Kqhq	Negative
1969	#ايران_تصدر_كورونا_للخليج  من يسافر إلى إيران ارتكب جريمتين : الاولى/ خيانة الوطن والسفر لبلد منع السفر له  الثانيه/ التكتم على السفر و المرض   هم شركاء لمخطط إيراني لنشر الوباء  خونه ويجب معاقبتهم	Negative
1970	باسطة...... #تروح_كورونا_زيدو_نتوما  #توقفوا_عن_استدعاء_النشطاء  #الحراك_الشعبي  https://t.co/Sw2Y50QhSJ	Negative
1971	@AbrajpicS قريتها كمامات .. الله يلعن كورونا	Negative
1972	@iTzAziz_ انا أكثر والله الله يلعن كورونا😔💔	Negative
1973	دول مثل البحرين والكويت والأمارات رغم قرب حكامها من السعودية والاتفاقيات الامنية الثنائية الا انه تبين من خلال كورونا هشاشة وضعها مع ايران وضعفهم امامها الى درجة التواطؤ مع الخونة وتهريبهم من والى ايران بأسلوب حقير،،       حسبنا الله ونعم الوكيل 👇👇  https://t.co/JVjk1qNCx7	Negative
1974	الله يلعن كورونا الي حرمتنا من شوفتك  https://t.co/sLfCKQeb48	Negative
1975	الله يلعن كورونا حرمني من هالشي :(	Negative
1976	@jaafarAbdulKari عصابة تذهب و عصابة تأتي و لكلٍ رئيسها المعين و برلمانها المعفن و دستور على مقاسها يحاك و يزين فساء ما تحكمون #توقفوا_عن_استدعاء_النشطاء  #تروح_كورونا_زيدو_أنتوما يا خونة العهد والميثاق #الحراك_مستمر في معركة الحرية والإستقلال 🇩🇿🔥✌ #حرروا_المعتقلين	Negative
1977	@JeanClaaude_ يا رجال الله يلعن كورونا 🚶🏻‍♂️	Negative
1978	الله يلعَن كورونا اللي ماخلانيّ اشوفها 😔.	Negative
1979	@SophieDbouk @Roro_1501 الله يلعن كورونا و ل اخترع كورونا	Negative
1980	اللهم رب الناس ، أذهب البأس ، واشف أنت الشافي لا شفاء إلا شفاؤك ، شفاء لا يغادر سقما اللهم اشف مرضانا ومرضى المسلمين إنك على كل شيء قدير.  أسألكم الدعاء لجدتي وخالي بالشفاء العاجل ، وأسال الله أن لا ترون مكروه فيكم ولا في من يعز عليكم، جزاكم الله خير. #كوفيد_19 #كورونا #كوفيد١٩	Negative
1981	الله يلعن كورونا اللي حرمنا من الهلال	Negative
1982	صباح الخير ، الله يلعن الكورونا❤️  https://t.co/40hEFla9Ut	Negative
1983	هذا اللواءعبدالله القحطاني محلل سياسي وعسكري وكلامه في الصميم وفعلا دول مثل البحرين والكويت والامارات رغم قرب حكامها من السعودية ، إلا أنه تبين من خلال كورونا هشاشةوضعها مع إيران وضعفهم أمامها ، إلى درجة التواطؤ مع الخونة وتهريبهم من وإلى إيران بأسلوب حقير حسبنا الله ونعم الوكيل  https://t.co/ZkOCyXBcAZ	Negative
1984	الا يجدر بقناة تحمل اسم بلد ان تتحدث عن عجز حكومتها في مواجهة الوباء بدل نشر الاكاذيب عن الجزائر حفنة كلاب ضالة #France_24_arrête_daboyer	Negative
1985	طيب حماسي للمسلسل ؟ و شوقي للشاتاي ؟ الله لا يوفقك يا كورونا الله لا يوفقك	Negative
1986	@vkook199 تكفين لاااا الله يلعن كورونا  https://t.co/MSD3LRHe2Z	Negative
1987	حاليا مشتهي فلافل الله يلعن كورونا ٢	Negative
1988	الله ياخذ كورونا و يلعن الصين 🙏🏻	Negative
1989	استدعوا بوتفليقة مدمر الجزائر #توقفوا_عن_إستدعاء_النشطاء #تروح_كورونا_زيدو_أنتوما  https://t.co/dcmYqiq3WN	Negative
1990	@d7oom_nb 😭😭😭😭😭😭😭😭😭😭😭😭😭😭😭😭😭😭😭😭😭😭😭😭😭♥️♥️♥️♥️♥️♥️♥️♥️♥️♥️♥️ انحرمت منها الله يلعن كورونا	Negative
1991	الحمدلله رب العالمين على قدره ولطفه بعباده ثبت اليوم اصابتي بـفايروس #كورونا_المستجد نسأل الله اللطف والعفو والعافيه ،مع العلم انني كنت اتخذ الاحتياطات بقدر المستطاع ، ولكن قد يكون من اكياس السوق او ماشابه والله اعلم . اللهم اشف انت الشافي ، لا شفاء الا شفاءك شفاء لا يغادر سقما	Negative
1992	#فيروس_كورونا_المستجد منظر_الحرم #اوقفو_اجتياح_كورونا #ردا_على_الكلب_البغيلى مصيبه كبيره  وشيكة الحدوث تخيلو لو واحد بس مصاب فى مترو هيعدي كام طب تخيل العربيات الاجره طب تخيل السفر ف القطاراتطب تخيل المصيبه ملايين الناس هتتصاب ف اقل من شهر والله البلد هتتحول لمقبره كبيره	Negative
1993	يارب لا إعتراض على قضائك وقدرك... تأكدت إصابة والدي ب فايروس كورونا.. اللهم يا مُنزل الشفاء و يارافع البلاء و يا مجيب الدُعاء ويا من تعيد المريض لصحته و يا من تستجيب دعاء البائس اللهم أشفِ والدي شفاء لايغادر سقمًا يارب  دعواتكم له	Negative
1994	اللهم رب الناس، أذهب الباس، واشفه أنت الشافي لا شفاء إلا شفاؤك، شفاء لا يغادر سقماً .. نُقل مساء الأمس الى العناية المركزة شيخنا فضيلة  #الشيخ_عائض_القرني تأثراً بفايروس كورونا. لا تنسونه من دعائكم، نسأل الله عز وجل ان يلبسه ثوب الصحة والعافيه وهو القادر على كل شيء.	Negative
1995	@Almajlliss على هالحالة الواحد ما يقدر يروح الافنيوز الا بعد ما يطلع لقاح  الكورونا ، نطعم ونروح، الحمدالله الكويت متروسة مولات وأغلب محلات الافنيوز عندهم أفرع في مولات ثانية ليش الواحد يلقى بنفسه للتهلكة مع هالزحمة	Negative
1996	#توقفوا_عن_استدعاء_النشطاء  #تروح_كورونا_زيدو_أنتوما  #حرروا_المعتقلين  تبون مزور جابوه العسكر ... ماكانش الشرعية  اغتصبوا حق الشعب في تقرير مصيره و حاكمه و تصريف اموره بحرية .. وهم خونة عهد الشهداء ... #يتنحاو_ڨاع  #Hirak ✌🇩🇿  https://t.co/y7fuZL1vVI	Negative
1997	بما إن حالات الكورونا بتزيد و داخلين علي مرحلة خطرة وفيه ناس كتيرة اليومين إللي فاتوا بتستغيث إنها عندها #كورونا و محدش بيسأل فيها ولسه في بيوتها فا ياريت ننشر بروتوكول علاج الكورونا المتبع في مستشفى القصر العيني الفرنساوي  وصلها لكل واحد مش قادر يروح مستشفي ومضطر يتعالج ف البيت  https://t.co/mefK9jWiID	Negative
1998	@siivw @1earthlocation اصبري مكرونه انا الله يلعن كورونا 💔	Negative
1999	تعبت ابي اشوف صديقاتي الله يلعن كورونا	Negative
2000	@baderff @Majedbinfahd حنا اكثر الله يلعن كورونا 🤦🏻‍♂️	Negative
2001	@interieur_dz انتم اخطر من فيروس كورونا يا كلاب فرنسا ارحلواااا عنا ياعصابة سعيد بوتفليقة و قائد صالح حمار وحشي و تبون كلب جنرالات  https://t.co/VInHztIgvx	Negative
2002	زارتني كورونا وحلت ضيفا ثقيلا ابي لم يتحمل ثقالتها وتم ادخاله المستشفى. انا معزول دعواتكم لابي اولاً وان بقي بعض الدعاء فلا تنسوني اللهم رب الناس أذهب البأس واشفي ابي أنت الشافي لا شفاء إلا شفاؤك بيدك الشفاء لا كاشف له إلا أنت أنت رب الطيبين أنزل رحمة من عندك وشفاء من شفائك.  https://t.co/FoZCogNmM6	Negative
2003	الرجاء الدعاء لوالي رياض مصاب بفايروس الكورونا 🙏🏻  إلهي أذهب البأس ربّ النّاس، اشف وأنت الشّافي، لا شفاء إلا شفاؤك، شفاءً لا يغادر سقمًا، أذهب البأس ربّ النّاس، بيدك الشّفاء، لا كاشف له إلّا أنت يارب العالمين، اللهم إنّي أسألك من عظيم لطفك وكرمك وسترك الجميل،	Negative
2004	@El_Bilade @Fmetaoui الوباء الذي ضرب جذوره في #الجزائر هو انتم يعصابة الفساد عملاء الجنرلات الفاسدين وتفون اين الشرعية اين هي إرادة الشعب،نظام التسلط  وصحافة العار والكذب والتضليل صحافة الانبطاح      #Algerie والنفاق  https://t.co/6Ju7qF8xK2	Negative
2005	وكانت النتيجة ان بنت تفقد حياتها بكل قسوة.  بعض البشر قلوبهم تستحق وباء زي الكورونا والله، اسبوع واحد كان كفيل يقنعك ان الانسان لا بيرحم حيوان، ولا طفل فقير، ولا الكوكب نفسه، ولا حتى حيوان اليف ومسالم عايش في طبيعة خالقه في سلام  #JusticeForZohra  #JusticeForZohraShah  https://t.co/EzELXAIkNX	Negative
2006	#انا_عقود_اين_الوعود ياحكومة الجزائر الجديدة موضوعنا سينسيكم من covid_19	Negative
2007	صباح الخير ، الله يلعن كورونا و الدراسة عن بعد	Negative
2008	الله يلعن الصين 🙂 متى يخلص كورونا !	Negative
2009	@_iAzez خخ الله يلعن كورونا والله فككها💔	Negative
2010	@a7mmed24 الله يلعن كورونا الي حرمنا فرحة الجمهور	Negative
2011	#تروح_كورونا_زيدو_أنتوما  #توقفوا_عن_استدعاء_النشطاء  #دولة_مدنية_ماشي_عسكرية  #حرروا_المعتقلين  #دستوركم_لا_يعنيني  #الثورة_مستمرة  #ما_تسكتوناش  #ريح_في_دارك  #الحرية_لمعتقلي_الرأي #لايوجد_رجال_في_قضاء لا يوجد رجال في قضاء في 48 ولاية .كلهم كلاب نظام فاسد	Negative
2012	الله يلعن الصين و كورونا و شركة ال⚡️ و اللي في بالي و الدراسة عن بعد لعنة قوم عاد و ثمود 🤬🙄💅🏼	Negative
2013	#حيوان_المرموط مرمطونا.حسبي الله عليكم تونا نتنفس من الكورونا 😭يبلعو الاخضر واليابس .	Negative
2014	قالو الصين جواها ضحايا ده فيها ڤايرس كورونا قتال طب احنا عرفنا ليه نهاية ياموت ياعلاج يكون فعال لكن ڤايرسنا في اصحابنا ملوش علاج طبع الاندال💔😶👎👎 @Mohamedaligad22	Negative
2015	الله يلعن كورونا اللي خلتني اطلع ذا الوقت	Negative
2016	بوصبع لحمر و أفتخر 🇩🇿 #توقفوا_عن_استدعاء_النشطاء  #تروح_كورونا_زيدو_أنتوما  https://t.co/pXu059RiVG	Negative
2017	ولماذا لا يكون سبب الارتفاع الاخير المقلق و المخيف في الاصابات بفيروس كورونا في الجزائر هي الرحلات الجوية التي لم تتوقف أبدا لاجلاء للعالقين والمعلّقين من الخارج ومن بؤر الوباء؟لماذا يتّهم دائما المواطن بالتهاون و التراخي في احترام تدابير الوقاية وبرفع عدد حالات الاصابة بكورونا؟!	Negative
2018	الله يلعن الكورونا الله يلعن الكورونا الله يلعن الكورونا الله يلعن الكورونا الله يلعن الكورونا الله يلعن الكورونا الله يلعن الكورونا الله يلعن الكورونا الله يلعن الكورونا الله يلعن الكورونا	Negative
2019	بوصبع طول وقت يجب ذل والاهانة لنفسه  إن شاء الله تتحاسبو عليها  #الجزائر #تروح_كورونا_زيدو_أنتوما #Algerie #توقفوا_عن_استدعاء_النشطاء  https://t.co/cYWDRS8LDp	Negative
2020	الله يلعن كورونا كأن مافي اخبار الا هي	Negative
2021	لقد تم تأكيد اصابة اخي عبدالرحمن بڤايروس  #كورونا  ربي استودعتك من هوعزيز على نفسي يامنزل الشفاء ورافع البلاء ويامجيب الدعاء يامن تعيد المريض لصحته ويامن تستجيب دعاء البأس اللهم اشفي عبدالرحمن ورد له صحته وعافيته يارب اللهم انت الشافي لا شفاء إلا شفاك وارفع عنه سقم البلاء .  https://t.co/MOrXD1Inz6	Negative
2022	يا درى! يا بوصبع لزرڨ مليون تاع تبون ديتيه و لا مازال؟ #توقفوا_عن_إستدعاء_النشطاء  #تروح_كورونا_زيدو_أنتوما	Negative
2023	الحمد لله من قبل ومن بعد   اللهم اشف انت الشافي لاشفاء الا شفائك شفاءً لايغادر سقما اللهم ارفع عنا هذا الوباء عاجلاً يارب العالمين  دعواتكم ايه الأخوة الأعزاء تأكدت اصابتي بفايروس كورونا نسأل الله السلامه والشفاء لنا ولكم وللمسلمين اجمعين	Negative
2024	استدعوا بوتفليقة مدمر الجزائر #توقفوا_عن_إستدعاء_النشطاء #تروح_كورونا_زيدو_أنتوما #توقفوا_عن_استدعاء_النشطاء  https://t.co/P4pj8ZNRDS	Negative
2025	ليجينيرو يا الخونة و الله مارانا حابسين #تروح_كورونا_زيدو_انتوما	Negative
2026	ياخالق المعجزات و يارب المستحيلات سبحانك أنت القادر و نحن العاجزين اللهم أشفي كل مرض و أنثر العافيه في جسدهم يارب يا من تعيد للمريض صحته وتستجيب دعاء البائس أشفهم  أنت الشافي لا شفاء إلا شفاؤك شفاءً لايغادر سقما وأشف ِمرضى المسلمين من كورونا❤️	Negative
2027	دعوتكم للاستاذة #رانيا بالشفاء من مرض #كورونا  اللهم أشفيها فأنت أعلم بحالها اللهم رد عافيتها وخفف عنها وارحم ضعفها وقلة حيلتها ربي اشفه شفاءً لايغادر سقمًا يامن تعيد للمريض صحته ويامن تستجيب دعاء اليائس الضعيف أن تلطف بجسده وتكتب له الشفاء العاجل   @raniaali555	Negative
2028	كورونا كشفت لنا خونه الوطن .! #إيران_تصدر_كورونا_للخليج	Negative
2029	😂😂😂😂 هذه خاصة بجماعة الحراك #فيروس_كورونا #ريح_في_داركم #StayAtHome  #الجزائر #الحراك_مستمر  https://t.co/mu2n8q7ROb	Negative
2030	الله يلعن كورونا و يلعن الصينين و الامريكان	Negative
2031	و هاج الذباب و بوصبع لزرق   #الحراك_مستمر  #الحرية_لمعتقلي_الرأي  #تروح_كورونا_زيدو_أنتوما	Negative
2032	إلى تجار لبنان وخاصة تجار المواد الغذائية أنتم أوسخ وأحقر وأنذل من فايروس كورونا #لبنان 💔	Negative
2033	@SH_13333 @Jarr4h الله يلعن كورونا اللي حرمك منا😢	Negative
2034	@El_Bilade وطبعا تحت انظار اعلامهم القذر الاصولى المرتزق في بروبكندا قذرة رخيسة من نظام شمولى متعفن هدفها لتبيض صورة لمسؤولين فاسدين ناهبين حتى النخاع لتغطية الفشل الذريع و الكارثى في تسيير ازمة الفيروس	Negative
2035	الله يلعن ابوك يا كورونا ويلعن ابو خفافيش الصين  https://t.co/XCvxhxTnTP	Negative
2036	أسالكم الدعاء لصديقي المحترم الخدوم الدكتور اكرامي الشربتلي مدير مستشفي حوش عيسي المركزى  تأكد اصابته بفيروس كورونا أثناء تأدية عمله اللهم أشفه شفاء لايغادر سقمًا إنك على كل شيء قدير”.اللهم رب الناس اذهب البأس، أشفِه أنت الشّافي لا شافي إلّا أنت  اللهم الشفاء لكل مريض يتألم بصمت  https://t.co/C4lMEhMNHU	Negative
2037	@faezahalqahtani @SafaaMehdar @bassam4071 الله يلعن كورونا خرب حياتنا	Negative
2038	#حظر_كامل اللواء:عبدالله محلل سياسي وعسكري وكلامه في الصميم ، وفعلا دول مثل البحرين والكويت والأمارات رغم قرب حكامها من السعودية ، إلا أنه تبين من خلال كورونا هشاشة وضعها مع إيران وضعفهم أمامها ، إلى درجة التواطؤ مع الخونة وتهريبهم من وإلى إيران بأسلوب لا ينم عن تعاون ومصداقية .  https://t.co/MjYb3UV3b9	Negative
2039	لكن ابى البشر انهم يسمحوا بده، وكانت النتيجة ان بنت تفقد حياتها بكل قسوة.  بعض البشر قلوبهم تستحق وباء زي الكورونا والله، اسبوع واحد كان كفيل يقنعك ان الانسان لا بيرحم حيوان، ولا طفل فقير، ولا الكوكب نفسه، ولا حتى حيوان اليف ومسالم عايش في طبيعة خالقه في سلام  #منقول  https://t.co/Vo5aDymxnE	Negative
2040	انباء عن عودة الحراك مع اول صلات جمعة أنشاء الله  #تروح_كورونا_زيدو_أنتوما  #توقفوا_عن_استدعاء_النشطاء  #تبون_الكوكايين #دولة_مدنية_ماشي_عسكرية  #الجزائر_واحدة_موحدة  #الجزائر  https://t.co/XlKjkAQ9tj	Negative
2041	أين هي ثروات الجزائر #تروح_كورونا_زيدو_أنتوما #توقفوا_عن_إستدعاء_النشطاء #Corruption	Negative
2042	@Alhilal_FC من قلب نصراوي الى قلب كل لاعب هلالي أصيب بفيروس كورونا أسأل الله العظيم رب العرش الكريم ان يشفيكم شفاء لا يغادر سقما اللهم اشفهم انت الشافي لا شفاء إلا شفاءك اللهم اجعل ما اصابهم تكفيرا لذنوبهم ومحو لسييئاتهم ورفعة في درجاتهم..هم والمسلمين اجمعين...نصيحه ادعوا لهم او اصمت	Negative
2043	الحمدلله على كل حال تمت اصابتي بڤايروس كورونا..   اللهم يا مُنزل الشفاء و يارافع البلاء و يا مجيب الدُعاء ويا من تعيد المريض لصحته و يا من تستجيب دعاء البائس اللهم أشفني شفاء لايغادر سقماً يارب.	Negative
2044	#توقفوا_عن_إستدعاء_النشطاء #تروح_كورونا_زيدو_أنتوما الشعب موحد.. وانتوما الخونة ياعصابة  https://t.co/6kXC36umE4	Negative
2045	الله يلعن ابو كورونا على ابو الصين على ابو امريكا على ابو الخفافيش على ابو هل سنة كلها سوا..❤️	Negative
2046	نظام فاسد و جنرالات سراقين اخطر من فيروس كورونا  https://t.co/aWr6zwYaFf	Negative
2047	#ايران_تصدر_كورونا_للخليج دولة من زمان معاديه للاسلام والسعوديه اللحين هالفيروس بيخيليها تنتقم منا الله يحرقهم ويحرق السعوديين الخونه اللي يروحون لها ومعهم أي مسؤول بحريني كويتي تكتم على السعوديين اللي جو عن طريقهم قال يحبون المملكه الكل يبي مصلحته واللي يصير خير دليل	Negative
2048	يارب كورونا يروح منها بسرعه 😭	Negative
2049	الله يلعن الكورونا .. واللي اكل الخفاش ..  💔💔💔  https://t.co/ybk0vX92lx	Negative
2050	@om__ronh @Mnn1230 @ask_riyadh1 نفس اللي صار معنا الوالد سوا مسحه قالو سلبي وخالطناه وصرنا كلنا مصابين الوالد والوالده فحصو ايجابي ع الرغم طلعت عندي اعراض وانا مخالطهم اغلب الوقت وسويت مسحه وطلعت سلبي صرت موسوس هل هذا كورونا ولا شي ثاني ولا اقدر اسوي مسحه الا بعد 14 يوم	Negative
2051	الحمد لله علي كل شيء تحليل كورونا ايجابي انا بخير واسالكم الدعاء... اللهم رب الناس اذهب الباس اشفنا انت الشافي لا شفاء الا شفاؤك شفاءاً لا يغادر سقماً  https://t.co/PuoyYEklZ9	Negative
2052	لكن ابى البشر انهم يسمحوا بده، وكانت النتيجة ان بنت تفقد حياتها بكل قسوة.💔💔  بعض البشر قلوبهم تستحق وباء زي الكورونا والله، اسبوع واحد كان كفيل يقنعك ان الانسان لا بيرحم حيوان، ولا طفل فقير، ولا الكوكب نفسه، ولا حتى حيوان اليف ومسالم عايش في طبيعة خالقه في سلام	Negative
2053	الله يلعن كورونا ياخي خلاااااص عايزين نطلع	Negative
2054	اخخخ ي لاجامي الله يلعن كورونا بس	Negative
2055	سبحان الله كورونا فضحهم،كانوا يسافرون لإيران بدون علم السعوديه وعهران ماتختم ع جوازاتهم هولاء خونه وعملاء لايران.  https://t.co/vJiKJpFEIt	Negative
2056	@ZOOM_I_ @jinlody245 @LXCVII3 @starnight_55 @whrumor ما كملت الله يلعن كورونا	Negative
2057	@NajranToday قول لوزير الصحة حسيت بأعراض كورونا الجمعه ورحت المشفى السبت وعطوني بندول ومسكوني الباب قالو مافيك شي وبعد 4 ايام رجعت لهم بخطاب طلب فحص  وفحصو ولقوني مصاب كورونا ! ليش مافحصو علي من البدايه لكي لا انشر الفايرس فبيتي وعملي 👊🏻👊🏻	Negative
2058	الله يلعنك يا كورونا الله يلعنك يا كورونا الله يلعنك يا كورونا الله يلعنك يا كورونا ويقطع الشركة الطيران🔴 الله يلعنك يا كورونا الله يلعنك يا كورونا الله يلعنك يا كورونا والحمار اللي فصلج 🔴 الله يلعنك يا كورونا الله يلعنك يا كورونا الله يلعنك يا كورونا    https://t.co/VKMVN0h9cO	Negative
2059	اللهم اشفي عمي صلاح شفاء لا يغادر سقما اللهم ارزقه الصحه والعافيه الرجاء الدعاء له بالشفاء من فيروس كورونا	Negative
2060	الله يلعن الصين و كورونا و اللي في بالي و شركة ال⚡️بس على خفيف و اللي كل شوي تقول مفارق راسي و بادكرور و قردوغان و ايران و الخكارية لعنة قوم عاد و ثمود 🤬🙄💅🏼	Negative
2061	مبقاش فارق معايا ترجع حياتنا الطبيعية امتى قد ان ربنا ميوجعش قلبي على حد من حبايبنا فاللهم بلغنا نهاية أزمة الكورونا لا فاقدين ولا مفقودين يارب💔🤲	Negative
2062	ههههههه اللهم اشف كورونا شفاءاً لايغادر سقما	Negative
2063	حالات الكورونا بتزيد وداخلين علي مرحلة خطرة  وفي ناس بتستغيث إنها عندها كورونا ومحدش بيسأل فيها ولسه في بيوتها ننشر بروتوكول علاج الكورونا المتبع في مستشفى القصر العيني الفرنساوي وصلها لكل واحد مش قادر يروح مستشفي ومضطر يتعالج في البيت اللهم ارفع عنا البلاء و الوباء@abonadim1st  https://t.co/wTflBlNkIn	Negative
2064	الله لا يوفقك ي كورونا ، مشتاق 💔  https://t.co/1VNRRUVAcp	Negative
2065	اللواء / عبدالله القحطاني  محلل سياسي وعسكري كلامه في الصميم ، وفعلا دول مثل البحرين والكويت والأمارات رغم قرب حكامها من السعودية ، إلا أنه تبين من خلال كورونا هشاشة وضعها مع إيران وضعف الانظمه،إلى درجة التواطؤ مع الخونة ودخولهم من وإلى إيران  حسبنا الله ونعم الوكيل💠🌴💠  https://t.co/9EItQDjdVI	Negative
2066	الله يلعن كورونا الله ياخذ كورونا الله يمحق كورونا	Negative
2067	مؤخراً خرج واحد الذباب الإلكتروني إماراتي 🇦🇪 كينتقد تعامل الحكومة المغربية 🇲🇦 مع ازمة كورونا وحذر من مجاعة في المغرب 🇲🇦 ونسا بلي حنا امة نأكل مما نزرع ولا نستورد ولو بصلة من الخارج ونطعم أوروبا 🇪🇺 بأطنان من الخضر والفواكه ونسا بلي اغلى ما تملك دولته هو النفط فقط..	Negative
2068	الله يلعن كورونا و الله يلعن الصين	Negative
2069	يحتفلون مع الجمهور 😭😭😭😭 الله يلعن كورونا	Negative
2070	يلي مش هم بفهمو شو الها طعمة يسكروا البلد اذا بعد ٤ ايام رح نرجع متل قبل🤷‍♀️ ياخدو تدابير متل الخلق حاج يلعبونا..اوك في حق عالشعب ما قلنا لا بس كمان مش هني الدولة اي يفرجونا شغلن. انو ٤ ايام تسكير وبعدين؟ضيعان يلي انزربناهن بهالبيت 🤦‍♀️ #كورونا_لبنان #خليك_بالبيت	Negative
2071	#ايران_تصدر_كورونا_للخليج  كورونا كشف لنا بعض الخونه اللي يسافرون لدوله معاديه لنا  العدو الأكبر لبلدنا وتروح لها ؟   الموضوع بالنسبة لهم عقائدي وللأسف الولاء والطاعة للملالي  ___________ ومع ذلك حسوا بقيمة المملكة بعد الاصابه بالمرض،  بايران ماراح تحتضنهم الا ارصفة الشوارع	Negative
2072	@majjk_9 @iitxzi متى يروح الكورونا واشوفك بس 😔	Negative
2073	صباح الخير .  الله يلعن كورونا .	Negative
2074	الله يلعن كورونا الي بعدتني عن ذا الوجه الجميل — اي والله الله يلعنه  https://t.co/ujUBYyUvW4	Negative
2075	ما_تسكتونيش_ما_تسكتوناش أطلقوا_سراح_المساجين دولة_مدنية_ماشي_عسكرية تحيا_الاحرار_ويسقط_حكم_العسكر الحراك_في_زمن_الكورونا_متواصل #تروح_كورونا_زيدو_أنتوما #العالقين_في_اسطنبول_مسؤولية_تبون  https://t.co/Ps1cBaBCKI	Negative
2076	جتني وراحت ولا دريت انها كورونا الا بعد  ماحلل ابوي وطلع مصاب وحللت انا لاني مخالطته وطلعت ايجابي مصابه ، بس الحممممدالله ماجتني اعراض ابد فقط زكمه خفيفه ، والان لي 22 يوم وسويت مسحة بعد 14 يوم وطلع ايجابي بعد مع ان مافيني شي 🙂 بس قالو يجلس بالجسم 51 يوم #جاك_كورونا_والا_باقي	Negative
2077	# جامعة أكسفورد '' نحن بصدد إنتاج لقاح نهائي لكورونا '''                                                       # المنظمات الطلابية في الجزائر '' نطالب بإلغاء السداسي الثاني '''                       #الجزاير #Algérie #الجزائر #COVID_19DZ  https://t.co/W3350vFhOg	Negative
2078	الحمد لله الّذي لا إله إلّا هو، وهو للحمد أهل وهو على كلّ شيءٍ قدير،   وصلني خبر اصابة خالتي وابن خالتي بفايروس كورونا نحمدالله على كل شي واتنمى منكم الدعاء لخالتي لانه بمرحلة خطيرة من المرض .  اللهم اشف مرضانا ومرضى المسلمين شفاءً لا يغادر سقماً.	Negative
2079	الله يلعن الصين على ابو كورونا   #الصين	Negative
2080	كرهنا من حركي و زواف و لحاسين و عبيد و شياتين  #تروح_كورونا_زيدو_أنتوما  #Algerie #توقفوا_عن_إستدعاء_النشطاء  https://t.co/1SpI9U4Ezu	Negative
2081	اغنية برعاية وزير البطاطا  #تروح_كورونا_زيدو_أنتوما  #أنا_عقود_أين_الوعود  #الجزائر  https://t.co/cm3y3c0oRQ	Negative
2082	الله يلعن الصين و كورونا و شركة ال⚡️ و اللي في بالي واللي معاه و البساس و الضواطير و السيستاني لعنة ابو لهب🤬🙄💅🏼	Negative
2083	الله يلعن الصين و يلعن الكورونا ياخ	Negative
2084	#ريح_في_داركم  #حالة_الطوارئ_يا_تبون #كورونا_الجزائر_سنقاتل #COVIDー19  كل الدول تعلن حالة الطوارئ و تنشر جيوشها غير حنا قاعدين نلعبوا	Negative
2085	الله يلعن كورونا اللي حرمنا من شوفت أشخاصنا 💔.	Negative
2086	@sstm2002 @_fA2022 متى بنرقد مع بعض ؟😔الله يلعن كورونا والصين	Negative
2087	انتقل الي رحمة الله اخ  وصديق وعزيز على قلوبنا السيد   احمدرويش  ابوذياب اثر اصابته بمرض  #كورونا الله يرحمه ويغفر له ويسكنه فسيح جناته ويلهم أهله وذويه الصبر والسلوان وانا لله وانا اليه راجعون اخواني واخواتي الله الله في انفسكم خلوكم في البيت 💔😢  https://t.co/xscwNpfjEI	Negative
2088	#COVID19dz يخرجو في الحراك ضد العصابة وهوما اكبر عصابة #الحراك #حراك #العصابة #فيروس_كورنا #coronavirusalgerie #Algerie #dZ #Hirak  https://t.co/iEwrdbmyYZ	Negative
2089	متى يروح كورونا ونرجع نداوم💔💔💔💔💔💔💔💔💔💔💔💔💔💔💔💔💔💔؟  https://t.co/XSEFtJ4RLq	Negative
2090	@iTvu4 كل شيء رايح الله يلعن كورونا	Negative
2091	الله يلعن كورونا ، نبغا نتخرج 💔	Negative
2092	الله يلعن كورونا الله يلعن كورونا البعد يلعن كورونا والصين ويلعن الخفافيش ويلعن البايو	Negative
2093	يمممممههههه  💔😭😭😭 الله يلعن كورونا الف 😭💔	Negative
2094	اعدمو القادمين من ايران خونه انجاس #ايران_تصدر_كورونا_للخليج	Negative
2095	الله يلعن ابو الصين ع ابو الكورونا ع ابو منظمة الصحه العالميه ملينا متى بتخلص هالكورونا الله يلعن ام الصين🙁	Negative
2096	@ennaharonline الحركى تاع #الحراك هم من المجرمين قتلت الشعب الجزائري #الجزائر #تبون #كورونا_فيروس #كوفيد١٩ #الحراك_مستمر #حركى_الحراك	Negative
2097	الله يلعن كورونا بطلت اعرف اتصور 🙂😭	Negative
2098	الله يلعن الهرمونات.. و يلعن كورونا فوقها	Negative
2099	الله يلعن الحجر الله يلعن كورونا الله يلعن الصين و يلعن ايران اقسم بالله مو حالة	Negative
2100	@boringshahad والله اكثر الله يلعنك يا كورونا	Negative
2101	#أنا_عقود_أين_الوعود اين حقي 😔 #كلنا_خفيف_ربيعة ربي يرحمها كان حلمها الادماج ماتت قالو انها لا تملك صفة موظف 😔😢ربي يخلص فيهم✋ #كورونا #الجزائر	Negative
2102	الله يلعن كورونا ويلعن الدراسة عن بعد	Negative
2103	الله يلعن كورونا بس ابغى ارجع للنادي💔	Negative
2104	باتت الاحداث تتسارع بشكل رهيب و الرئيس🇩🇿 مزال متردد في اعلان حالة طوارئ الى متى.... ؟ #حالة_الطوارئ_يا_تبون #فيروس_كورونا #ريح_في_داركم	Negative
2105	@TaimAlshayeji ماكو مشكلة اهم شي يروح الوباء  😅	Negative
2106	اشتقت ل صحباتي الله يلعن كورونا لعنه ،	Negative
2107	#مش٠_٠طبيعي هالغلا  الى تجار لبنان أنتم أوسخ وأحقر وأنذل من ڤيروس  كورونا 🦠🦠🦠	Negative
2108	الله يلعن كورونا اخذته مننا 💔  https://t.co/zTlvbJDa8E	Negative
2109	مقدر اكثر من كذا الله يلعن كورونا	Negative
2110	@BenzianiF مثل نظام خنزير فرنسا خالد نزار و كلب فرنسا عبد العزيز بوتفليقة و حمار وحشي تاع امارات قائد صالح و تبون  شيفونة جنرالات   مستورد كورونا كلهم فاسدين	Negative
2111	@__wa7eed ودي نستقبله ياخي..الله يلعن كورونا بسس.	Negative
2112	@iika1i اشتقت لأيام الدشره الله يلعن كورونا	Negative
2113	الله يلعنك يا كورونا الله يأخذك .	Negative
2114	@Lyanzzzzzzz انتي واحشتني الله يلعن كورونا 🥺	Negative
2115	@atmeh317 الله يلعن كورونا بدنا نروح 💔	Negative
2116	الا يجدر بقناة تحمل اسم بلد ان تتحدث عن عجز حكومتها في مواجهة الوباء بدل نشر الاكاذيب عن الجزائر حفنة كلاب ضالة  تبحث عن عظام  #France_24_arrête_daboyer	Negative
2117	@__ix60 @avj941 الله يلعن كورونا انا مشتاق😔	Negative
2118	@tinyvhopei الله يلعن كورونا اشتقت لهم😭😭. @BTS_twt	Negative
2119	#ايران_تصدر_كورونا_للخليج  الخونة اللي سافروا إيران بدون علم الحكومة يجب أن ينالوا أقسى العقوبات لأنهم خطر يهدد الأمن القومي للمملكة	Negative
2120	@yukiii19_a @KH4_LD الله يلعن  كورونا مره وحده	Negative
2121	وزارة الصحة : @OmaniMOH  تسجل حالة الوفاة رقم ٣٠ لمقيم يبلغ من العمر 63 عاما مصاب بمرض كورونا (كوفيد 19 ) تغمد الله الفقيد بواسع رحمته وأسكنه فسيح جناته ونسأل الله العلي القدير أن يلهم أهله الصبر والسلوان💔🙏🏻.  #خليكم_في_البيت	Negative
2122	@ARAB1_ARMY @BTS_twt الله يلعن الكورونا اللي حرمتنا من الجولة 😭😭😭💔	Negative
2123	@SaudiMOH أنا كنت ما اشم ولا اتذوق واحس بصداع و عندي مرض مزمن ورحت عيادة تطمن قالو مافي اعراض كورونا وخالطت اهلي و كلهم تعبو   ولمن قلتلهم خالطت حاله مؤكدة سويت مسحة وكان ليا عشرة ايام والحمدلله تحسنت قالو اعزلي نفسك 😕	Negative
2124	@SaudiMOH الأشخاص الذين سافرو لايران رغم عداء ايران لنا ولدولتنا وعادو ولم يفصحو عن سفرهم وتسببو بنشر #فيروس_كورونا_المستجدّ بوطنا هولاء خونه وولائهم لايران وهم سبب تمدد نظام الخميني بالدول العربية يجب الحزم ومعاقبتهم وسحب الجنسية العربية السعودية منهم وطردهم لايران لانهم اخطر من #كرونا🇸🇦	Negative
2125	"21/12/1441 ان لله وإنا إليه راجعون .. انتقل الى رحمة الله ولد عم والدي ""العم أحمد"" بعد اصابه بفايروس كورونا اسأل الله ان يرحمه ويغفرله وان يصبر قلب ذويه ويلهمهم الصبر والسلوان،،اللهم اجبر قلب والدي😭💔."	Negative
2126	الرئيس #تبون فرصة لتوقيف تحكاك الشرذمة وهذا ما يتطلبه قرارات سيادية و صارمة للحد من إنتشار الفيروس #كورونا  #الجزائر #ريح_في_داركم  #حالة_الطوارئ_يا_تبون	Negative
2127	@oFai9l الله يلعن كورونا ١٠٠ ريال بس	Negative
2128	#الحراك_مستمر 🇩🇿✌ #تروح_كورونا_زيدو_أنتوما  ⁧#العالقين_في_اسطنبول_مسؤولية_تبون⁩  #يتنحاو_ڨاع #يتحاسبو_ڨاع الخونة  https://t.co/cSeOEz9faw	Negative
2129	#توقفوا_عن_استدعاء_النشطاء و سجنهم بغير وجه حق يا خونة العهد والميثاق #تروح_كورونا_زيدو_أنتوما  #دولة_مدنية_ماشي_عسكرية  اللهم انتقم لنا من الظلمة الطغاة وصب عليهم سوط عذاب فقد افسدوا البلاد و أذلوا العباد  🤲 #Hirak 🇩🇿✌  https://t.co/4kOBcnpZKq	Negative
2130	اللواء / عبدالله القحطاني من طريب محلل سياسي وعسكري وكلامه في الصميم ، وفعلا دول مثل #البحرين و #الكويت و #الأمارات رغم قرب حكامها من #السعودية إلا أنه تبين من خلال #كورونا هشاشة وضعها مع إيران وضعفهم أمامها  إلى درجة التواطوء مع الخونة وتهريبهم من وإلى إيران بأسلوب حقير..  https://t.co/w2jyxa3jQ4	Negative
2131	@Gorgeous_ew الله يلعن كورونا اشتقت ل ماك	Negative
2132	"تم تأكيد إصابة بنت عمي ""سكينه كرم"" بفايروس كورونا  COVID-19  راجين منكم الدعاء لها ولوالدها بالشفاء  اللهم رب الناس اذهب البأس واشف انت الشافي لا شفاء الا شفاؤك شفاءً لا يغادره سقما.  اللهم اشف مرضانا والمرضى اجمعين  #كورونا_في_الكويت"	Negative
2133	@lm_72l المهم الله يلعن كورونا مره ثانيه 💔	Negative
2134	الله يلعن كورونا الله يلعنه الف يارب مايجيه شي يمه خفت خففففت	Negative
2135	#ايران_تصدر_كورونا_للخليج السعوديه مقاطعه ايران والحمار اللي مسافر هناك هذا خاين لا ترجى من فايده	Negative
2136	الله يلعن كورونا حرمتنا من اشياء كثير	Negative
2137	#ايران_تصدر_كورونا_للخليج لاتنتظرون إيران ترد ولا الخونه اللي خالفوا النظام يعلمون خذوا برنت من الكويت والبحرين والإمارات وعمان عن كل سعودي سافر من أراضيهم لإيران ، هذه خطة الكلبه إيران عشان ينشرون الفايروس عندنا الله يجعل تدبيرهم في تدميرهم ويكفينا شرهم	Negative
2138	اللهم اشفي اهلي شفاء لايغادر سقما  اللهم اشفيهم من كل تعب اللهم اني استودعتك اياهم اللهم يامنزل الشفاء ويارافع البلاء ويامجيب الدعاء يامن تعيد للمريض صحته ويامن تستجيب دعاء البائس اللهم اشفيهم يارب شفاء لايغادره سقما  اللهم ابعدهذا الوباء عن الامه الإسلامية #كورونا  #المدينة	Negative
2139	"@x_x3f الله يلعن كورونا ولا انا عندك اللحين""("	Negative
2140	@xm_2d اكثرررررر 🥺🥺🥺🥺++ وحشتيني الله يلعن كورونا	Negative
2141	#العصابة بيها #الحراك، ماشي #كورونا.  #جمعة72  #حداد_على_العدالة_في_الجزائر  #لا_للحجر_السياسي  #افتحوا_بيوت_الله  #دولة_مدنية_ماشي_عسكرية  #لن_نستسلم_ولن_نركع  #حراك_مستمر  #استقلال  #تبون_المزور_جابوه_العسكر   https://t.co/Wjky8CTdtZ	Negative
2142	الله يلعن كورونا الي حرمتك منا 😭😭😭😭	Negative
2143	#اتصالات_الجزائر_وكيلكم_ربي  والله ما عندكم الوجه اللي يحشم..نتوما هوما الكورونا تاع الصح	Negative
2144	الله يلعن كورونا ضيعت علي ٣ سفرات	Negative
2145	انا لله وانا اليه راجعون .. وفاة الزميل الصيدلي د/محمود صبري نتيجة اصابته بفيروس كورونا بسبب مخالطتة لأحد المصابين بطبيعة عمله .  ربنا يرحمه ويلهم أهله الصبر والسلوان ⁦💔	Negative
2146	@Al0_11 هذا مكان غير الله يلعن كورونا	Negative
2147	اسطورة كرة القدم العراقية الكابتن #احمد_راضي في ذمة الله بسبب مضاعفات فايروس كورونا  انا لله وانا اليه راجعون .       😢   الله  يرحمه برحمته الواسعة وأسكنه فسيح جنانه ويلهم أهلها الصبر والسلوان  https://t.co/HQDuxDJviI	Negative
2148	@ghadii__00 اشتقت لماك الله يلعن كورونا  https://t.co/nYS3pqrZTo	Negative
2149	#توقفوا_عن_استدعاء_النشطاء  #تروح_كورونا_زيدو_انتوما الناس تبني و اتعمر و انتم اهلكتوا البلاد و العباد...	Negative
2150	الله يلعن الصين الله يلعن الكورونا يارب رحمتك بينا	Negative
2151	يروح كورونا ويجيك متلازمة الكوخ وبعدها يجيك المرموط ي مرمطة حياتي مرمطتاه💔 #حيوان_المرموط	Negative
2152	نسيت كيف اداوم بالجامعه الله يلعن كورونا 💔	Negative
2153	@2shdf يا عمري الله يلعن كورونا بس😂😭😭	Negative
2154	اااااه يارب كانت خطتي بالصيف 😭 الله يلعن كورونا و يلعن الصين	Negative
2155	وحشتني ماما🥺 الله يلعن الصين و يلعن كورونا ويلعن الرجيم معاهم 😒	Negative
2156	حقيقة مرة لازلت اتفكر خطابه الاسطوري (والله يا برنامج فخامته ما يتوقف) لقد وفيت يا كلب  تروح_كورونا_زيدو_أنتوما تحيا الاحرار ويسقط حكم العسكر دولة_مدنية_ماشي_عسكرية تتنحاو قاع  الثورة مستمرة والكفاح متواصل حتى تسقط كل العصابة #قلوبنا_مسجونة_مع_معتقلي_الراي #الجمعه_67  https://t.co/rqFBZxmzN7	Negative
2157	انهم يسمحوا بده وكانت النتيجة ان بنت تفقد حياتها بكل قسوة. بعض البشر قلوبهم تستحق وباء زي الكورونا والله، اسبوع واحد كان كفيل يقنعك ان الانسان لا بيرحم حيوان، ولا طفل فقير، ولا الكوكب نفسه، ولا حتى حيوان اليف ومسالم عايش في طبيعة خالقه في سلام	Negative
2158	هولاء الي سافرو لايران بدون تختيم الجوازات هولاء خونه ويعتبرون شركاء في الجريمة وهم ولائهم لايران اكثر من ولائهم لوطن ولدو فيه وتربو فيه واكلو من خيراته كم انهم يدفعون الخمس لسرداب خامنئي#ايران_تصدر_كورونا_للخليج	Negative
2159	#جاك_كورونا_والا_باقي الحمد لله ماجاتني ويارب ماتجي 😥	Negative
2160	@MNH ليت يروح فيروس كورونا😢💔💔	Negative
2161	المحنة تاع الكورونا و زدتو نتوما #وكيلكم_ربي_يا_إتصالات_الجزائر	Negative
2162	@iM0HD_ الله يلعن كورونا بس الله يلعن كورونا ويلعن الصين	Negative
2163	ياخالق المعجزات و يارب المستحيلات سبحانك أنت القادر و نحن العاجزين اللهم أشفي كل مرض و أنثر العافيه في جسدهم يارب يا من تعيد للمريض صحته وتستجيب دعاء البائس أشفهم  أنت الشافي لا شفاء إلا شفاؤك شفاءً لايغادر سقما وأشف ِمرضى المسلمين من #كورونا  💔 #جمعه_مباركه  #دعوه_مستجابه  https://t.co/PllsnGacQA	Negative
2164	مؤخراً خرج واحد الذباب الإلكتروني إماراتي  كينتقد تعامل الحكومة المغربية 🇲🇦 مع ازمة كورونا وحذر من مجاعة في المغرب  ونسا بلي حنا امة نأكل مما نزرع ولا نستورد ولو بصلة من الخارج ونطعم أوروبا 🇪🇺 بأطنان من الخضر والفواكه ونسا بلي اغلى ما تملك دولته هو النفط فقط وحتى التاريخ لا تملكه  https://t.co/JmaHY1LKQ3	Negative
2165	اللهم يا واسع العطاء و يامنزل الشفاء ويا رافع البلاء و يا مجيب الدعاء اشفي امي و اخواتي و جميع المسلمين من الكورونا اللهم اشفهم انت الشافي شفاء لايغادر سقما🥺💔♥️	Negative
2166	@KSA24 من هنا لين ابريل يمدي كل شخص ماجتة كورونا انصاب وطاب وخلص وماعاد حنا بحاجة لقاح  https://t.co/1oxTewsNBe	Negative
2167	@Hanoothoughts انا حزين اقسم بالله الله يلعن كورونا	Negative
2168	@NetflixWorId @Veorify الله لا يوفقك يا كورونا الزق	Negative
2169	@TSAlgerie العصابة بيها الحراك، ماشي كورونا.  اللّهم إنا مغلوبون فانتصر.  #حداد_على_العدالة_في_الجزائر  #لا_للحجر_السياسي  #افتحوا_بيوت_الله  #دولة_مدنية_ماشي_عسكرية  #لن_نستسلم_ولن_نركع #حراك_مستمر  #استقلال  #تبون_المزور_جابوه_العسكر  https://t.co/Wjky8CTdtZ	Negative
2170	@xqoo91 @5b_rb @iiiiln1_ @_qxg4 @xxucc @ranyaill @_dillll1 الله يلعن كورونا ياشيخ  https://t.co/CXCTtixTs6	Negative
2171	@aa_mm7777 انا نسيت كيف ارقص الله يلعن كورونا	Negative
2172	. 🔴زيطوط  يوجه نداء عـاجل للأحرار  #الحراك_مستمر #هدفنا_واحد_يتنحاو_ڨاع #الحراك #Hirak #Algerie #ALGER  #AlgerianIndependenceDay  #coronavirus #كورونا #الجزائر  https://t.co/w58H9gwtgr	Negative
2173	@9Messi_ الله يلعن كورونا ولا كان جيتك	Negative
2174	يارب لا إعتراض على قضائك وقدرك تأكدت إصابت ام صديقتي بفايروس كورونا اللهم يا مُنزل الشفاء و يارافع البلاء و يا مجيب الدُعاء ويا من تعيد المريض لصحته و يا من تستجيب دعاء البائس اللهم أشفيها شفاء لايغادر سقمًا يارب دعواتكم لاام صديقتي بالشفاء العاجل 💔😣  https://t.co/WCEXznNgWw	Negative
2175	@HooF1290 Cc  الحياة الطبيعية الله يلعن كورونا	Negative
2176	الله يلعن الكورونا يالي حرمتنا من شوفتك بالمدرج  https://t.co/IkO7nPvAcj	Negative
2177	متى يروح كورونا اشتقت اعتمر🥺🥺	Negative
2178	"تتقدم إدارة فريق ""وطن التطوعي"" بخالص الدعاء لزميلتنا الاعلامية/ إشتياق السرور  وذلك لإصابتها بcovid19 نسأل الله لها الشفاء بالقريب العاجل  ((اللَّهُم رَبَّ النَّاسِ أَذْهِبْ الْبَاسَ اشْفِهِا وَأَنْتَ الشَّافِي لَا شِفَاءَ إِلا شِفَاؤُكَ شِفَاءً لَا يُغَادِرُ سَقما)) #كوفيد_19"	Negative
2179	@_xin16 @itm_1999 اكثر قلبيه الله يلعن كورونا	Negative
2180	الله يلعن ابو ام الصين على ابو كورونا 💔💔💔💔💔💔💔💔💔💔💔💔💔💔💔💔💔	Negative
2181	الله يلعن كورونا خرب عليا سفري 😡😡😡😡	Negative
2182	بعض البشر قلوبهم تستحق وباء الكورونا ، أسبوع واحد كان كفيل يقنعك إن الإنسان لا بيرحم انسان، ولا طفل فقير، و لا مريض، ولا حتى حيوان أليف.	Negative
2183	الله يلعن كورونا واللي تسبب في كورونا	Negative
2184	لو ما أخذت ألعاب أختي الصغيرة ورميتها لا يكون اسمي رغد ولا بالمرة أرمي نفسي ، الله يلعن كورونا الله يلعن كورونا الله يلعن كورونا	Negative
2185	قالو الصين جواها ضحايا ده فيها فايروس كورونا قتال ،طب احنا عرفنا ليه نهاية يا موت ياعلاج يكون فعااللل لكن فيروسنا في صحابنا ملوش علاج طبع الاندااالل😢😢😢	Negative
2186	الله يلعن كورونا واللي جابه لنا 🙂	Negative
2187	@RAFEEF_alhafedh كورونا تزدادددد سوءاً والوفيات كثيرةةةة .. ساندونا ارجوكم🙏🙏💔💔✨  @AmmarTallal @layth1aldulaimi @Brothersirq نطالب بتاجيل موعد الامتحانات نحن طلبة السادس الاعدادي  #اباده_جيل_تنتهي_بالتاجيل #كورونا_تقتلنا_التاجيل_مطلبنا	Negative
2188	🔴#برج_بوعريريج #كورونا  #الممرض #كمال_معرف #في_ذمة_الله   المرحوم إنتقل إلى جوار ربه بعد #إصابته_بفيروس_كورونا  حيث كام يشتغل ممرض بقسم #الجراحة بمستشفى #بوزيدى_لخضر و رحل عن عمى عمر 51 سنة #إنا_لله_وإنا_إليه_راجعون #الجزائر #COVID19dz #Covid_19 #Algerie  https://t.co/ErnBQYIu5c	Negative
2189	الله يلعن كورونا والصين ويلعن المسافه  https://t.co/Km1ZCOvB5a	Negative
2190	@SPAregions الله يلعن كورونا الي فقر الشعب	Negative
2191	@Abdullr01303093 @i_stunning يووووه يالتمارين ، الله يلعن كورونا 💔💔💔💔💔💔	Negative
2192	@_MR32 الله يلعن الصين يلعن كورونا حبسنا بيوتنا	Negative
2193	@DiDinajo0 @YehiaSol @ScreenMix الله يلعن كورونا، كان جينا	Negative
2194	الله يلعن #كورونا و #الصين وربي مرضت 😫😫	Negative
2195	@Mohamedmoawad4e @KamelAhmed22 @mahakim74 @mhndabdelhakim @sherbinitch @AbdallahMoh32 فشخ يسطا والله⁦♥️⁩⁦♥️⁩ الله يلعن كورونا ⁦	Negative
2196	@fmsa__ الله يلعن كورونا و كل شي	Negative
2197	#فيروس_كورونا 🦠  تدهورت حيتنا نحن رجال فالم نجد مكان نذهب إليه 😞  #ريح_في_داركم 🏡 #COVID19dz ☣️ #الجزائر 🇩🇿  #وعينا_يحمينا 🗣 #الحجر_الصحي🧘‍♂️#كلنا_مسؤول ✊  #بيتك_حياتك 🚹 #حظر_التجوال_في_الجزائر 🚷	Negative
2198	الله يلعن الجامعة و الله يلعن الكورونا خلص عاد	Negative
2199	اصابة الوالد بفيروس كورونا  اللهم رب الناس اذهب الباس إشف أنت الشافي لاشفاء إلا شفائك شفاء لا يغادر سقما . اللهم اشف والدي وخفف عنه ما ألم به من السقم والمرض والبلاء وعافه من الوباء والجذام .الرجاء الدعاء الدعاء اللهم امين يارب اللهم امين يارب العالمين  https://t.co/fKiLah6Pj9	Negative
2200	بما إن حالات الكورونا بتزيد و داخلين علي مرحلة خطرة و فيه  إن فيه ناس بتستغيث إنها عندها كورونا و محدش بيسأل فيها و لسه في بيوتها  فا ياريت ننشر بروتوكول علاج الكورونا المتبع في مستشفى القصر العيني  وصلها لكل واحد مش قادر يروح مستشفي و مضطر يتعالج في البيت اللهم ارفع عنا البلاء  https://t.co/tHfUx5xNJ3	Negative
2201	انفصلت من وظيفتي الله يلعن كورونا ويلعن الصين	Negative
2202	الله يلعن كورونا من جميع النواحي🤲🏻 🦠.	Negative
2203	نظام فاسد اخطر من فيروس كورونا با 1400 مليار دولار علي الشعب الجزائري  https://t.co/pm71w0AbJ4	Negative
2204	الله يلعن الصين و كورونا و الخفاش	Negative
2205	الله لا يوفقك يا كورونا كانك خربت علينا كل شيييي	Negative
2206	الله يلعن كورونا اللي حرمنا من الاحتفالات 😔💔	Negative
2207	الله يلعن كورونا الله يلعن كورونا الله يلعنك ياكورونا	Negative
2208	الله يلعن كورونا والله ياخذ الصين.. #العيد_السبت  https://t.co/peqAfiCHgf	Negative
2209	#ايران_تصدر_كورونا_للخليج أي مواطن يسافر لإيران يعتبر خائن للوطن بغض النظر عن حمله للكورونا لأنه ذهب لدولة معادية وتدعم الارهاب ضد المملكة	Negative
2210	الله يلعن الحجر و يلعن كورونا.  https://t.co/qMNChH7OE3	Negative
2211	@Madina_Fly_News خطط قبل ما بخرج الحلوف لن حلوف الحراك مستمر حتى الحرية  #تروح_كورونا_زيدو_أنتوما⁩ ⁧#ما_تسكتوناش⁩  ⁧#الحرية_لمعتقلي_الرأي #توقفوا_عن_إستدعاء_النشطاء	Negative
2212	@itsASealDeal يلا حطو كل شي فيِّ 😢 #كورونا #سنموت_بعد_قليل #لا_داعي_للهلع	Negative
2213	قدر الله وماشاء فعل  تم تأكيد إصابة عيال عمي ( علي ومصطفى ) و ولد عمي ( احمد ) بفايروس كورونا  COVID-19  راجين منكم الدعاء لهم ولعمي وبنته بالشفاء  اللهم رب الناس اذهب البأس واشف انت الشافي لا شفاء الا شفاؤك شفاءً لا يغادره سقما.  #كورونا_في_الكويت	Negative
2214	@bader_alenzi_q8 اسألك ياحي ياقيوم أن تشفي هذا الرضيع وتطهر بدنه من الكورونا اللهم انك قلت وقولك حق ادعوني استجب لكم اللهم أني اضرع اليك أن تشفي هذا الصغير وترد اليه عافيته اللهم اكشف عنه المرض وأقر عيون والديه بشفاءه رب الناس اذهب الباس واشفي انت الشافي شفاءا لايغادر سقما	Negative
2215	#صدقه_جاريه 💔😢 وفاة علم من أعلام التلاوة في مصر والعالم الاسلامي صاحب الفضيلة الشيخ #محمدمحمودالطبلاوي أسأل الله ان يتغمده بواسع رحمته وان يلهمنا وأهله الصبر والسلوان ولا نقول الي ما يرضي ربنا إنا لله وإنا اليه راجعون #رامز_مجنون_رسمي #حظر_كلي #الحظر_الكلي #كورونا_الكويت  https://t.co/4QTK7SB4xL	Negative
2216	#جاك_كورونا جتني سخونه فقط ولما سويت المسحه طلعت سلبيه قلت خير والسخونه هذي اللي هدت حيلي ايش هي ؟ قالو انتي مخالطه لحالات مؤكده ؟ قلت اي ، قالو : اجل انثبري بالبيت 10 ايام وخلاص ، وانثبرت بالبيت شهرين وعالاعشاب وخافض الحراره والحمد لله عالعافيه 🥺	Negative
2217	بدكن احزاب اعملوا احزاب بدكن تقبضوا اقبضوا بدنا بس نشتغل بدنا تأمين لأهلنا ومدارس رخيصة لولادنا بدنا حياة كريمة. سرقتوا كتير ما عاد تفرق معنا بدنا تتركولنا شوي نشتري فيهن كرامة. #حزب_الله #ميشال_عون  #فيروس_كورونا  #بهاء_الحريري  #سعد_الحريري #جبران_باسيل #نبيه_برّي	Negative
2218	@ALJAN7X ان شاء الله يروح الكورونا :)💔	Negative
2219	#حيوان_المرموط احد ياكل هالكيوت 😪😓ما خلصنا من كورونا ما تنفسنا لسى من الخفاش وخرجولنا بهالمرموط 😭💔  https://t.co/StqGKKVzQ9	Negative
2220	انا مخالطة لحالتين كورونا مؤكدات، واشعر باعراض كورونا من ضيق تنفس والم وجفاف حلق ودوخه وعدم توازن وغيرها الا الحراره تواصلت مع وزاره الصحة ٤ مرات اترجاهم يسوون لي مسحه، ولا عطوني موعد، انا سويت واجبي تجاه هالجائحة باقي انتم @tfrabiah @SaudiMOH	Negative
2221	اللهم لا إعتراض على قضائك وقدرك،  تأكدت إصابت الوالد والحفيد محمد بفايروس كورونا اللهم يا مُنزل الشفاء و يارافع البلاء و يا مجيب الدُعاء ويا من تعيد المريض لصحته و يا من تستجيب دعاء البائس اللهم أشفيهم شفاء لايغادر سقمًا يارب  #كورونا	Negative
2222	الله يلعن كورونا و الحجر المنزلي 😔 @3omranbigo @ITS_MOSTANG @REXOM_666  https://t.co/Su4GlNPNUu	Negative
2223	اي شخص لايفصح عن سفره لايران خلال هذي المهله ( ٤٨ ساعة)  التي منحتها الدوله يعتبر متأمر على وطنه خائن وعميل     #الوطن_خط_أحمر 🇸🇦🇸🇦🇸🇦🇸🇦🇸🇦🇸🇦🇸🇦#ايران_تصدر_كورونا_للخليج	Negative
2224	الشعب الجزائري ⁦🇩🇿⁩والشعب المغربي ⁦🇲🇦⁩ خاوة خاوة والمحرضين هم العدو هم الخونة  #تروح_كورونا_زيدو_أنتوما  #توقفوا_عن_إستدعاء_النشطاء	Negative
2225	@100ii_ ليت الوباء يروح 😔!	Negative
2226	#كورونا الله يلعنك ويلعن الصين معاك ☹️💔	Negative
2227	#تركي_ال_الشيخ #اوقفو_اجتياح_كورونا #ردا_على_الكلب_البغيلى مصيبه كبيره  وشيكة الحدوث تخيلو لو واحد بس مصاب فى مترو هيعدي كام طب تخيل العربيات الاجره طب تخيل السفر ف القطاراتطب تخيل المصيبه ملايين الناس هتتصاب ف اقل من شهر والله البلد هتتحول لمقبره كبيره #اوقفو_مؤامرة_كورونا	Negative
2228	الله يلعن كورونا ويلعن الصين حسبي الله.  https://t.co/80iT1DbYYY	Negative
2229	الله لا يوفقك يا كورونا لادنيا ولا اخره	Negative
2230	اين بوتفليقة علاش حابين ينسونا فيه ؟ علاه مازالو فإقامة الدولة تع زرالدة؟ #تروح_كورونا_زيدو_أنتوما #توقفوا_عن_استدعاء_النشطاء	Negative
2231	@mmmnnn17 يارب يروح الوباء ونرجع فعلا لايامنا الطبيعيّة 😭❤️	Negative
2232	الله يلعن كورونا الله يلعن كورونا الله يلعن كورونا الله يلعن كورونا الله يلعن كورونا الله يلعن كورونا الله يلعن كورونا الله يلعن كورونا الله يلعن كورونا الله يلعن كورونا الله يلعن كورونا    اذا حتى مو قادرين نكون يم اقرب الناس يم اهلنا في العزا متى نكون اه الله يلعن كورونا	Negative
2233	@DinaaDandy97 الله يلعن ابو الكورونا والله 💔	Negative
2234	صرت استحي من صديقاتي! الله يلعن كورونا💔	Negative
2235	اني ارى ان تقاعس السلطات كان سببا في ارتفاع حالات الاصابة بفيروس كورونا في الجزائر و الذي وصل حسب اخر الاخبار الى 37 مصاب و 3 وفيات. كان وقف الرحلات مع الدول المنكوبة جد متأخر ما سمح بدخول افراد تحمل الفيروس للجزائر لم يتاخر الوقت بعد لاغلاق جميع المنافذ و تعليق كل الرحلات...كلها	Negative
2236	الله يلعن كورونا  الله يلعن الصين 🥺💔  والله الجماهير تستاهل تعيش هاللحظه  https://t.co/JIvcaHDwKn	Negative
2237	@i_fah90 @GUTAACH الله يلعن كورونا اللي خربت الجو	Negative
2238	مكالمة امس عبارة عن “الله يلعن الصين” “الله يلعن كورونا”😭😭😭😭😭	Negative
2239	#الطاعون_الدملي طيب خلونا نخلص اول من كورونا  https://t.co/ztODmJxnLp	Negative
2240	العصابة في #الجزائر أضاعت 3 أشهر من حياة المواطنين بتهورها؛ والكثير من الناس يحسون بخيبة الأمل بسبب تسييرها الكارثي.  العصابة بيها الحراك، ماشي كورونا. #ارفعوا_الحجر_السياسي #افتحوا_بيوت_الله	Negative
2241	- و إن فقدان الأخ وجع يقتص من عافية أخيه.💔  انتقل عمي إلى رحمة الله مساء الأمس متأثراً بإصابته بفايروس كورونا ، أسأل الله أن يتغمده بواسع رحمته و أن يلهم والدي الصبر و السلوان وأن يربط على قلبه .  https://t.co/pkjFvScbVk	Negative
2242	الله يلعن كورونا الي خلاك تغيب  https://t.co/PeuQZKdHQk	Negative
2243	الله يلعنك يا كورونا  الله يلعنك يا كورونا الله يلعنك يا كورونا	Negative
2244	كنا مبسوطين انه بيرجع البيت الله لا يوفقك يا كورونا	Negative
2245	المفروض اليوم first last day الله يلعن كورونا💔	Negative
2246	@iMarwan1977 @Q8Meteor الله يلعن كورونا ويعين الوالده 🤦🏻‍♂️	Negative
2247	هذا اللواء / عبدالله القحطاني من طريب محلل سياسي وعسكري وكلامه في الصميم ، وفعلا دول مثل البحرين والكويت والأمارات رغم قرب حكامها من السعودية ، إلا أنه تبين من خلال كورونا هشاشة وضعها مع إيران وضعفهم أمامها ، إلى درجة التواطوء مع الخونة وتهريبهم من وإلى إيران بأسلوب حقير وسخيف ،  https://t.co/pKNeKCoS8F	Negative
2248	اللهم إنك قلت وقولك الحق,أدعوني أستجب لكم اللهم اشفيها من كل ألم يرهقه اللهم البسه ثوب الصحه والعافيه اللهم اشفه شفاء لا يغادر سقما. اللهم يا من تعيد للمريض صحته ويا من تستجيب دعاء اليائسين اللهم اشفيها  شفاء لا يغادر سقما يارب العالمين.💔😣 #كورونا  #مساء_الخير  https://t.co/1i7HEF5hbq	Negative
2249	التخيل لحالو جبلي قشعريرة الله لا يوفقك يا كورونا  😭😭😭😭😭😭😭	Negative
2250	الله يلعن الخفافيش على ابو الصين على ابو الكورونا	Negative
2251	Peoples : أ Me : الله يلعن كورونا والصين	Negative
2252	هذا اللواء/عبدالله القحطاني من طريب محلل سياسي وعسكري وكلامه في الصميم،وفعلادول مثل البحرين والكويت والأمارات رغم قرب حكامهامن السعودية،إلا أنه تبين من خلال كورونا هشاشةوضعها مع إيران وضعفهم أمامها،إلى درجةالتواطوءمع الخونة وتهريبهم من وإلى إيران بأسلوب حقير،حسبناالله ونعم الوكيل  https://t.co/HlrUKESh0M	Negative
2253	الله يلعن الكورونا و اللي اكل الخفاش	Negative
2254	الله يلعن الصين ويلعن كورونا ويلعن التعليم عن بعد	Negative
2255	تذكروا جيدا هذه التغريدة  رجال الاعمال في الجزائر جمعوا للعهدة الخامسة لبوتسريقة 800 مليار أما الكورونا 0 دج. الشعب البسيط هو الذي بقي يتضامن مع بعضع البعض رجالات العار لا يمثلوننا #ريح_في_داركم #COVIDー19 #كورونا	Negative
2256	كمشة صعاليك الحكم، قصدي #الجنرالات_الخونة... #حرروا_المعتقلين #تروح_كورونا_زيدو_أنتوما #توقفوا_عن_استدعاء_النشطاء	Negative
2257	الكوادر الطبية تخسر الجراح الدكتور محمود عفتان الجنابي بعد صراع مع فايروس كورونا . تغمدهُ الله بوافر وأسكنه فسيح جناته رحمته وألهم أهله ومحبينه الصبر والسلوان. 💔😔 #لا_تقتلهم  https://t.co/vPUgPKuJGN	Negative
2258	#شيكابالا منظر_الحرم #اوقفو_اجتياح_كورونا #ردا_على_الكلب_البغيلى مصيبه كبيره  وشيكة الحدوث تخيلو لو واحد بس مصاب فى مترو هيعدي كام طب تخيل العربيات الاجره طب تخيل السفر ف القطاراتطب تخيل المصيبه ملايين الناس هتتصاب ف اقل من شهر والله البلد هتتحول لمقبره كبيره #اوقفو_مؤامرة_كورونا	Negative
2259	@yuli6_ اف وحشني كلشي الله يلعن كورونا	Negative
2260	الله يلعن كورونا الله يلعنه الله يلعنه حتى تقوم الساعة	Negative
2261	بما إن حالات الكورونا بتزيد و داخلين علي مرحلة خطرة و فيه بوستات كتيرة اليومين إللي فاتوا إن فيه ناس بتستغيث إنها عندها كورونا و محدش بيسأل فيها و لسه في بيوتها  فا ياريت ننشر بروتوكول علاج الكورونا المتبع في مستشفى القصر العيني الفرنساوي وصلها لكل واحد مش قادر يروح مستشفي و  https://t.co/jcdzhR4Pd2	Negative
2262	الله يلعن كورونا متى نحضر بالجوهرة💔💔😔   https://t.co/4iYPF7efMk	Negative
2263	#الجزائر_الجديدة لا تبنى ببقايا نظام فخامته , #العصابة مازالت اذا #الثورة_مستمرة  #الحراك ينقذ #الجزائر #حرروا_المعتقلين الابطال    #توقفوا_عن_إستدعاء_النشطاء #تروح_كورونا_زيدو_أنتوما  https://t.co/w6kqgmbNTU	Negative
2264	#حيوان_المرموط  اذكروا الله كورونا ماخلصنا منه ناوين علينا تمرمطونا☹️💔  https://t.co/FKzIPAtF8V	Negative
2265	@lanooo28848005 الله يلعن الصين ويحرق الكورونا 🙈🙈🙈	Negative
2266	"اللهمَّ ربَّ الناس، أذهبِ الباس، واشْفهِ وأنتَ الشافي، لاشِفاءَ إلا شِفاؤك، شِفاءً لا يُغادِرُ سَقَماً🍃 .. لا تنسوني وعائلتي والمسلمين من الدعاء بالشفاء من فيروس كورونا.. .. وكل من أرسل وسأل، أُطمئنكم أننا بخير ولله الحمد🌱 واستبيحوني عذراً في عدم استطاعتي الرد على الجميع :"""	Negative
2267	@bandar1Cr جداً والله ، الله يلعن الكورونا	Negative
2268	هذا اللواء / عبدالله القحطاني من طريب محلل سياسي وعسكري وكلامه في الصميم ، وفعلا دول مثل البحرين والكويت والإمارات وعمان رغم قرب حكامها من السعودية، إلا أنه تبين من خلال كورونا هشاشة وضعها مع إيران وضعفهم أمامها ، إلى درجة التواطوء مع الخونة وتهريبهم من وإلى إيران بأسلوب حقير ،  https://t.co/jjyYehweN5	Negative
2269	الله يلعن كورونا … كرهتت غرفتي 🦦	Negative
2270	@pandaa_dono @iAzzamX الله يلعن كورونا ماسوا خير والله	Negative
2271	الله يلعن كورونا اللي حرمتني من البست 💔💔💔  https://t.co/zenG5giuHw	Negative
2272	@RMN2662 قريتها حجر .. الله يلعن كورونا  https://t.co/hrJIRAU0Yj	Negative
2273	@A7meda7es هعيط والله .. الله يلعن الكورونا  💔😢	Negative
2274	@Leo_al_Toros @PiqueWine صدق الله لا يوفقك ي كورونا💔💔💔.	Negative
2275	@geminiguurl الله يلعن كورونا صار بس جالس بالحوش	Negative
2276	تروحو قلنا تروحو #الحراك_مستمر #الحرية_لمعتقلي_الرأي #تروح_كورونا_زيدو_أنتوما #توقفوا_عن_استدعاء_النشطاء	Negative
2277	@3boodhootii اشتقتلك والله يالغالي💔 الله يلعن كورونا	Negative
2278	@JAlibrahimi اللهم اسألك الشفاء لكل روح عجزت عن النوم بسبب المرض  ربي ارح ثم هون ثم اشفي كل نفس لايعلم وجعها إلا انت  انك على كل شي قدير اللهم ان طال بنا الداء ودعوتك طلبا للشفاء فلا ترد لي دعاء  اللهم أشفنا وبث في جسدنا عافيه لايتبعها أذى وألم💔  نسألكم الدعاء لجميع المرضي خاصة مرضي كورونا	Negative
2279	طيب انا اشتقت لكل هذا الله يلعن كورونا	Negative
2280	#ايران_تصدر_كورونا_للخليج  المفروض اللي يسافرون لإيران مايدخلون السعودية لانهم خونه أعداء الوطن والإسلام 😒🔪	Negative
2281	@1loveA_ @_3urv @RR4sh8 الله يلعن ام كورونا	Negative
2282	هذا اللواء / عبدالله القحطاني من طريب محلل سياسي وعسكري وكلامه في الصميم ، وفعلا دول مثل البحرين والكويت والأمارات رغم قرب حكامها من السعودية ، إلا أنه تبين من خلال كورونا هشاشة وضعها مع إيران وضعفهم أمامها ، إلى درجة التواطوء مع الخونة وتهريبهم من وإلى إيران بأسلوب حقير  https://t.co/dO2v3z7T9J	Negative
2283	@Gorgeous_ew الله يلعنك يا كوفيد ١٩  https://t.co/d4MoQXUhEW	Negative
2284	الله يلعن الصين الله يلعن الصين الله يلعن الصين الله يلعن الصين الله يلعن الصين و الله ياخذ كورونا	Negative
2285	@mhm0509 اهم شي الوباء يروح😰	Negative
2286	@isirTr الله يلعن كورونا  الله يلعن كورونا	Negative
2287	نعزي الاسرة الفنية وجمهور الفنان مهدي الحسيني بعد اصابته بڤايروس كورونا إنا لله وإنا اليه راجعون 💔💔💔يارب يُلهم اهله الصبر والسلوان  https://t.co/ID2OmCBfjU	Negative
2288	@11mjdd والله اكثر ياخوي الله يلعن كورونا💔💔	Negative
2289	@what7aboutit الله يلعن كورونا الي طلع اشكالك	Negative
2290	الله يلعن الكورونا و يلعن الدنيا دي	Negative
2291	@radioalgerie_ar @DiiDesertEnergy بروبكندا قذرة رخيسة من نظام شمولى متعفن هدفها لتبيض صورة لمسؤولين فاسدين ناهبين في عز الفيروس و في عز الازمة يخرج علينا العسكر و إعلامه المؤجور المرتزق الاكاذيب و الترهات لم تحقق طيلة 20 سنة فقط   عندما كان البترول 100 دولار البرميل يتحقق اليوم مع مجرمين فاسدين ناهبين حتى النخاع	Negative
2292	@star_r21 يارب كورونا يروح 😔😔😔😔	Negative
2293	@zainms22 اخخخخخخ الله يلعن كورونا حرمتنا لذه الحياه 🥺	Negative
2294	@therachellekayr شعب ما بينعطى وج 😢😤  #كورونا #سنموت_بعد_قليل #لا_داعي_للهلع	Negative
2295	الدعم للأخ من فضلكم #توقفوا_عن_استدعاء_النشطاء  #تروح_كورونا_زيدو_نتوما	Negative
2296	متى كورونا يروح ويشوفون الفانز 😔 https://t.co/yGRJgAx7nz	Negative
2297	دستور يفصله رفاق بوتفليقة المخلصون و الاوفياء له ليعرضوه على برلمان بأغلبية موالية لبوتفليقة  #تروح_كورونا_زيدو_أنتوما  #توقفوا_عن_إستدعاء_النشطاء	Negative
2298	@_sha666 @walid4_sheikh الله يلعن الكورونا ويلعن اللي جابها 🥺.	Negative
2299	#انا_عقود_اين_الوعود  هناك فيروس كورونا يفتك بالعالم وفي الجزائر فيروس التهميش والتماطل يفتك بعمال عقود ماقبل التشغيل.	Negative
2300	@ill5ll7 اه يا سميتي الله يلعن كورونا.	Negative
2301	سيادة الرئيس تبون وحكومة السيد جراد نريد ترسيم عقود ماقبل التشغيل نحن لنا الله لا أحد  يعير لنا انتباه نتعذب في صمت نحن هم عمال الظل في مناطق الظل  أرجوكم الكورونا من ورائنا ومستقبل مجهول من أمامنا ونحن خريجو جامعات وأرباب أسر أنقضونا قبل ان ننقرض#انا_عقود_اين_الوعود	Negative
2302	اللَّهُمَّ رَبَّ النَّاسِ أذْهِبِ البَاسَ، اشْفِهِ وأَنْتَ الشَّافِي، لا شِفَاءَ إلَّا شِفَاؤُكَ، شِفَاءً لا يُغَادِرُ سَقَمًا  دعواتكم للشيخ عبدالله المصلح أسأل الله أن يشفيه شفاء لايغادر سقما🤲 ظهرت إصابته بفايروس كورونا أرجوكم الدعاء له بظهر الغيب حفظه الله لأهله ومحبيه  https://t.co/C1ZQMW3suO	Negative
2303	لن ننسى من ادخل الوباء من عقر داره لن ننسى يا كلاب #توقفوا_عن_استدعاء_النشطاء #تروح_كورونا_زيدو_أنتوما  https://t.co/HMbJv60uMR	Negative
2304	@Art77albb على حظي للاسف الله يلعن كورونا 💔💔	Negative
2305	@S_Alshdadi الله يلعن كورونا كنّا ننتظرها في جدة 😭	Negative
2306	#JusticeForZohra بعض البشر قلوبهم تستحق وباء زي الكورونا والله، أسبوع واحد كان كفيل يقنعك إن الإنسان لا بيرحم حيوان، ولا طفل فقير، ولا حتى حيوان أليف ومسالم عايش في طبيعته من غير أذي  https://t.co/lhDEtAI4AX	Negative
2307	@PauDybala_JR الله يلعن كورونا اللي خلاك غبي	Negative
2308	🔴  اخونا عبدالله الظفيري تمت اصابته بفيروس كورونا مؤخراً .. نسألكم الدعاء له ولجميع المرضى ..  اللهم رب الناس أذهِب البأس ، أشف أنت الشافي لا شفاء إلا شفاءك ، شفاء لا يغادر سقماً ..  https://t.co/9Jo6C3ZMIM	Negative
2309	اصيب اخي وصديقي سيف العبدالهادي بڤايروس كورونا دعواتكم له يا اخوان   يارب اللهم أسألك بإسمك الأعظم وجهك الأكرم يامن تعيد للمريض صحته ويامن تستجيب دعاء المريض اللهم اشفي سيف فأنت أعلم بحاله ورد إليه عافيته وخفف عن ألمه ، اللهم انت الشافي المعافي يارب،اشفه وعافه مما فيه  https://t.co/uV3bDvr31A	Negative
2310	@og8_i يروح الوباء ونرجع لحياتنا الطبيعية😔	Negative
2311	الله يلعن كورونا حرمنا من هالمناظر  https://t.co/3huFuGI46A	Negative
2312	@Hawra_Majed اخخخ ايامممم الله يلعن كورونا 💔	Negative
2313	@CelebsArabicII الله يلعن ام الحاله و يلعن كورونا كمان	Negative
2314	الله يلعن الكورونا والصيني الي اكل الخفاش	Negative
2315	الله يلعن كورونا ويلعن اللى كان السبب فيه	Negative
2316	الله يلعن كورونا و يلعن الصين اشتقت لاخوياي 💔💔💔💔	Negative
2317	#ساعه_استجابة لا تنسون الدعاء لكل مريض مصاب بـ #فيروس_كورونا إلهي أذهب البأس ربّ النّاس اشف وأنت الشّافي لا شفاء إلا شفاؤك شفاءً لايغادر سقماً اللهمّ إنّي أسألك من عظيم لطفك وكرمك وسترك الجميل ان تشفي كل مريض #كورونا_الجديد  #كوفيد_19  #رمضان_كريم   #العشرة_الأواخر  https://t.co/ylQf5w7g4T	Negative
2318	#حيوان_المرموط ماجاب فينا العيد الا فلسفتهم اليوم كورونا وبكرا مرموط🙂💔	Negative
2319	@MikeyDeGuddess @2sllo2 متى يروح كورونا 🥺	Negative
2320	👈 كلامه في الصميم ،  وفعلا دول مثل البحرين والكويت والأمارات رغم قرب حكامها من السعودية ، إلا أنه تبين من خلال كورونا هشاشة وضعها مع إيران وضعفهم أمامها ، إلى درجة التواطوء مع الخونة وتهريبهم من وإلى إيران بأسلوب حقير ، حسبنا الله ونعم الوكيل  https://t.co/dvxqyFGLW4	Negative
2321	#Hirak ✌🇩🇿 #توقفوا_عن_إستدعاء_النشطاء #تروح_كورونا_زيدو_أنتوما #حرروا_المعتقلين يا خونة عهد الشهداء  https://t.co/rfD5q7feHy	Negative
2322	5 جامعات عالمية في مرحلة التجارب النهائية لإنتاج لقاح فيروس كورونا  110 جامعة جزائرية تطالب بإلغاء السداسي الثاني  #فيروس_كورونا  #الجزائر	Negative
2323	@1ubna @1JAE11 @Milan_A1994 اهخ الله يلعن كورونا و حزب التبن 🌚💔	Negative
2324	اكتشفت انه لو كان ابوي موجود كان انا صاحيه من زمان بس ! ، الله يلعن كورونا الله يلعن كورونا الله يلعنه!!!!!!!!!	Negative
2325	الله يلعن الصينيين و يلعن كورونا دي	Negative
2326	@R_74n متى يروح الكورونا 😭😭💔  https://t.co/Y5XsfwEt8K	Negative
2327	الله يلعن كورونا الله يلعن الصين زقت معاي قسم بالله	Negative
2328	بعض البشر قلوبهم تستحق وباء زي الكورونا والله، اسبوع واحد كان كفيل يقنعك ان الانسان لا بيرحم حيوان، ولا طفل فقير، ولا الكوكب نفسه، ولا حتى حيوان اليف ومسالم عايش في طبيعة خالقه في سلام  منقول	Negative
2329	@__ix60 @A0Sll2 اه الله يلعن كورونا صدق	Negative
2330	@gsaksa الله يلعن كورونا ويلعن ايران معها	Negative
2331	#ايران_تصدر_كورونا_للخليج لعنت الله عليهم وعلى الي يسافر لهم  الفرس المجوس المجرمين واي سعودي يسافر لهم بالسر المفروض يشنق  لانه خاين لبلده	Negative
2332	@El_Bilade اهم مخرجات هو رحيل كل رموز الفساد و كل عصابة بوتفليقة و جنرالات سراقين  #تروح_كورونا_زيدو_أنتوما  #حرروا_المعتقلين  #توقفوا_عن_إستدعاء_النشطاء	Negative
2333	@HAWRA_1423 اي والله 😭😭😭💔 ، الله يلعن كورونا بس.	Negative
2334	#رجال_الاهلي_نثق_بكم #اوقفو_اجتياح_كورونا #ردا_على_الكلب_البغيلى مصيبه كبيره  وشيكة الحدوث  تخيلو لو واحد بس مصاب فى مترو هيعدي كام طب تخيل العربيات الاجره طب تخيل السفر ف القطارات طب تخيل المصيبه ملايين الناس هتتصاب ف اقل من شهر والله البلد هتتحول لمقبره كبيره  دي مؤامره	Negative
2335	كان باقيلنا انجأ شوي من صحّتنا بهالبلد الزفت من بعد ما اجت كورونا ضاقت بعينكن جبتولنا انفجار كمّل علينا...يلي ما عطل هم شعبوا عم بموت كل يوم ١٠٠ مرة ما يضحك علينا بالفراغ انقبروا فلّوا انقبروا حلّوا عن سمانا عم نخسر عالم ضفر اجرا بتسوى رقابكن لك استحوا يا بلا شرف عبّاد الكراسي	Negative
2336	#توقفوا عن استدعاء النشطاء#  #تروح_كورونا_زيدو_نتوما # #الحرية_لمعتقلي_الرأي #	Negative
2337	@N_Q_8_ @Kuniv_F @Skuniv_q8 @edu42aa @kuniv_professor @kunivT_ @KUNIV_A2 @kuniv_29 الله يلعن الكورونا	Negative
2338	@I___10A تخرج بريال الله يلعن كورونا 😭	Negative
2339	#كلمة_الملك_سلمان  #اوامر_ملكية   هذا اللواء / عبدالله القحطاني  محلل سياسي كلامه في الصميم ، وفعلا بعض دول الخليج  رغم قرب حكامها من السعودية ، إلا أنه تبين من خلال كورونا هشاشة وضعها مع إيران وضعفهم أمامها ، إلى درجة التواطؤ مع الخونة وتهريبهم من وإلى إيران بأسلوب حقير  https://t.co/D2DzVSrd3E	Negative
2340	@H_M_B_MADINA @dralghanim @wajab92 @monther72 @naif4002  السلام عليكم أرجو الدعاء لزوجتي بالشفاء العاجل مما ألم بها من مرض #كورونا أسأل الله العظيم رب العرش العظيم أن يشفيهاوأن يجمع لها بين الأجر والعافية اللهم رب الناس أذهب الباس واشف أنت الشافي لاشفاء إلاشفاؤك شفاءلايغادرسقما	Negative
2341	@Fakesaintt بدي روح بس الله يلعن كورونا	Negative
2342	#كورونا  بعض البشر قلوبهم تستحق وباء زي الكورونا والله ، أسبوع واحد كان كفيل يقنعك أن الإنسان لا يرحم حيوان ، ولا طفل فقير، ولا الكوكب نفسه، ولا حتى حيوان أليف مسالم عايش في طبيعة خالقه في سلام 😓😓  https://t.co/PR10dMjjpj	Negative
2343	ربي قد اصابهم الوباء وانت رب هذا الوباء فاشفيهم وعافيهم وزدهم قوة اللهم لا تختبر صبرنا في صحة من نحب اللهم أشفيهم انت الشافي لا شفاء إلا شفاؤك  اللهم استودعتك أغلى الغاليين فتولاهم برحمتك وعنايتك ولطفك واشفهم شفاء لايغادره سقماً  🙏  ياالله 🙏 اسألكم الدعاء #كورونا_في_العراق  https://t.co/9E3nk8mHuF	Negative
2344	الله يلعن الصين و كورونا و شركة ال⚡️ و اللي في بالي و قردوغان و إيران و بادكرور و دندرمة و البساس و الحنشات و المنافقين لعنة أهل الأيكة 🤬🙄💅🏼	Negative
2345	بعض البشر قلوبهم تستحق وباء زي الكورونا، أسبوع واحد كفيل بأن أقنعني إن الإنسان لايرحم حيوان ولا طفل ولا أي حاجة ولا حتى يرحموا أنفسهم..	Negative
2346	الله لا يوفقك يا كورونا ابي اخذ صيفي 💔	Negative
2347	@radioalgerie_ar يسقط نظام فاسد و مستوردين كورونا من جنرالات حزب فرنسا و عصابة تبون  https://t.co/38b7LTQ74G	Negative
2348	@4Wj06 الله يلعن كورونا اللي حرمتني من اغانيك🥺	Negative
2349	الله يلعن كورونا وابو اللي جاب الكورونا  https://t.co/qUCAnyOqTH	Negative
2350	@SaudiMOH يا وزارة الصحة انا حسيت باعراض كورونا و سويت مسحة ماطلعت النتيجه الا بعد 10 ايام اتصلو علي قالو النتيجه ايجابيه صباح الخير خالطة و خفة الاعراض و العائله عندي مصابين و حاجرين انفسنا و الحين ابي اسوي للعيالي مسحة كل مارحة مركز يقولون لازم موعد عن طريق التطبيقات كل التطبيقات ماتقبل	Negative
2351	@ia3ill الله يلعن كورونا كان طلعنا واحتفلنا😣	Negative
2352	الله يلعن الصين ويلعن كورونا اللي حرمنا من كل شي	Negative
2353	إلى تجار لبنان و خاصةً المواد الغذائية... أنتم أوسخ و أحقر و أنذل من فيروس كورونا بلا أخلاق و بلا ضمير!!! #شحادين_ببلدنا	Negative
2354	-05 جامعات عالمية في مرحلة التجارب النهائية لإنتاج لقاح لفيروس كورونا. و 50 جامعة جزائرية تطالب بإلغاء السداسي الثاني.	Negative
2355	@assinpai صدق الله يلعن كورونا متى نفتك 😭	Negative
2356	الله يلعن امك من كورونا ويلعن ابو الصين	Negative
2357	هذا اللواء / عبدالله القحطاني محلل سياسي وعسكري وكلامه في الصميم،وفعلا دول محسوبة علينا انها شقيقة ورغم قرب حكامها من السعودية ،إلا أنه تبين من خلال كورونا هشاشة وضعها مع إيران وضعفهم أمامها ، إلى درجة التواطوء مع الخونة وتهريبهم من وإلى إيران بأسلوب حقير ، حسبنا الله ونعم الوكيل  https://t.co/UvF53n9aih	Negative
2358	@mvbxs اخخ بس الله يلعن كورونا بس 🥺	Negative
2359	"#سنة1442  بقلوب مؤمنة بقضاء الله وقدره .. انتقل إلى رحمة الله فجر اليوم حبيبي وسندي وتاج راسي واحد بابي الجنةفي هذه الدنيا💔  والدي أحمد الحجوري بسبب إصابته بي #كورونا ** رحمه الله رحمة واسعة واسكنه فسيح جناته **.          والهمنا الصبر والسلوان "" إنَّا لله وإنا إليه راجعون """	Negative
2360	الله يلعن كورونا اللي حرمتنا منك ياهلااال 😭😭😭😭💙💙💙💙💙	Negative
2361	لا مفر من كورونا سوى بمغادرة الكوكب 😷	Negative
2362	ان شاء الله يروح الكورونا بس مايروح الحجر 🌚💔.	Negative
2363	@re____112 @hfrmoh وهذا اللي صار معي اليوم رحت للمركز التابع لنا وقالو اعراضي اعراض كورونا ولازم اسوي مسحه وحولوني لمركز الامير سلطان بالسليمانيه وقالت اذا مافيك ضيق تنفس مانسوي مسحه قلت جتني حراره وعظامي والان فاقده الشم والذوق عطتني ادول وقالت روحي علشان كذا الحالات يسجلونها باقل	Negative
2364	الله يلعن كورونا الي حرمتنا منكم @ManUtd_AR  https://t.co/DDPpAYukea	Negative
2365	@samyaaldigo ماقول غير الله يلعن كورونا والصين	Negative
2366	"الله لا يوفقك يا ""كورونا"" شو عملت فينا 😫😫 #REGEMemes #GT MORE:  https://t.co/6leKizgT7j  https://t.co/beBdNkkGtM"	Negative
2367	نعم الإدماج دون قيد أو شرط اهلكتنا #كورونا الإدارة في #الجزائر #انا_عقود_اين_الوعود	Negative
2368	@GRIZZ3N @3looyh97rm الله يلعن كورونا .. ويش	Negative
2369	@llyx60 مسساء النور ' الله يلعن كورونا	Negative
2370	@_HAx99 الله يلعن كورونا اللي فرقنا 💔	Negative
2371	#انا_عقود_اين_الوعود  لغز العالم ليست كورونا !   لغز هو عمال عقود ما قبل التشغيل  😯 لا تستغربو بمرسوم تنفيذي (ينفذ) ان لا يطبق 7اشهر بعد صدوره🤔 وزير يقول  ما لا يفعل تراوغات تجاوزات لعب بمشاعر نصف مليون شاب#انا_عقود_اين_الوعود حسب ما أعتقد الكورنا ارحم من مسؤول جزائري	Negative
2372	@AJELNEWS24 لا لا يارب يروح الوباء وترجع الحياه زي قبل 😭	Negative
2373	@llli_80_ والله صادقه الله يلعن كورونا بس 😔💔  https://t.co/jhGGodUqGj	Negative
2374	الله يلعن كورونا مليون مره الله يلعنها🙂🙂	Negative
2375	@18andrecarrillo الله يلعن الكورونا والصين اللي حرمتني شوفتك بالملعب 💔	Negative
2376	نظام فاسد في أحط دركات البدائية، ينتقمون من النشطاء في عز جائحة كورونا،و لا شيء سيوقف حراك الجزائر #الحراك_مستمر #تروح_كورونا_زيدو_أنتوما	Negative
2377	@iirrama لا غلطانة  قولي الله يلعن كورونا	Negative
2378	5 جامعات عالمية في مرحلة التجارب النهائية لإنتاج لقاح ضد كورونا، 110 جامعة جزائرية تطالب بإلغاء السداسي الثاني🤦🏻‍♀️🤦🏻‍♀️	Negative
2379	@radioalgerie_ar @entv_dz هذا هو الرسمي  #كورونا_فيروس  ياصحافة العار والتضليل والكذب والنفاق انتم في القائمة السوداء التي يكتبها الشعب كل يوم وهذا هو الواقع المر ياعبيد الجنرالات الفاسدين حطموا البلاد والعباد #الجزائر  #Algerie  https://t.co/bd7ueNtN5r	Negative
2380	@MajedAlharthiMD الله يلعن كورونا حرمنا كل متع الحياة	Negative
2381	الله يلعن كورونا اللي مابتخليني اشوفها 😭	Negative
2382	سيدي الرئيس أين الوعود أين محاضر التنصيب الكل رأيته إلا نحن عقود ماقبل التشغيل هل نحن من هذا البلاد أم غرباء نعمل في الصحة في جائحة كورونا الكل أخذ منحة التي وعدت إلا نحن نعمل ونسكت لامنحة لامحضر تنصيب العمل والظلم أين هي جزأئر الجديدة التي وعدتنا بيها	Negative
2383	#ايران_تصدر_كورونا_للخليج اللي راحو لاايران وهي دوله معاديه يعتبرون خونه لازم يتحقق معهم	Negative
2384	من شعارات #الجمعه 57 بوصبع اتخلعت😨😆 ياو قلنا #والله_مانا_حابسين  #Alger #الحراك_مستمر  #تعليق_المسيرات_والحراك_مستمرة   #ريح_في_داركم  #Covid_19  #StayHome  #الحراك_الشعبي يحارب #كورونا  https://t.co/dhBx78b4sM	Negative
2385	@sabineyoussef86 انا ما عم افهم الشعب اللبناني ابدا والسياسيين كمان كانو عم يطالبو باعلان حالة طوارئ بسبب الكورونا لما القوى الامنية بلشت تزيل الخيم الثوار متل ما بسمو حالن بساحة الشهداء بتقوم القيامة انو شو بدكم يصير فيكن متل ايطاليا يا كلاب ما افهموا انو الفيروس ما بفرق حدا	Negative
2386	@SAAD_SS_111 اخخ ودي في ابها الله يلعن كورونا 😩💔	Negative
2387	@M2noo2 @SaudiNews50 كل العالم كورونا .. لا مفر 😞	Negative
2388	#كورونا كرر الدعاء 3 مرات   اللَّهُمَّ رَبَّ النَّاسِ أَذْهِبْ الْبَاسَ اشْفِهِ وَأَنْتَ الشَّافِي لَا شِفَاءَ إِلَّا شِفَاؤُكَ شِفَاءً لَا يُغَادِرُ سَقَمًا  الله يشفي خالي وعايلته ومرضى المسلمين	Negative
2389	الاسبوع ده الناس في كل حتة في الدنيا مكنش ليها سيرة غير ٣ جرايم.  بعض البشر قلوبهم تستحق وباء زي الكورونا والله، اسبوع واحد كان كفيل يقنعك ان الانسان لا بيرحم حيوان، ولا طفل فقير، ولا الكوكب نفسه، ولا حتى حيوان اليف ومسالم عايش في طبيعة خالقه في سلام  https://t.co/UWvtgzBczx	Negative
2390	#دولة_مدنية_ماشي_عسكرية لن نستسلم ولن نركع #حراك_مستمر #فاصل_ونواصل    #حرروا_المعتقلين_ماباعوش_الكوكايين #واقمعونا_جموعا_فلا_خنوعا #تبون_المزور_جابوه_العسكر #تروح_كورونا_زيدو_أنتوما  #HIRAK_ALGÉRIE  #Yetnehaw_ga3 #Ils_Dégagent_Tous #Remove_Them_All  https://t.co/ovKaY0SbY5	Negative
2391	في الجزائر الجديدة يا تعيش مذلول كي كلب و تمشي مع القطيع و تسكت يا يحرمو عليك عيشتك حسبنا الله و نعم الوكيل والله ماناحابسين           #الحرية_لمعتقلي_الرأي #توقفوا_عن_استدعاء_النشطاء #تروح_كورونا_زيدو_أنتوما	Negative
2392	ليس عدلا أن تموت طبيبة في عز شبابها وهي حامل وتضحي بنفسها😢😢 من أجل حلوف غبي يدير لاشان على زلابية و يقولك الكورونا دارتها الدولة  اما علي مدير المستقى فهو السبب الاول و الاخير في موتها ...  شهيدة الواجب 😥ربي يرحمها 🙏💔	Negative
2393	الله يلعن الكورونا ويلعن التعليم عن بعد.	Negative
2394	الله يلعن كورونا والصين وكل الناس الزق	Negative
2395	@meme__2340 الله يلعن الكورونا حرمنا منهم 💔	Negative
2396	#هنعمل_من_كورونا_مكرونه منظر_الحرم #اوقفو_اجتياح_كورونا #ردا_على_الكلب_البغيلى مصيبه كبيره  وشيكة الحدوث تخيلو لو واحد بس مصاب فى مترو هيعدي كام طب تخيل العربيات الاجره طب تخيل السفر ف القطاراتطب تخيل المصيبه ملايين الناس هتتصاب ف اقل من شهر والله البلد هتتحول لمقبره كبيره	Negative
2397	@mx3911 ليت الوباء يروح ياااارب	Negative
2398	اسأل الله الكريم  رب العرش العظيم أن يشفيك اذهب البأس رب الناس ، اشف و أنت الشافي ، لا شفاء إلا شفاؤك ، شفاءً لا يغادر سقماً ..   نسال الله ان يشفيه ويعافيه بهذا اليوم الفضيل   @ssaa13505 بعد  اصابته ب #فيروس_كورونا  وباذن الله صحته بتحسن  https://t.co/XNE69wDxtz	Negative
2399	الخونه الي راحوا عندهم اخس واقذر من ايران نفسها #ايران_تصدر_كورونا_لبلادنا	Negative
2400	اللواء/عبدالله القحطاني محلل سياسي وعسكري وكلامه في الصميم ، وفعلا دول مثل البحرين والكويت والأمارات رغم قرب حكامها من السعودية، إلا أنه تبين من خلال كورونا هشاشة وضعها مع إيران وضعفهم أمامها، إلى درجة التواطؤ مع الخونة وتهريبهم من وإلى إيران بأسلوب حقير، حسبنا الله ونعم الوكيل  https://t.co/wAFDUqMA22	Negative
2401	@News_Ejazah لا يارب يروح الفيروس 😭😭😭💔	Negative
2402	ان شاء الله كورونا يحكم جنرالات سراقين و تبون كلب نظام فاسد  https://t.co/LfOuI4Zfha	Negative
2403	هذا اللواء / عبدالله القحطاني من طريب محلل سياسي وعسكري وكلامه في الصميم ، وفعلا دول مثل البحرين والكويت والأمارات رغم قرب حكامها من السعودية ، إلا أنه تبين من خلال كورونا هشاشة وضعها مع إيران وضعفهم أمامها ، إلى درجة التواطأ مع الخونة وتهريبهم من وإلى إيران بأسلوب حقير ،  https://t.co/K3adTdbTX2	Negative
2404	الله يلعن كورونا والي صنع كورونا خلااااااااص	Negative
2405	الله يلعن الكورونا الله يلعن الجامعة اللبنانية الله يلعن يلي حرمنا الصيفية	Negative
2406	يا عمي نحن بشر بلبنان او برغش ؟؟؟؟ لك صرلنا سنة عم نقلكن فلوا يا زعران و صرلنا شهر عم نلملم القتلى و الجرحى من ورا فسادكن .... و هلق عم تفكرو ترجعو تقسموا الحكومة على قياسكن ... ولك تفو عليكن و على الشعب يلي بعدو بزقفلكن   #كورونا  #Beirut  #لبنان_الامل_الدائم  #لبنان	Negative
2407	الله يلعن كورونا و يلعن عن بعد بعد	Negative
2408	@theAFCCL_ar الله يلعن كورونا اللي علمتك اسيا	Negative
2409	#الكورونا و زدتونا نتوما #اتصالات_الجزائر_وكيلكم_ربي	Negative
2410	#ايران_تصدر_كورونا_للخليج الله يلعن ايران واذناب ايران ويلعن @rterdogan_ar معهم	Negative
2411	انضبوا بلبيت نضبينا و قلنا هيدا صح كرملنا و كرمال ولادنا قعدوا العالم بلا شغل سكتنا هلاء ما عاد في اكل بلبيوت من وين بيجيبوا يطعموا ولادهم الجيش عم يوزع صح بس لناس و ناس كلو مصالح بدنا العالم تكون سواء بكل شي بدنا حل سريع لهيك وضع #طرابلس #كورونا #اعزل_نفسك	Negative
2412	#للأسف وصل الأمر بالبعض لحد التمني بفشل إكتشاف دواء #الكورونا، لأن الأمر يتعلق بمجموعة باحثين جزائريين و عراقيين،. بل وصل الأمر بمواطنين جزائريين يتمنون أن تكون فرنسا السباقة لإكتشاف العلاج قبل الجزائر، ليستهزؤوا بعلمائنا و ينشرو كل ما هو سلبي لدى الشخص الجزائري. هم أبناء فرنسا	Negative
2413	@BenzianiF هههه يسقط نظام فاسد من بوتفليقة بوشريطة الي بوكريشة حمار وحشي قائد صالح كلب عصابة حزب فرنسا الي تبون كورونا  https://t.co/5ap86vft5D	Negative
2414	🔴#وفاة_البروفيسور_سي_احمد  البروفيسور سي أحمد رئيس مصلحة الجراحة العامة سابقا بمستشفى البليدة في ذمة الله بعد معاناته مع فيروس كورونا.. رحمه الله وأسكنه فسيح جنَّاته..  قامة علمية من أفضل الأطباء الذين أنجبتـهم الجزائر.  يرحل الأبطال من ميدان المعركة إنا لله وإنَّا إليه راجعون	Negative
2415	يا درى! يا بوصبع لزرڨ لقاو الأموال المنهوبة ولا مازال؟ #توقفوا_عن_إستدعاء_النشطاء  #تروح_كورونا_زيدو_أنتوما	Negative
2416	@17xlii اخخ ودي اروح الحين الله يلعن كورونا	Negative
2417	الله يلعن كورونا الي بعص علي حياتي	Negative
2418	"تتقدم إدارة فريق ""وطن التطوعي"" بأصدق الدعوات لزملائنا  أ / فهد بن حمد العمري  أ / وفاء بنت محمد الغنيم  وذلك لإصابتهما بـ فيروس كورونا نسأل الله لهما الشفاء بالقريب العاجل. 🌿  ((اللهم رب النَّاسِ أذهب الْبَاسَ اشْفِهِما وانت الشافي لَا شفاء إِلا شفائك شِفَاءً لَا يغادر سَقما))"	Negative
2419	اللهم رب الناس أذهب البأس ، اشف انت الشافي لا شفاء إلا شفاءك ، شفاء لا يغادر سقما  🤲  #لتفادي_الكورونا_نعمل	Negative
2420	@RVPS3D @INedvedI @_KOFan الله يلعن الكورونا بس	Negative
2421	ياليت يعيدوهم لأيران هؤلاء خونة لايستحقوا العيش على هذه الارض#إيران_تصدر_كورونا_للخليج	Negative
2422	بنرجع بنقول الله يلعن كورونا ويلعن الصين	Negative
2423	الله يلعن ام الصين على ابو الصين على ابو الصينيين على ابو كورونا اقسم بالله خلااص خلااااااص @china	Negative
2424	طفلة صغيرة قررت ان تمنح فرصة ثانية لطائر ان يشعر بحريته، لكن ابى البشر انهم يسمحوا بهذا.. وكانت النتيجة ان  تفقد حياتها بكل قسوة..  بعض البشر قلوبهم تستحق وباء مثل الكورونا.. شهر واحد كان كفيل بأن يقنعك ان الانسان لا يرحم حيوان.. ولا طفل فقير.. ولا الكوكب نفسه.. ولا حتى حيوان	Negative
2425	الله يلعن كورونا يا انها بتفرقنا الزق.	Negative
2426	@YoxsF أشتقت للنادي بس الله يلعن كورونا	Negative
2427	الله يلعن كورونا اشتقت اشوف مباريات  https://t.co/JxX6pGaaWp	Negative
2428	#الحرية_لمعتقلي_الرأي #الحرية_لمعتقلي_الحراك #الحرية_لمساجين_التسعينات  #تروح_كورونا_زيدو_أنتوما يا خونة العهد والميثاق 😡  https://t.co/xSn7JTzw2c	Negative
2429	@SaudiNews50 يارب يروح الفيروس يارب😩💔😭😭	Negative
2430	@zaid_iniesta8 والله هرمنا الله يلعن كورونا بس	Negative
2431	@1gltx الله يلعن كورونا اللي نكد علينا😭💔💔💔	Negative
2432	لأول مره العيد مو بجدة 😭😭 الله لا يوفقك يا كورونا 💔💔  https://t.co/9WO48D6kpK	Negative
2433	انتم اخطر من كورونا فيروس شاركتم في قتل الشعب الجزائري في تسعينات و في قهره في حكم بوتفليقة و في عهد تبون كلب جنرالات سراقين استوردتم كورونا القتل الشعب ربي وكيلكم يا خونة  https://t.co/IshzUDzb4I	Negative
2434	مساء الخير الله يلعن كورونا الله يلعن الجلي 👊🏻	Negative
2435	بولكراطن...قمة الشعبوية #توقفوا_عن_استدعاء_النشطاء  #تروح_كورونا_زيدو_نتوما  https://t.co/AV6cHKa1sK	Negative
2436	@sukaina_alajmi يغيبو الله يلعنهم و يلعن كورونا	Negative
2437	اشتقت للأيام الحلوه الله لا يوفقك يا كورونا	Negative
2438	@Arx10x الله يلعن كورونا راحت الصيفيه 💔	Negative
2439	#منظر_الحرم #اوقفو_اجتياح_كورونا #ردا_على_الكلب_البغيلى مصيبه كبيره  وشيكة الحدوث تخيلو لو واحد بس مصاب فى مترو هيعدي كام طب تخيل العربيات الاجره طب تخيل السفر ف القطاراتطب تخيل المصيبه ملايين الناس هتتصاب ف اقل من شهر والله البلد هتتحول لمقبره كبيره #اوقفو_مؤامرة_كورونا	Negative
2440	اي مواطن سعودي يروح لايران يجب إعدامه فور عودته لا تساهل مع خونة الأوطان وناشري الفساد والأمراض #ايران_تصدر_كورونا_للخليج	Negative
2441	@tireddiam الله يلعن كورونا بسببه وقفوه 😴	Negative
2442	الحراك أمامكم... الحراك ورائكم،  فأحسنوا الاختيار هههه سبالخييييير  #تروح_كورونا_زيدو_أنتوما #توقفوا_عن_استدعاء_النشطاء	Negative
2443	@CIX_twt الله يلعن كورونا اللي كنسل حفلاتكم 💔💔	Negative
2444	@iabualmsh الله seven افف الله يلعن كورونا😞	Negative
2445	الله يلعن الكورونا والله يلعن الصين والصينيين	Negative
2446	مقدر حبيبي الله يلعن كورونا ويلعن الصين	Negative
2447	الله يلعن الصين و كورونا و شركة ال⚡️ و اللي في بالي و قردوغان و السيستاني و خامنئي و بشار و اللي في بالي و المنبطحين واللي في بالي المرتزقة واللي في بالي لعنة سرمدية🤬🙄💅🏼	Negative
2448	الله يلعن ابو البلاك بورد على ابو كورونا على ابو الصينننن 😑	Negative
2449	كوفيد 19 يقتل الطلاب والطلاب هم المستقبل ليس انت ياحضرة السياسيين 😡 #العبور_الشامل_مطلبنا_كلا_للدور_الثاني #الموت_يزاحمنا_تراكمي_ينقذنا	Negative
2450	وزارة الصحة : @OmaniMOH  تسجل حالة الوفاة رقم ١٧ لمواطنة تبلغ من العمر 80 عاما  مصاب بمرض كورونا (كوفيد 19 ) تغمد الله الفقيدة بواسع رحمته وأسكنها فسيح جناته ونسأل الله العلي القدير أن يلهم أهلها الصبر والسلوان💔🙏🏻.  #خليكم_في_البيت	Negative
2451	@SHE5WN6ON ياعمري💔🥺 الله يلعن كورونا الي فرقتكم	Negative
2452	#ايران_تصدر_كورونا_للخليج حسبي الله عليكم شيعه خونه دائما وابدا ولاء الشيعي لايران لعن الله والديكم ابناء متعه	Negative
2453	#انا_عقود_اين_الوعود جدوا لنا حلا . كما تفكرون في الدول الصغيرة المتضررة من كورونا احنا ولاد دزاير عقود ماقبل التشغيل	Negative
2454	الى تجار لبنان وخاصة المواد الغذائية أنتم أحقر وأنذل من فايروس الكورونا الاستغلال الذي تحققونه على حساب وجعنا.	Negative
2455	@hamdan___alazmi نسأل الله أن يشافي النائب #حمدان_العازمي  بعد تأكيد إصابة بـ فايرس كورونا اللهم اشف عبدك حمدان ، اللهم البسه ثوب العافية اللهم اشفه وأنت الشافي لا شفاء إلا شفاؤك شفاء لا يغادر سقما يارب.	Negative
2456	"ببالغ الحزن والأسى فقدنا اليوم الاخ والصديق  ( ابن عمتي خالد بن عبدالرحمن الصاهود )بعد اصابته بفايروس كورونا حمانا الله واياكم  نسأل الله العلي العظيم أن يتغمده بواسع رحمته وأن يسكنه فسيح جناته ويلهم أهله وذويه الصبر والسلوان..   ""إنا لله وانا اليه راجعون""💔"	Negative
2457	#ايران_تصدر_كورونا_للخليج هذا سلاحها تصدره ويحمله خونة الدين والوطن والانسانيه .	Negative
2458	مؤخراً خرج ذباب إلكتروني إماراتي 🇦🇪 ينتقد تعامل الحكومة المغربية 🇲🇦 مع ازمة كورونا وحذر من مجاعة في المغرب 🇲🇦 ونسى أننا امة نأكل مما نزرع ولا نستورد ولو بصلة من الخارج ونطعم أوروبا 🇪🇺 بأطنان من الخضر والفواكه ونسى اغلى ما تملك دولته هو النفط فقط خلونا نحترمكم	Negative
2459	@AJELNEWS24 اللهم اشفي جميع المرضى شفاء لايغادر سقما يارب واللهم اشفيهم من كل تعب اللهم اني استودعتك اياهم اللهم يامنزل الشفاء ويارافع البلاء ويامجيب الدعاء يامن تعيد للمرضى صحتهم ويامن تستجيب دعاء البائس اللهم اشفهم يارب شفاء لايغادره سقما💚 دعواتكم لجميع المرضى ومصابي الكورونا. رتيووويتً💔	Negative
2460	@Ghizlan99405012 الله يحشرك معهم ان شاء الله، نعم انه بوصبع و تحيا الجزائر. #تروح_كورونا_زيدو_أنتوما  #توقفوا_عن_استدعاء_النشطاء	Negative
2461	✨ بعض البشر قلوبهم تستحق وباء مثل الكورونا ، اسبوع واحد كان كفيل بأن يقنعك ان الانسان لا يرحم حيوان، ولا طفل فقير، ولا الكوكب نفسه، ولا حتى حيوان اليف ومسالم.  Saoussen Mourdi ✒	Negative
2462	الله يلعن الكورونا اللي حرمنا من احبابنا	Negative
2463	الله يلعن كورونا و الصين اللي جابته 😣	Negative
2464	فرانس5 كقنوات الزيقو تخدم النظام الجزائري لأنه يخدم فرنسا.. لن تلهينا عن حراكنا.. سنعود بقوة بإذن الله، و لن نتراجع مهما كان الثمن.. واش راه جايكم يا خونة 🤬 #الحراك_مستمر #الحراك_الشعبي  #تروح_كورونا_زيدو_أنتوما  #ماتبدلوش_sujet #الثورة_مستمرة  #حررو_المعتقلين  #الجزائر  https://t.co/YHjp8MfICB	Negative
2465	لعن الله كورونا خرب علي يلعن ابو الصين يا ناس	Negative
2466	@harstarfish @rsllvu الزبده الله يلعن كورونا والصين	Negative
2467	انهلكت والله الله يلعن الصين على ابو كورونا 🤲🏼	Negative
2468	@sarahk__999 الله يلعن الكورونا والصين واللي أكل الخفاش بس 😅	Negative
2469	05 جامعات عالمية في مرحلة التجارب النهائية لإنتاج لقاح ضد كورونا  بالمقابل 110 جامعة جزائرية تطالب بإلغاء السداسي الثاني..🤔	Negative
2470	#ايران_تصدر_كورونا_للخليج اللي يسافر لإيران يعتبر خاين لوطنة وأرضة أتمنى من دولتنا تسوي ربط مع دول الخليج لمعرفة وجهات سفر ذهاب المواطنين	Negative
2471	@lxxr3xx اففف الله يلعن كورونا ويلعن خدودي  https://t.co/XqqDx7OWKR	Negative
2472	@jankeiz14 الله يلعن كورونا خرب ام رجيمي 💔	Negative
2473	نحمل السلطات الجزائرية مسؤولية تفشي وباء كورونا في #الجزائر بسبب سياستهم الفاشلة و ربما المتعمدة امريكا اعظم دولة في العالم أوقفت الرحلات و منعت كل الأوروبيين و الصينيين الدخول إلى أراضيها و تاوعنا يقولك لازم دراسة دقيقة لوقف الرحلات نحو أوروبا #فيروس_كورونا #حاله_الطواري_يا_تبون	Negative
2474	#الطاعون_الدملي خلونا نخلص كورونا بعدين نتفاهم تكفون	Negative
2475	@Fawaazz الله يلعن كورونا .. مشتاقلكم 😭	Negative
2476	بعض البشر قلوبهم تستحق  وباء زي كورونا أسبوع واحد كان كفيل يقنعك ان الانسان لابيرحم حيوان ولاا طفل فقير ولاا انسان يختلف لونه ولاا حتي حيوان أليف ومسالم عايش في طبيعة خالقه في سلام  https://t.co/EJnF26i0Jb	Negative
2477	الله يلعن أبو الكورونا على ابو الصين على أبو اللي أكل الخفاش على ابو التعليم عن بعد على أبو الامتحانات. خلااااااص بكفي	Negative
2478	@ao_xo98 اه الله يلعن كورونا حرمنا منهم	Negative
2479	5 جامعات عالمية في مرحلة التجارب النهائية لإنتاج لقاح ضد كورونا 110 جامعة جزائرية تطالب بإلغاء السداسي الثاني . ياك ماشي تابعة ل   #اضعاف_معنويات_الاطباء  😂😂	Negative
2480	"سكتمبري قال: "" أكبر (تجمع) في الجزائر هو الحراك، و لهذا هو أولى بالتوقف ... ! "" --- ماشي حنا شرذمة و عناصر و شوية عباد و الحراك إنتهى؟! في النهاية نحن من يقرر دبر على النظام تعك! #الحراك #الحراك_مستمر #الجزائر #الثورة_مستمرة #Covid_19 #كورونا_الجديد #كورونا #تبون"	Negative
2481	الله يلعن كورونا والكمام ابي اتأملها طيب  https://t.co/4Dywsf0iLk	Negative
2482	الكورونا من ورائنا تريد قتلنا ومصير مستقبلنا يضيع أمامنا بدون ترسيم ونحن خريجي جامعات  يا سيدي الرئيس تبون قلت أنا ملتزم رسم عمال عقود ماقبل التشغيل نحن وراءنا عائلات من فضلك طال الأمد وسننا قارب التقاعد بترسيمنا سنساعد صندوق التقاعد وتتلاشى مشاكل كثيرة #اناعقود_اين_الوعود	Negative
2483	ما امدانا نخلص من مرمطة كورونا يا مراميط 🙂💔 .  #حيوان_المرموط  https://t.co/ak2O9TLpac	Negative
2484	#اختبارات_كليه_التقنيه ياناس خافوا الله  عندنا شيبان وفيهم امراض مزمنه كيف يتحملون لو قدر الله وجتهم كورونا.وزارة الصحة ماقصروا لاتخلون تعبهم يروح على الفاضي بسبب عنادكم+الدوله تضررت اقتصادياً.والقاعات اماكن مغلقه وتكثر فيها الاصابات 💔💔💔💔 ياناس خافوا الله	Negative
2485	@mohannad__17 اشتقنا لكل شيء الله يلعن كورونا	Negative
2486	المفروض في هالأيام نسافر بس الله يلعن كورونا😡💔💔💔.	Negative
2487	@SaudiMOH فيني كحه الاسبوع الماضي رحت بسوي فحص كورونا قالو مانفحصك بدون اعراض	Negative
2488	@shibieka اي والله حتي انا 😭😭😭😞😞💔الله يلعن كورونا 😭💔	Negative
2489	المفروض اي سعودي يجي من ايران وهو مصاب بكورونا يكون حجره الصحي بالسجن  هذولا خونه لاوطانهم    #ايران_تصدر_كورونا_للخليج	Negative
2490	شعور انه بيروح بدون وداع وحضن الله يلعن كورونا الله يلعن الصين 💔	Negative
2491	الله يلعن الصين و يلعن كورونا 💔	Negative
2492	كما وصلني تم نقل الشيخ / فلاح مندكار الى العناية المركزة اثر إصابته بفايروس كورونا ....  دعواتكم له نسأل الله العظيم رب العرش العظيم ان يشفيه شفاء لا يغادر سقما اللهم رب الناس اذهب الباس اشف انت الشافي لا شفاء الا شفائك شفاء لا يغادر سقما #أقوال_المغوار	Negative
2493	فقدت الكرة العراقية احد اساطيرها برحيل النجم الخلوق #احمد_راضي الذي وافته المنية عن عمرا ناهز الـ56عاما بعد معاناة مع #فايروس_كورونا_المستجد سأئلا المولى العلي القدير ان يتغمد الفقيد بواسع رحمته ويلهم ذوية ومحبية الصبر والسلوان #إنّا_لله_وإنّا_إليه_راجعون 💔🤲🏻  https://t.co/DGeNX2O7Bo	Negative
2494	@BenzianiF عبيد و شياتين و لحاسين و حركي و زواف و كلاب سعيد بوتفليقة و قائد صالح حمار وحشي تاع عصابة مستوردين كوكايين و كورونا  https://t.co/1Mx1QsJChw	Negative
2495	@rakaniy @Gorgeous_ew 😫اشتقنا والله الله يلعن كورونا	Negative
2496	@ull9r الله لا يوفقك ياكلب مافيني كورونا	Negative
2497	@ikhloo هههههههه الفحص المنزلي فحص للحراره من ناصية الراس واذا لمسو حراره او اعراض كورونا ممكن يتطور للمسحه لكن إن شاءالله انك بخير كل هالمده ماجتك اعراض مافيك الا العافيه	Negative
2498	#حيوان_المرموط  طقطقت علي خريجين كورونا لين بيصير اسمي خريجه مرموط💔💔.  https://t.co/UESScbP8ff	Negative
2499	اقسم بالله استهبل الله يلعن كورونا ياشيخ💔💔	Negative
2500	الله يلعن كورونا الي اخذ احبابنا 💔	Negative
2501	#حيوان_المرموط مابعد خلصنا من كورونا الله لايوفقكم ولا يكثركم😡  https://t.co/3Pp5I3xnU1	Negative
2502	الله يلعن كورونا و يلعن ام الوسوسة 💀	Negative
2503	الله يلعن الصين الله يلعن الصين الله يلعن كورونا 😤😤	Negative
2504	#الحراك_مستمر  حتى #يتنحاو_ڨاع  #توقفوا_عن_استدعاء_النشطاء  #تروح_كورونا_زيدو_أنتوما يا خونة العهد والميثاق  https://t.co/FgIqLndLXx	Negative
2505	@F_Q90 @zoz_oo @byon91 @marrramm ويخليك🤍، الله يلعن كورونا😔💔	Negative
2506	الله يلعن ام كورونا ويلعن ام الصين	Negative
2507	احس اني رح ابكي الله يلعن كورونا	Negative
2508	@rq81_ الله يلعن كورونا اللي خرب كورتنا	Negative
2509	الله يلعن كورونا الله يلعنه الله يلعنه	Negative
2510	المفروض مخلصين يورو 2020 الله لا يوفقك يا كورونا	Negative
2511	#الجزائر 🇩🇿 #فيروس_كورونا  #اوقفو_رحلات_اوروبا  #فرنسا_هي_الوباء   وأنت تشاهد قناة #العربية تتأكد أن كورونا موجودة إلا في إيران .	Negative
2512	تينزاواتين :vu #الجزائر #تبون_لا_يمثلني #الحراك_الجزائري #رشيد_نكاز #خالد_درارني #عبد_الله_بن_نعوم #الحركى_يحكمون_الجزائر #كوفيد19 #كورونا  #الحراك_الشعبي #الحراك_متواصل #الحراك_السلمي #دولة_مدنية_ماشي_عسكرية #تبون_لا_يمثلنا #تبون_الكوكايين #حرروا_المعتقلين_فورا #الحراك_الشعبي  https://t.co/MF4JJIJCcJ	Negative
2513	ياعمري يبي يسلم 😭 الله يلعن كورونا	Negative
2514	ذكريات رمضان ٢٠١٩💔 ، 😢 الله يلعن كورونا 🦠  https://t.co/oE7YntSG5P	Negative
2515	الله يلعنك يالصين الله يلعنك الله يلعنك ويلعن كورونا معك  https://t.co/hTXvVNQoMR	Negative
2516	خالى توفى فى الجزائر فى مستشفى بعين النعجة بفيروس كورونا أرجو منكم الدعاء ربي يرحمو اناالله وأنا إليه راجعون البقاء لله ربنا يرحمه ويسكنه فسيح جناته ويلهم أهله الصبر والسلوان 😢😢😭😭😭  https://t.co/OZHlkry5cG	Negative
2517	كورونا ماراح وبعد ماشفت الحياة🥺 #حيوان_المرموط  https://t.co/UEtOFEbDfd	Negative
2518	@poochii69 الله يلعن كورونا 😭😭😭 مبدع ♥️👏🏻	Negative
2519	الله يلعن كورونا خل كل شي حزين   #MallorcaBarca  https://t.co/TVILDzp77L	Negative
2520	بعض البشر قلوبهم تستحق وباء مثل الكورونا ، اسبوع واحد كان كفيل بأن يقنعك ان الانسان لا يرحم حيوان، ولا طفل فقير، ولا الكوكب نفسه، ولا حتى حيوان اليف ومسالم فعلا الانسان هو الحيوان الاشرس والاخطر على هذا الكوكب. #صباح_الخير  https://t.co/ucLGqMnxuX	Negative
2521	إخواننا في منطقة القبائل تحية عطرة لكم أنتم شعلة الثورة دمتم أحرارا  #تروح_كورونا_زيدو_أنتوما #توقفوا_عن_إستدعاء_النشطاء  #حرروا_المعتقلين  #دولة_مدنية_ماشي_عسكرية  #الحراك_مستمر  https://t.co/OHgiPusFu8	Negative
2522	خاطري اروح كل مكان الله يلعن كورونا	Negative
2523	@7_luex اخخ الله يلعن كورونا والصين فوقها	Negative
2524	#ايران_تصدر_كورونا_للخليج  ايران هي عدو واضح وصريح اما الخونه الي راحو من دول ثانيه لايران وش الحل معاهم	Negative
2525	@khalidhmg @SPAregions ههههههههههههههههههههههههههههههه ايااااام بفقدها الله يلعن كورونا	Negative
2526	الله يلعن ابو كورونا ويلعن الصين فوقهم	Negative
2527	تخرجت بدون حفله الله يلعن كورونا 💔	Negative
2528	#الغاء_الاختبارات_النهاييه  #كورونا_السعوديه  #كورونا وتَضِيق دُنيانَا فَنحسبُ أنَّنا .. سَنموتُ يأسًا أو نموتُ نحِيبا  وإِذا بلُطفِ الله يهطلُ فجْأةً .. يُربِي منَ اليَبسِ الفُتاتِ قلُوبا	Neutral
2529	عاجل | وزير الصحة الدكتور باسل الصباح : أعزي نفسي وكل الزملاء بوفاة الأخ/ د. طارق حسين مخيمر ، من أطباء الأنف والأذن والحنجرة في م. زين متأثرا بمضاعفات فيروس كورونا المستجد. رحمه الله وألهم أهله ومحبيه الصبر والسلوان.	Neutral
2530	لمن اضطرّ للخروج من المنزل تأكد من اتباع الخطوات التالية لحماية نفسك و عائلتك من فيروس #كورونا. #الأردن_اليوم #خليك_بالبيت #كورونا_الأردن  https://t.co/T6xsJgumfK	Neutral
2531	بسبب كورونا  الصين🇨🇳 : لا خروج من المنزل ايطاليا🇮🇹 : لا دراسة لا عمل لا رياضه  السعودية🇸🇦 : لا حج لا عمرة ليبيا  🇱🇾     : خالق الرأس قاطعة	Neutral
2532	@interieur_dz احموا البلاد من وباء الامازيغية و القبايل  الزواف لانهم اخطر من كورونا	Neutral
2533	مبقاش فارق معايا ترجع حياتنا الطبيعية امتى قد ان ربنا ميوجعش قلبي على حد من حبايبنا فاللهم بلغنا نهاية ازمه الكورونا لا فاقدين ولا مفقودين يارب	Neutral
2534	لكي لا تصاب بالجنون أو الاكتئاب من هذه الأحداث الغريبة المتصاعدة، حافظ على أورادك وصلواتك ومناجاتك وثقتك بربك..  د/سلمان العودة  #خليك_في_البيت  #كورونا	Neutral
2535	هذه الايام تتطلب الكثير من :  الصبر .. الصمت ... التجاهل !  #كورونا	Neutral
2536	اللهم بشرنا بزوال هذا الوباء وارفع عنّا هذا الابتلاء  وطهر الأرض منه واشفي مرضانا ومرضى  العالم اجمعين  إنك الغفور الرحيم  اللهم  قلت وقولك الحق وما كان الله معذبهم وهم يستغفرون   فاللهم نستغفرك ونتوب إليك من جميع الذنوب والخطايا   أستغفر الله أستغفر الله    #اعزل_نفسك  #كورونا	Neutral
2537	تخيل تبقا مستني الكورونا تخلص وبعد ما تخلص وتيجي تنزل؛ تنزل علي دروس ٣ ثانوي	Neutral
2538	توفي أخي وصديقي وعزيزي المؤمن الخلوق الفاضل أ. د. جعفر عبدالرضا قاسم العميد المساعد للشئون الأكاديمية بكلية العلوم الصحية، جرّاء إصابته بفايروس كورونا لا حول و لا قوه إلا بالله العلي العظيم  إنا لله وإنا اليه راجعون عظم الله لنا العزاء  واسكنه فسيح جناته والهم ذويه الصبر والسلوان  https://t.co/I4n0D8mwoE	Neutral
2539	لتجنب الإصابة بفيروس كورونا   ١. تجنب الأماكن المزدحمة مثل مكان العمل. ٢. تجنب الذهاب في مشاوير مالها داعي مثل الذهاب الى العمل. ٣. تجنب الاقتراب من الناس في الأماكن المغلقة مثل مكان العمل.  ودمتم سالمين	Neutral
2540	"الإمارات برؤية قيادتها الرشيدة تواصل تحقيق الانجازات لحماية البشرية .. توصل الإمارات لعلاج مصابي فيروس ""كورونا"" بالخلايا الجذعية يؤكد دائما أن في دار زايد لا شيء مستحيل.#الصحة #كورونا #علاج_كورونا_المبتكر #الإمارات_وطن_الإنسانية  https://t.co/B3eWQysXuj"	Neutral
2541	قالو لهم :لا تجمعوو قالو؛ أهل كورونا: اهاا أهل خلاص ما بسير لكم دامكم أهل... 🙄	Neutral
2542	هلق هيي أي نعم ممكن تكون مناورة تدريبية بس عملت إسهال للمنطقة كلها حتى الركب فرطت! 😅 #لا_داعي_للهلع #سنموت_بعد_قليل #كورونا_لبنان	Neutral
2543	@mohamedzitout نسبة الوفيات بسبب كورونا في الجزائر هي الاعلى في العالم, حيث تتجاوز 15 في المئة, في حين ان المعدل العالمي هو 6,3 كارثة	Neutral
2544	أنا متطوع  للعمل لخدمة الشعب العراقي  في حال استدعت الظروف أي عمل تطوعي مهما كان فيه مصلحة عامة.وخصوصا  لا قدر الله انتشار فيروس كورونا في اي مكان #انا_متطوع إذا إحتاج العراق يدٍ عاملة لتوزيع حاجيات المواطنين تحت الحجر الصحي من أكل وشرب وغيره. #أنا_متطوع ومستعد للتضحية بنفسي	Neutral
2545	علاج فيروس الكورونا: كول حصين من الثوم هذا لا يساعدك في شيء لكن سيبعد عنك الناس مسافة كافية	Neutral
2546	سنموت بعد قليل  #كورونا في #لبنان  #spacetoon	Neutral
2547	الصحة السعودية: 5 نصائح لتجنب فيروس “كورونا”  https://t.co/3aKJykTXoZ  https://t.co/lbeDBwkMjs	Neutral
2548	"""الله يلعن ابو الكورونا اللي قفلت المساجد وحرمتنا من صلاة التراويح ""  محمود .. ٣٥ سنة مش بيصلي غير على النبي لما يشوف بنت حلوه بس هههههههههههههههههههههههههههههههههههههههههههههه"	Neutral
2549	أي نعم الغباء ما بِوجِع بس نحنا اللبنانية غبائنا رح يجيب أخرتنا كلنا و كلنا يعني كلنا! #لا_داعي_للهلع #سنموت_بعد_قليل #كورونا_لبنان #لا_ثقة #لبنان_يتكروان	Neutral
2550	أنا المتطوع وسام ميمر أعلن تطوعي للعمل لخدمة الشعب العراقي في حال إستدعت الظروف أي عمل تطوعي مهما كان فيه مصلحة عامة و خصوصاً لا قدر الله إنتشار فيروس كورونا في أي مكان و أتحدى جميع متابعيني ومن يرى هذه التغريدة بقبول التحدي هل قبلتم التحدي؟ أعيدوا التغريدة وتحدوا #العراق #  https://t.co/7m5n7XQf1T	Neutral
2551	#مصر_السيسي هل السيسب مستعد لصفقه الفتح ان يدفع ١٠٠ مليار دولار لانقاذ مصر من الكورونا ، عندي وصفه طبيعيه تنقذ مصر من الكورونا كليا الا الاناس الذين توقفت اعضاءهم عن العمل ، انا حاهز لتوقيع الصفقه وجاهز لشرح الوصفه لكبار علماء الطب مع الاقبات لنجاح الوصفه ١٠٠/١٠٠972522878900 .	Neutral
2552	إنا لله وإنا إليه راجعون الله يرحمه برحمته الواسعة ويلهم ذويه الصبر والسلوان وعظم الله الأجر لذويه وإلى الجميع بفقداء هذا الوباء..  #كورونا_البحرين  https://t.co/di259V7m2C	Neutral
2553	مالي ارى الناس في رُعبٍ يؤرقهم   من الكُورونا كأن الموت قد وصلَا    يا خائفاً من لقاء الموت مرتعداً هل يمنع الخوف أمر الله إن نزلَا  َالموت كأساًُ وحتماً سوف نشربهُ لا شك إنّا سنرحلُ مثل من رحلَا  فلا تموتوا بداء الخوف وابتسموا لا ينتهي العمر حتى نَبلُغ الأجـــلا  #كورونا	Neutral
2554	#شهيد_الواجب #الضعين #فيروس_كورونا توفي اليوم  متأثرًا بفيروس كورونا  د/اسامه عوض جعفر (ودالقاضي)استشاري النساء والتوليد بمستشفي الضعين.. نسأل الله أن يتغمده بواسع رحمته ويسكنه فسيح جناته ويلهم أهله وذويه الصبر والسلوان  https://t.co/n4x7yuZLaC	Neutral
2555	"الله يلعن ابو الكورونا اللي قفلت المساجد وحرمتنا من صلاة التراويح ""  مفلح .. ٣٥ سنة مايصلي غير على النبي واذا شاف بنت حلوه"	Neutral
2556	#كورونا #الحجر_المنزلي  اللهم إنا نستغفرك ونتوب إليك فالطف بنا يالطيف وارحمنا برحمتك اللهم إنا نبرأ إليك من حولنا وقوتنا إلى حولك وقوتك فاكفنا شر الداء واجلي عن الأمة هذا الوباء وارزقنا الصبر على البلاء والشكر على النعماء يا حي ياقيوم .  https://t.co/7CJNcfsJGD	Neutral
2557	⠀   اللهم الهمنا الصبر وابعد عنا كل داء  واجعلنا لرضاك ساعين ولرحمتك راجين وأكفنا شر مايكون قبل أن يكون #علمتني_كورونا   ⠀	Neutral
2558	اللهم بشرنابزوال هذا الوباءوارفع هذا الابتلاء وطهرمنه الارض والسماءواشفي مرضانا ومرضى المسلمين والعالم اجمعين يارب العالمين ياغفوريارحيم اللهم قلت وقولك الحق وماكان الله معذبهم وهم يستغفرون اللهم نسغفرك من ذنوبنا وسيئات اعمالنا #كورونا	Neutral
2559	_  لتجنب الإصابة بفيروس كورونا .. 1_ تجنب الاماكن المزدحمة مثل مكان العمل. 2 _ تجنب الذهاب الى مشاوير مالها داعي مثل الذهاب للعمل. 3 _ تجنب الاقتراب من الناس في الاماكن المغلقة مثل مكان العمل.   ودمتم سالمين.. 😎	Neutral
2560	@MOISaudiArabia @AljawazatKSA السلام عليكم   عندي الزوجة والابن لديهم تأشيرة زيارة عائلية ولديهم حجز طيران من القاهرة الي الطائف يوم الخميس القادم بتاريخ 12 مارس هل يمكنهم دخول المملكة مع العلم باانهم قاموا بتحليل PRC لفيروس الكورونا يؤكد خلوهم من الفيروس نرجو الافادة عاجل اذا تكرمتو	Neutral
2561	#المانيا 583 اصابه بالكورونا جديده ، عندي وصفه تنقذ المانيا من الكورونا وتعيد لها الحياه الطبيعيه ناجحه ١٠٠/١٠٠ هيا نعقد صفقه الفتح ، انا جاهز ان اسلمها لكبار علماء الطب وجاهز ان اشرحها ليتحققوا من نجاعتها 972522878900 وصفه طبيعيه ليست مركبه وليست كيماويه بالبته خلال ساعه لا كرون	Neutral
2562	( لكي لا تصاب بالجنون أو الاكتئاب من هذه الأحداث الغريبة المتصاعدة .. حافظ على اورادك وصلواتك و مناجاتك وثقتك بربك ) #كورونا_الاردن #البحر_الميت	Neutral
2563	نصائح...لتجنب الإصابة بفيروس كورونا الجديد إليكم نصائح منظمة الصحة العالمية لتجنب المرض:  .ابتعد عن أي شخص لديه مرض تنفسي .تجنب الحيوانات الاليفة والبرية .لا تأكل اللحم والبيض غير المطهو جيدا  .غطي فمك وأنفك بمنديل عند السعال أو العطس ثم اغسل يديك .اغسل يديك لمدة 20 ثانية كل مرة  https://t.co/ffXue4iZJX	Neutral
2564	مالي ارى الناس في رُعبٍ يؤرقهم   من الكورونا كأن الموت قد وصلَ       يا خائفاً من لقاء الموت مرتعداً هل يمنع الخوف أمر الله  إن نزلَ َالموت كأساًُ وحتماً سوف نشربهُ لا شك إنّا سنرحلُ مثل من رحلَ فلا تموتوا بداء الخوف وابتسمو ؟ لا ينتهي الـــعمر حتى نَبلُـغ الاجل  #صديقتي_بالمدرسه	Neutral
2565	الله يغفر لدكتورنا الشهيد رياض الجريري وكل مرافقيه  ويرحمههم ويتقبلهم شهداءويسكنهم فسيح جناته في عليين ويلهم أهلهم وذويهم الصبر والسلوان وانا لله وانا اليه راجعون وعزاءنا لكل حضرموت التي بذل الشهيد كل جهده ووقته لانقاذها من كورونا وبقية الاوبئة وكان شعلة متقدة لاجل شعبه الحضرمي.	Neutral
2566	تلقينا ببالغ الحزن والأسى خبر وفاة أول طبيبة مغربية بسبب فيروس #كورونا ⁧#كوفيد_19⁩ ، الدكتورة مريم أصياد، يومه السبت 4 أبريل2020 بمدينة الدارالبيضاء. رحم الله الفقيدة وغفر لها وأسكنها فسيح جنانه، ورزق أهلها وذويها جميل الصبر والسلوان، وتعازينا الحارة لأسرتها الصغيرة  https://t.co/XGvehmnO4V	Neutral
2567	اللهم بشرنا بزوال هذا الوباء وارفع عنّا هذا الابتلاء   وطهر الأرض منه واشفي مرضانا ومرضى   العالم اجمعين إنك الغفور الرحيم   اللهم   قلت وقولك الحق وما كان الله معذبهم وهم يستغفرون   فاللهم نستغفرك ونتوب إليك من جميع الذنوب🥀  #المدينه_بدون_كورونا	Neutral
2568	⠀   اللهم الهمنا الصبر وابعد عنا كل داء  واجعلنا لرضاك ساعين ولرحمتك راجين.   #كورونا_الكويت	Neutral
2569	الشعب الجزائري كي يمرض واحد نتعاونوا gاع 💪 👏💚⁦❤️⁩⁦🇩🇿⁩⁦🇩🇿⁩⁦🇩🇿⁩ #كورونا #Algerie #StayAtHome #فيروس_كورونا #ريح_في_دارك #COVID19dz #ريح_في_دارك #الحجر_الصحي #Blida #البليدة_الوريدة_عمرها_ماتذبال	Neutral
2570	متى يجب لبس الكمامة ؟  #وزارة_الصحة #كورونا #covid_19  https://t.co/YEKFm0PqAX	Neutral
2571	#فحص_كورونا  اذا قالو شيلي نقابك بنفحصك  https://t.co/DtsCYQxoNa	Neutral
2572	"""الله يلعن ابو الكورونا اللي قفلت المساجد وحرمتنا من صلاة التراويح ""  مفلح ٣٥ سنة ما بيصلي غير على النبي لما يشوف بنت حلوه"	Neutral
2573	#السعودية اصبحت مصدر الخطر الأول ل  الله يرحمه ويغفر له ويسكنه فسيح جناته ويلهم أهله وذويه الصبر والسلوان انا لله وانا اليه راجعون البقاء لله وحده#فيروس_كورونا  https://t.co/Yr0yiGSVKr	Neutral
2574	متى يجب عليك غسل اليدين ؟  #كلنا_مسؤول  #كورونا  https://t.co/JKSEGBrTRm	Neutral
2575	حتي اهتمامنا بالكحول والكلور مبقاش زي الأول ..! يدوبك فرحة البدايات واقلب 😏 #كورونا	Neutral
2576	@vvv8p قريب يروح الوباء ان شاء الله	Neutral
2577	وفاة الزميل الإعلامي الصوت الإذاعي الرائع #ماجد_لياي نسأل الله أن يتغمده بواسع رحمته ويسكنه فسيح جناته ويلهم ذويه وزملائه الصبر والسلوان وحسن العزاء (إنا لله وإنا إليه راجعون)  #كورونا_السودان #اعلاميون_سودانيون  https://t.co/7UANYrp5c1	Neutral
2578	الكمامة لا تحتاجها في كل وقت.. هل تعرف متى يجب عليك لبسها ؟  #كورونا_الجديد   #Covid19 #كلنا_مسؤول #الوقاية_من_كورونا #خليك_بالبيت  https://t.co/VNi86qZdt0	Neutral
2579	- شوارع فاضية و هادئة - البيوت نظيفة و معقمة - مأكولات شهية و متنوعة - الاطفال تحت العناية المنزلية المركزة - الحوادث خفت - مستشفيات متأهبة - شباب مسؤول و أعمال خيرية منتشرة - تضامن شعبي -القهاوي مسكرة - الملاعب فاضية -لا اختلاط لا مصافحة - الكورونا ما جات تقتل جات تربي 👌🏻	Neutral
2580	تخيل تبقا مستنى حوار كورونا دا يخلص وبعد م يخلص وتيجي تنزل، تنزل ع دروس ٣ث!!	Neutral
2581	سيادة الرئيس من حقنا توجيه السؤال لحضرتكم، و نحن نحلم بجزائر جديدة، جزائر تبنى بالعلم، و يقومها العدل، جزائر العمائم فيها تحط على رؤوس الأتقياء المخلصين،  العالم بوناطيرو و هو يحمل بين جعبته و داخل محفظته العلمية، دواء  من صنع اياد جزائرية عراقية، يقول أنها تعالج بما يسمى كورونا	Neutral
2582	مالي ارى الناس في رُعبٍ يؤرقهم   من الكورونا كأن الموت قد وصلَ       يا خائفاً من لقاء الموت مرتعداً هل يمنع الخوف أمر الله  إن نزلَ  َالموت كأساًُ وحتماً سوف نشربهُ لا شك إنّا سنرحلُ مثل من رحلَ  فلا تموتوا بداء الخوف وابتسمو ؟ لا ينتهي الـــعمر حتى نَبلُـغ الاجلَ 👍 #كورونيات	Neutral
2583	لتجنّب الإصابة بفيروس الكورونا عليك بالتالي: ١- تجنّب الأماكن المزدحمة مثل الدوام ٢- تجنّب المشاوير اللي ما لها داعي مثل الدوام  ٣- تجنّب الأماكن المغلقة مثل الدوام  ٤- تجنّب الدوام 😈 #صباح_الخير 🌸	Neutral
2584	خطوات بسيطة لحماية نفسك من فيروس «كورونا»   https://t.co/6BEs40xV4q  https://t.co/PzbUN65T1y	Neutral
2585	إجراءات مطار بيروت ✈️ :  _ معك كورونا؟ _ لا _ حلوف _ وحياة إمّي _  أهلا و سهلا نوّرت لبنان 😍 #كورونا	Neutral
2586	اناأحمديمني الجنسيه أعلن تطوعي للعمل لخدمة الشعب السعودي  في حال استدعت الظروف أي عمل تطوعي مهما كان فيه مصلحة عامة.وخصوصا  لا قدرالله انتشار فيروس كورونا في اي مكان #انا_متطوع  إذا إحتاج المملكه يدٍ عامل لتوزيع حاجيات المواطنين تحت الحجر الصحي من أكل وشرب وغيره. #كارونا_السعوديه	Neutral
2587	#فيروس_كورونا_الجديد طمنونا لقو علاج ولا لا ؟  https://t.co/sD7DH0VCVY	Neutral
2588	اللهم لا ملجأ لنا منك الا اليك ♥ اللهم بشرنا بزوال هذا الوباء وارفع عنّا هذا الابتلاء  وطهر الأرض منه واشفي مرضانا ومرضى  العالم اجمعين إنك الغفور الرحيم  اللهم  قلت وقولك الحق وما كان الله معذبهم وهم يستغفرون  فاللهم نستغفرك ونتوب إليك من جميع الذنوب🥀 #كورونا	Neutral
2589	ياجماعة وقت الهزار خلص  - الفيروس بيتنقل عن طريق الفلوس  نناشد التجار تبيع (شكك) لحد ما نشوف اخره البلاوي دي	Neutral
2590	@ALG_Presidencyندائي إلى سيادة الرئيس عبد المجيد تبون، نحن ثلاثة رئساء مصالح مؤسسة المذابح والمسمكة لولاية الجزائر قدمنا شكوى رسمية للنائب العام ضد فساد مدير المؤسسة تم فصلنا نهائيا من العمل منذ سنة ونحن نعيش وباء الفقر أخطر من هاذا الوباء الذي إبتلى به الله العالم رجائنا بالله  https://t.co/C4ifxuFyDT	Neutral
2591	@e_mohcom غفر الله له واسكنه فسيح جناته وأبدله دارا خير من داره ، والهم أهله وذويه الصبر والسلوان  #كورونا_الجديد  #أبطال_الصحة   #خالد_الحسيني	Neutral
2592	إنا لله وإنا إليه راجعون   فقدت الهيئة العامة للتعليم التطبيقي علم من أعلامها الاستاذ الدكتور جعفر قاسم في كليةالعلوم الصحية اثر اصابته بفايروس كورونا  .  نسأل الله العلي القدير أن يتغمده بواسع رحمته ويلهم ذويه الصبر والسلوان  https://t.co/ahBkH0XqgU	Neutral
2593	"قَالَ رَسُولُ اللَّهِ صَ ""من قال في اول يومه بسم الله الذي لا يضر مع أسمه شيء في الأرض ولا السماء شيء وهو السميع العليم لم يضره شيء من يومه أو ليلته "" احمد وابو داود وابن ماجة والترمذي  علاج كورونا بالمجان مع اليقين التام  أن ما اصابك لم يكن ليخطأك #كورونا"	Neutral
2594	#فيروس_كورونا  #شهر_رمضان_المبارك  عند خروجك من المنزل عليك اتباع سبل الوقاية الصحيحة: -اغسل يديك وعقمها باستمرار. -ابتعد عن أماكن التجمعات. -لا تقترب من أحد واجعل مسافة لا تقل عن مترين. -وتذكر دائمًا أن كبار السن ، وأصحاب الأمراض المزمنة هم الأكثر عرضة للفيروس فساهم بحمايتهم.  https://t.co/a4i6u5pJ5P	Neutral
2595	•غسل اليدين جيدًا بالماء والصابون لتجنب الإصابة بـ #فيروس_كورونا_الجديد خاصة بعد التجول في الأسواق أو المزارع  https://t.co/FpdzX1w1et	Neutral
2596	@ALG_Presidency سيادة الرئيس حفظك الله ورعاك، وأدامك ذخرا لهاذا الشعب والبلد، سيدي الرئيس رجائنا بالله ثم عليكم لرد الإعتبار لنا نحن ثلاثة رئساء مصالح مؤسسة المذابح والمسمكة لولاية الجزائر قدمنا شكوى رسمية للنائب العام ضد فساد مدير المؤسسة تم فصلنا نهائيا من العمل منذ سنة ونحن نعيش وباء الفقر	Neutral
2597	دخلكن، هيدي new year ولاّ year معفنة🙄 #جراد #لبنان #لبنان_يتنفض #لبنان_يثور #سنموت_بعد_قليل #لا_داعي_للهلع #كورونا_لبنان	Neutral
2598	إجراءات مطار بيروت :  - معك كورونا ؟ -لا   -حلوف -وحياة إمي      -أهلا وسهلا نورت لبنان 😁 #كرونا #لبنان	Neutral
2599	وفاة أول طبيب في الكويت جراء إصابته بفيروس #كورونا  وزير الصحة ينعى الدكتور طارق مخيمر: أعزي نفسي وكل الزملاء.. رحمه الله وألهم أهله ومحبيه الصبر والسلوان  https://t.co/1yW6rz287W	Neutral
2600	":؛ ""الله يلعن ابو الكورونا اللي قفلت المساجد وحرمتنا من صلاة التراويح "" :؛ ٣٥ سنة ما يصلي غير على النبي لما يشوف بنت حلوه"	Neutral
2601	"#الجزائر.. ارتفاع مصابي ""كورونا"" إلى 8  أعلنت الصحة الجزائرية، تسجيل 3 حالات إصابة جديدة بفيروس ""كورونا""، ليرتفع عدد المصابين إلى 8.   https://t.co/FT6JNXJk1N"	Neutral
2602	من مستجدات الكورونا: بيوت معقمة  أطفال بعناية الأمهات إنعدام حوادث السير  عصبية و شجارات قليلة  تلوث منخفض  مستشفيات متأهبة  أعمال خيرية منتشرة  مساواة الغني بالفقير لا اختلاط  لا تقبيل... وكأنما الكورونا عذاب  في باطنه الرحمة  قد بعثه الله ليهذبنا! فاستقيموا واعتدلوا يرحمكم الله	Neutral
2603	#كورونا 🚩1️⃣معقمات الأيدي الكحولية لا تقي من الإصابة بكورونا 🔺حذر أطباء يابانيون من أن استخدام معقمات الأيدي المصنوعة من الكحول لا يحمي من خطر الإصابة بفيروس كورونا كونها تزيل البكتيريا النافعة التي تلطف الجلد وتصد مسببات الأمراض التحذير نقلته صحيفة إكسبريس البريطانية عن شركة  https://t.co/oFiC2btcLo	Neutral
2604	"لو مضطر تنزل اليومين دول يبقي تاخد حذرك ومتنساش تقول الدعاء ده وانت خارج: ""تحصنت بذي العزة والجبروت، واعتصمت برب الملكوت، وتوكلت علي الحي الذي لايموت، اللهم اصرف عنا هذا الوباء وقنا شر الداء ونجِنا من الطاعون والبلاء بلطفك ومنِك وكرمك يا لطيف ياخبير، إنك على كل شيء قدير. #كورونا"	Neutral
2605	اللهم بشرنا بزوال هذا الوباء وإرفع عنا هذا الإبتلاء وطهر الأرض منه واشفي مرضانا ومرضى المسلمين أجمعين إنك أنت الغفور الرحيم  اللهم قُلت وقولك الحق وما كان الله معذبهم وهم يستغفرون فاللهم نستغفرك ونتوب اليك من جميع الذنوب والخطايا #كورونا	Neutral
2606	الله ىلعن الكورونا حرمتنا من ممارسة كرة القدم - ملكيه  https://t.co/YKyzgKF2XP	Neutral
2607	الدحيح: تخيل تجيلك كورونا قبل ما تتجوز !!	Neutral
2608	عند الخروج من المنزل عليك اتباع سبل الوقاية الصحيحة: - اغسل يديك وعقمها باستمرار.  - ابتعد عن أماكن التجمعات.  - لا تقترب من أحد واجعل مسافة لا تقل عن مترين.   #وزارة_التعليم #إدارة_تعليم_الطائف #كلنا_مسؤول  #كورونا  https://t.co/DHbz4Rdcqa	Neutral
2609	ما بين علاج لـكورونا، ولقاح له، ما هو #اللقاح الجديد المقترح، وهل تم اعتماده ؟ الإجابة في الرابط:   https://t.co/9XyXo6d6aK  #صحتك_في_رمضان #رمضان #السعودية #الامارات #قطر #COVID19 #الجزائر #فيروس_كورونا #خليك_في_البيت #Ramadan	Neutral
2610	@Hamed_Bardi الله يحميكم ويحمينا ويحمي مملكتنا الغاليه من كل مكروه.  سيذهب وباء كورونا وسيذهب معه البلاء بإذن الله واحفظ بلاد المسلمين واحفظنا بحفظك يارب العالمين استودعت الله نفس واهلي والمسلمين جميعاً ورجعنا بسلامة لاهلينا يارب. وحشتيني يا امي	Neutral
2611	اللهم بشرنا بزوال هذا الوباء وارفع عنّا هذا الابتلاء  وطهر الأرض منه واشفي مرضانا ومرضى  العالم اجمعين إنك الغفور الرحيم  اللهم  قلت وقولك الحق وما كان الله معذبهم وهم يستغفرون  فاللهم نستغفرك ونتوب اليك من كل ذنب وخطيئة ونعود اليك عوداً جميلاً.   #كورونا_فيروس  #كن_محارب_لكرونا	Neutral
2612	- إنهيار إقتصادي - أمراض متفشية - موجة جراد  بعد ناقص اغتيال ولي عهد النمسا وبتندلع الاسباب المباشرة للحرب العالمية الاولى  #لبنان_يتنفض  #لا_داعي_للهلع  #سنموت_بعد_قليل  #كورونا_لبنان  #جراد_لبنان	Neutral
2613	تخيل تبقا مستني الكورونا تخلص  وبعد ما تخلص وتيجي تنزل ،تنزل ع دروس ٣ث	Neutral
2614	مسطول قالو ليهو رأيك في وباء الكورونا شنو ؟قال والله ذي جوائز سوداني وMTN نسمع بالفائزين وما حصل شفناهم	Neutral
2615	ما أشبه اليوم بمبارح #كورونا #لبنان #سنموت_بعد_قليل #وداعا	Neutral
2616	علاج كورونا : قال صلى الله عليه وسلم: ما من عبد يقول في صباح كل يوم، ومساء كل ليلة: بسم الله الذي لا يضر مع اسمه شيء في الأرض، ولا في السماء وهو السميع العليم، ثلاث مرات، فيضره شيء. رواه الترمذي وغيره، وصححه الألباني. قولوها متيقنين فلن يضركم كورونا لأنه داخل في كلمة شي	Neutral
2617	#سعاد_جابر  اللهم الهمنا الصبر و ابعد عنا كل داء  واجعلنا لرضاك ساعين ولرحمتك راجين .  #فيروس_كورونا	Neutral
2618	مالي أرى الناس في رُعبٍ يؤرقهم   من الكُرُونا كأن الموت قد وصلَا يا خائفاً من لقاء الموت مرتعداً  هل يمنع الخوف أمر الله إن نزلَا      الموت كأساًُ وحتماً سوف نشربهُ لا شك إنّا سنرحلُ مثل من رحلَا  فلا تموتوا بداء الخوف وابتسموا   لا ينتهي العمر حتى نَبلُغ الأجـــلا #كوفيد_19	Neutral
2619	يا جماعه وقت الهزار خلاص خلص  الفيروس بقا بيتنقل عن طريق الفلوس نُناشد التجار تبيع شكك لحد ما نشوف  البلوى دي	Neutral
2620	#شهر_ابريل #محمد_بن_سلمان_بن_عبدالعزيز #كورونا_الجديد #حياة_الفهد #العاصوف  من روائع الامام الشافعي وتضيق دنيانا فنحسب أننا سنموت يأساً او نموت نحيبا وإذا بلطف الله يهطلُ فجأةً يرُبي من اليبس الفُتات قلوبا سر السعادة حسن ظنك بالذي خلق الحياة وقسم الارزاقا الفرج قريب بأذن الله.  https://t.co/VCuEPwzqce	Neutral
2621	العيد الاحد  لا احد يسلم على أحد ولا أحد يزور أحد ولا أحد يروح يصلي معا أحد ان الكورونا مابترحم أحد💔	Neutral
2622	والله ماكان ناقصنا غير #الكورونا بلبنان  #سنموت_بعد_قليل	Neutral
2623	هو. خلاص مبقاش في كورونا	Neutral
2624	@i_3zo92 ايه ان شاء الله يارب يروح الوباء	Neutral
2625	@sss7y ان شاء الله يروح الوباء	Neutral
2626	عند الخروج من المنزل عليك اتباع سبل الوقاية الصحيحة: - اغسل يديك وعقمها باستمرار.  - ابتعد عن أماكن التجمعات.  - لا تقترب من أحد واجعل مسافة لا تقل عن مترين. وتذكر دائمًا أن كبار السن، وأصحاب الأمراض المزمنة هم الأكثر عرضة للفيروس..ساهم بحمايتهم. #الوقاية_من_كورونا  #وزارة_الصحة  https://t.co/mFvyI7f5sO	Neutral
2627	هل هناك علاج لفيروس #كورونا المستجد (كوفيد 19)؟  #الوطني_للإعلام #خلك_في_البيت #ملتزمون_يا_وطن #عطاء_في_عملي_وسلامه_في_بيتي #معاً_ضد_كورونا #كورونا #معاً_سنهزم_كورونا #لا_تشلون_هم #الإمارات  https://t.co/vjp2oF8c6u	Neutral
2628	@General_Aoun وصلت الكورونا يا كبير 👻🤒🤧 #سنموت_بعد_قليل #كورونا	Neutral
2629	@bogaili @Eagle4kw دام هذا الكورونا لا مفر منه	Neutral
2630	عوارض #كورونا. هيك هيك وصل على لبنان يرجى الإنتباه  #سنموت_بعد_قليل  https://t.co/pjVvqyAf06	Neutral
2631	"رسالة ""   وتضيق دنيانا فنحسب أننا         سنموت يأسا أو نموت نحيبا وإذا بلطف الله يهطل فجأة         يربي من اليبس الفتات قلوبا أيام وتنتهي أزمة #كورونا ونتجاوز هذه المرحلة و تهدأ العاصفة و ترسو سفن السلام على بر الأمان فـ شكراً لدولتنا وحكامنا وكل شخص التزم وكان بمثابة طوق نجاة🇸🇦  https://t.co/mEhQfhof58"	Neutral
2632	#فيروس الجوع                              المصل والعلاج هو  #الطعام هذا الوباء لايقتل سوي #الفقراء   #تروح_كورونا_زيدو_أنتوما  #العالقين_في_اسطنبول_مسؤولية_تبون  https://t.co/vXc3diVCTW	Neutral
2633	ندائي إلى السيد: الرئيس عبد المجيد تبون، نحن ثلاثة رئساء مصالح مؤسسة المذابح والمسمكة لولاية الجزائر قدمنا شكوى رسمية للنائب العام ضد فساد مدير المؤسسة تم فصلنا نهائيا من العمل منذ سنة ونحن نعيش وباء الفقر أخطر من هاذا الوباء الذي إبتلى به الله العالم، رجائنا بالله ثم عليكم  https://t.co/kRLIxXg3p3	Neutral
2634	يتم تداول أن جميع موظفي والطاقم الطبي والممرضين بمستشفى رفيق الحريري هربوا وتركوا المرضى بسبب حالة اللبنانية القادمة من قُم الإيرانية .. #سنموت_بعد_قليل  #كورونا_في_لبنان #كورونا #كورونا_لبنان #لا_داعي_للهلع  #لبنان_ينتفض #كلن_يعني_كلن	Neutral
2635	#الحالات_الجديده   مالي أرى الناس ..في رعب يؤرقهم  من الكورونا ..كأن الموت قد وصل..     ياخائفا من لقا الموت مرتعد  هل يمنع الخوف ..أمر الله إن نزل.. الموت كأس..وحتما سوف نشربه لا شك أنا سنرحل.. مثل من رحل..  #التفكير_الزايد  https://t.co/SzHoycFIPd	Neutral
2636	الحالات التي يجب عليك فيها لبس الكمامة #الوقايه_من_كورونا  #COVID19  https://t.co/7ZuKtwSE3c	Neutral
2637	اليوم ما طافت الطريق بسبب مياه الشتي، إنما من الإسهال الجماعي اللي صايب الشعب اللبناني في ما يخص موضوع #كورنا و نظرية #لا_داعي_للهلع ! 😅  #سنموت_بعد_قليل #كورونا #لبنان_يتكروان	Neutral
2638	"“هذه الأيام تتطلب الكثير من الصّبر والصمت والتجاهل"" .#عمان_تواجه_كورونا"	Neutral
2639	#قبيلة_اليمنه_من_عنزه انتقل الى رحمه الله تعالى مفرح علي اليمني العنزي فجر اليوم السبت  الموافق٢ /٩ /١٤٤١  وسيصلى عليه ظهر اليوم بمقبرة اللقايط ب #سكاكا جراء اجراءات كورونا  تغمده الله بواسع رحمته والهم اهله وذويه الصبر والسلوان .	Neutral
2640	@YoucefZaghba أنت وامثالك الزواف اخطر على الجزائر من كورونا	Neutral
2641	#كورونا  #الحظر_الجزئي  عند الخروج من المنزل عليك اتباع سبل الوقاية الصحيحة: - اغسل يديك وعقمها باستمرار.  - ابتعد عن أماكن التجمعات.  - لا تقترب من أحد واجعل مسافة لا تقل عن مترين.  وتذكر دائمًا أن كبار السن، وأصحاب الأمراض المزمنة هم الأكثر عرضة للفيروس.. ساهم بحمايتهم.	Neutral
2642	#ابقوا_في_منازلكم  علاج مرض كورونا هو البقاء في المنازل وعدم الخروج والتقيد بتعليمات والالتزام بمنع حظر التجول وترك مسافه لا تقل عن متر ونص بينك وبين الاخرين في الطوابير عند المحلات التجاريه او الصرافات والمداومه على غسل اليدين بالماء والصابون كل اربع ساعات .	Neutral
2643	@kingag2020 @khabdellah31 للأسف وصل الأمر بالبعض لحد التمني بفشل إكتشاف دواء الكورونا، لأن الأمر يتعلق بمجموعة باحثين جزائريين و عراقيين ربي يجيب الخير للعباد والعباد	Neutral
2644	- الزوجات يشوفون ازواجهم أكثر من 12 ساعة متواصلة  - الحوادث خفت - تلوث بيئي منخفض - الطوابير منظمة - مستشفيات متأهبة - شباب مسؤول و أعمال خيرية منتشرة - تضامن شعبي -القهاوي مسكرة - الملاعب فاضية -لا اختلاط لا مصافحة - الكورونا ما جات تقتل جات تربي 👌🏻  https://t.co/eX0ytjTM7q	Neutral
2645	#أتسائل ما الذي أصاب الجزائريين و ما هي الصدمة التي تلقتها قلوبهم حتى أصبحو لا يخافون شيئ.. فالعالم كله خائف من فيروس كورونا الا الجزائر تضحك عليه.  هل حقا هذا الشعب عانى في حياته لدرجة انه يرى الموت و الحياة وجهان لعملة واحدة..!!..اريد اجابات مقنعة !؟  https://t.co/6jkxM9PChS	Neutral
2646	قبل قبض شهر مارس.. نصائح هامة لتجنب الإصابة بفيروس #كورونا #صدى_البلد #البلد   https://t.co/fd7VA0RLzM	Neutral
2647	#بلهول: خطة لاستمرار عمل «إن إم سي».. وملاحقة المقصّرين جنائياً .  #رؤية_الإمارات #عين_في_كل_مكان #كورونا #الجميع_مسؤول_عن_الجميع #معاً_قادرين #خلك_في_البيت #لا_تشلون_هم #ملتزمون_يا_وطن #عطاء_في_عملي_وسلامه_في_بيتي  https://t.co/L2O4bQFhR4	Neutral
2648	اللهم بشرنا بزوال هذا الوباء وارفع عنّا هذا الابتلاء وطهر الأرض منه واشفي مرضانا ومرضى العالم اجمعين إنك الغفور الرحيم .  اللهم قلت وقولك الحق وما كان الله معذبهم وهم يستغفرون فاللهم نستغفرك ونتوب إليك من جميع الذنوب.  #كورونا	Neutral
2649	الحين كورونا لقو له علاج ولا لا	Neutral
2650	إنا لله وإنا إليه راجعون، أعزي نفسي وكل الزملاء بوفاة الأخ/ د. طارق حسين مخيمر ، من أطباء الأنف والأذن والحنجرة في م. زين متأثرا بمضاعفات فيروس كورونا المستجد. رحمه الله وألهم أهله ومحبيه الصبر والسلوان #الله_يرحمه 🙌🏻	Neutral
2651	@Oman_Arab_Bank 🔴- شوارع نظيفة و هادئة  🔴-بيوت معقمة  🔴-اطفال تحت العناية المنزلية 🔴-حوادث سير و ازدحام منعدمين 🔴-تلوث بيئي منخفض  🔴-مستشفيات متأهبة  🔴-شباب مسؤول و اعمال خيرية منتشرة  🔴-تضامن شعبي  🔴-لا اختلاط لا مصافحة  كورونا لم تأت لتقتل فقط بل نظمت مجتمع بأكمله.  #ساعة_الأرض	Neutral
2652	لحماية نفسك وعائلتك وبلدك💙 وللوقايه من فيروس #كورونا  https://t.co/LjkUaOjygL	Neutral
2653	@Si_Abdelkader ان شاء الله يروح الوباء وترجع فالصيف	Neutral
2654	الحمدلله 😌♥️ الله يلعن الصين و يلعن كورونا و يلعن البرما (:	Neutral
2655	@hafsi_ahmed1 من المفروض الجزائر أيضا تقوم بنفس الخطوة  ،و ليس إجلاء المسافرين و المغتربين  ،مع الاسف الى الان لم يدركو خطورة الوضع ، اقوى الدول لم تستطع مجابهة الفيروس فما ادراك نحن  ، #حالة_الطوارئ_يا_تبون  #غلق_الحدود_البرية_والبحرية_والجوية_واجب	Neutral
2656	"""الصحة"" توجه نصائح لأصحاب المناعة الضعيفة لتجنب الإصابة بفيروس #كورونا  https://t.co/I0glwgJJc5  #أنحاء @An7a_com"	Neutral
2657	#تروح_كورونا_زيدو_أنتوما  #الجزائر_الجديدة لا تبنى ببقايا نظام فخامته , #العصابة مازال اذا #الثورة_مستمرة    #الحراك ينقذ #الجزائر #حرروا_المعتقلين الابطال  #العالقين_في_اسطنبول_مسؤولية_تبون	Neutral
2658	يا جماعة وقت الهزار خلص ، الفيروس بينتقل ع طريق الفلوس ، انا بناشد التجار تبيع شكك لحد ما نشوف البلوي دي ، وخاصة محلات الاكل ، تحديدا اهل الشام	Neutral
2659	ندائي إلى سيادة الرئيس عبد المجيد تبون، نحن ثلاثة رئساء مصالح مؤسسة المذابح والمسمكة لولاية الجزائر قدمنا شكوى رسمية للنائب العام ضد فساد مدير المؤسسة تم فصلنا نهائيا من العمل منذ سنة ونحن نعيش وباء الفقر أخطر من هاذا الوباء الذي إبتلى به الله العالم، رجائنا بالله ثم عليكم  https://t.co/81dUS1oYql	Neutral
2660	-كورونا له علاج أو لقاح والحوثي لا علاج له	Neutral
2661	في  حالة كورونا عنا بالضيعة (الحلوسيّة) 🧟‍♀️ #لا_داعي_للهلع سنموت بعد قليل	Neutral
2662	صورة المرحلة للي حنا فيها دابا باقي عندنا الاختيار لي هو #بقا_فدارك_وغسل_يديك #Covid_19 #كورونا_المغرب #بقا_فدارك_باش_تحمي_بلادك  https://t.co/rix2HPYCQZ	Neutral
2663	#ريح_في_داركم  #حالة_الطوارئ_يا_تبون #كورونا_الجزائر_سنقاتل #COVIDー19 تفعيل #المادة_105  #الكورونا يهدد مؤسسات الدولة الدستورية  https://t.co/P9DEnzcAxo	Neutral
2664	إن شاء الله يروح الوباء #رفع_الحظر	Neutral
2665	@salrashed كثير من المستشفيات الامريكيه لا تستقبل حالات كورونا .. ويتم تحويل المرضى لمستشفيات معينه .. كما هو الحال مع مستشفيات الكويت ليس كلها تستقبل الكورونا. وبسبب حرص الناس بامريكا .. يلزمون مساكنهم ويعالجون نفسهم في بيوتهم خوفا من انتقال العدوى لهم من المستشفيات التي اصبحت خاليه	Neutral
2666	ببالغ الصبروالإحتساب ننعي زميلنا فقيد المختبرات وبنك الدم بمستشفى الأمير مشاري ببلجرشي (عبدالله درويش) الذي وافته المنية بعد معاناته مع إصابته بفايروس #كورونا #Covid_19  إنا لله وإنا إليه راجعون، اللهم أرحمه وأغفر له وأسكنه الفردوس وألهم أهله وذويه الصبر والسلوان وأخلف عليهم بخير	Neutral
2667	"""الله يلعن ابو الكورونا اللي قفلت المساجد وحرمتنا من صلاة التراويح ""  محمود ... 21 سنة مش بيصلي غير على النبي لما يشوف بنت حلوه  مقصدكش واللهي @mahmoudalnajja9"	Neutral
2668	#الخير_مقبل وتضيق دنيانا فنحسب أننا             سنموت يأسا أو نموت نحيبا وإذابلطف الله يهطل فجأة             يربي من اليبس الفتات قلوبا سر السعادة حسن ظنك بالذي             خلق الحياة وقسم الأرزاقا #الشافعي #كلنا_مسؤول #كورونا_الجديد @RTwit_1 @R_t_d3wa  @s27330600  https://t.co/g7AmUGUagp	Neutral
2669	#فايروس_كورونا عند الخروج من المنزل عليك اتباع سبل الوقاية الصحيحة: - اغسل يديك وعقمها باستمرار.  - ابتعد عن أماكن التجمعات.  - لا تقترب من أحد واجعل مسافة لا تقل عن مترين.  وتذكر دائمًا أن كبار السن، وأصحاب الأمراض المزمنة هم الأكثر عرضة للفيروس. ساهم بحمايتهم. #دغبج	Neutral
2670	اللهم في اخر الجمعه من شعبان اللهم بشرنا بزوال هذا الوباءّ، وأرفع عنا هذا الإبتلاءّ، وطهَر الأرض منه، واجعلنا نصوم رمضان ونحن في امان وعافيه حنا في وجهك يالله	Neutral
2671	@ندائي إلى سيادة الرئيس عبد المجيد تبون، نحن ثلاثة رئساء مصالح مؤسسة المذابح والمسمكة لولاية الجزائر قدمنا شكوى رسمية للنائب العام ضد فساد مدير المؤسسة تم فصلنا نهائيا من العمل منذ سنة ونحن نعيش وباء الفقر أخطر من هاذا الوباء الذي إبتلى به الله العالم، رجائنا بالله ثم عليكم ل  https://t.co/QjDP4QfgOl	Neutral
2672	إنا لله و إنا إليه راجعون  توفي العم يطو رمضان مصابا بداء الكورونا بمستشفى الزهراوي بالمسيلة  رحم الله الفقيد و أسكنه فسيح جنانه و تغمده برحمته الواسعة و ألهم ذويه الصبر و السلوان	Neutral
2673	لتجنب الاصابة بفيروس كورونا  1_ تجنب الاماكن المزدحمه مثل العمل  2 _ تجنب الذهاب في مشاوير مالها داعي مثل الذهاب الى العمل  3 _ تجنب الاقتراب من الناس في الاماكن المغلقة مثل مكان العمل  دمتم سالمين اخوكم الاسكوبلي	Neutral
2674	الإجراءات الأمنية للكورونا في مطار بيروت !  -معك كورونا  -لا  -حلوف -وحياة أمي  -تفضل أهلا وسهلا فيك ب بيروت  .	Neutral
2675	من هلَّأ ورايح لبنان صار برعاية :   سنموت بعد قليل ... 😑 #كورونا	Neutral
2676	طالبة عزيزي ولي الامر حرصاً على سلامتكم من فايروس كورونا يجب غسل اليدين جيداً ،تغطية الفم عند السعال و تجنب الاتصال المباشر مع الاشخاص المصابين #نقدر_نوقفها  #فيروس_كورونا_الصين @eshraf_bdi3ah @moe_gov_sa @media_ksa @riyadh_edu @Media_M_E  https://t.co/wW0NOGsXEE	Neutral
2677	طرق الوقاية من فيروس “كورونا” المستجد: أنه يجب المداومة على غسل اليدين جيداً بالماء والصابون أو المواد المطهرة الأخرى التي تستخدم لغسيل اليدين، خصوصاً بعد السعال أو العطس، بجانب استخدام المناديل عند السعال أو العطس والتخلص منها في سلة النفايات على أن يتم…  https://t.co/y0DQmPTa6G  https://t.co/ptq5o94JjD	Neutral
2678	#اترزعوا_في_البيت_يامصريين مجففات الأيدي ليست فعالة في القضاء على فيروس كورونا المستجد. لحماية نفسك من الفيروس الجديد يجب المداومة على تنظيف اليدين بفركهما بواسطة مطهر كحولي أو غسلهما بالمادء والصابون. وبعد تنظيف اليدين يجب تجفيفهما تماماً بمحارم ورقية أو بمجففات الهواء الساخن.	Neutral
2679	#المدينه_بدون_كورونا اللهم بشرنا بزوال هذا الوباء وارفع عنّا هذا الابتلاء   وطهر الأرض منه واشفي مرضانا ومرضى   العالم اجمعين إنك الغفور الرحيم   اللهم   قلت وقولك الحق وما كان الله معذبهم وهم يستغفرون   فاللهم نستغفرك ونتوب إليك من جميع الذنوب	Neutral
2680	أول حالة #كورونا في #لبنان  #لا_داعي_للهلع #سنموت_بعد_قليل	Neutral
2681	التباعد الاجتماعي.. في صورة..  #ريح_في_دارك  #اقعد_في_دارك #كورونا  #فيروس_كورونا  #coronavirusalgerie  #Algeria  #COVIDー19  #StayAtHome  #StayHome  #Coronavid19  https://t.co/LC3N02iYHb	Neutral
2682	لتجنب الاصابه بفيروس كورونا :-  ١- تجنب الاماكن المزدحمه مثل مكان العمل . ٢-تجنب الذهاب لاماكن مالها داعي مثل الذهاب الى العمل . ٣- تجنب الاقتراب من الناس في الاماكن المغلقه مثل مكان العمل .  ودمتم سالمين😁  #باجر_دوام	Neutral
2683	فيديو | خلونا نجلس في البيت... خلونا نتبع ارشادات التباعد المجتمعي... وخلونا كلنا نقول في #عمان كورونا ماله مكان...  #عمان_تواجه_كورونا  #خليك_بالبيت  #كوفيد_19  https://t.co/6xbM7sM7Ue	Neutral
2684	تخيل تبقى مستني الكورونا تخلص وبعد متخلص وتيجي تنزل ، تنزل على دروس ٣ ثانوي.	Neutral
2685	بسبب كورونا  الصين : لا خروج من المنزل ايطاليا : لا دراسة لا عمل السعودية : لا حج لا عمرة ليبيا        :  يافيك يافي البطشه	Neutral
2686	#خليك_في_البيت #كورونا #الكويت_كورونا #فيروس_كورونا  عندما تختنق بسبب الكورونا سيقومون بإدخال تلك القطعة المعدنية  في حلقك لتوسيع الحلقوم بعدها يدخلون ذلك الانبوب ليصل الى رئتيك ويضخون الأوكسجين البارد فيهما.  بعدها تصاب بصداع شديد من صوت فلتر الأوكسجين.  لتجنب كل هذا  https://t.co/MuubaUDYbu	Neutral
2687	اللهم بقدرتك تجعل اشئ(كن فيكون)  اللهم في اخر الجمعه من شعبان اللهم بشرنا بزوال هذا الوباءّ، وأرفع عنا هذا الإبتلاءّ، وطهَر الأرض منه، واجعلنا نصوم رمضان ونحن في امان وعافيه حنا في وجهك يالله	Neutral
2688	@News_Ejazah ان شاءلله يروح الوباء وترجع الحياة لطبيعتها	Neutral
2689	"صحيفة أجنبية بدأت مقالها  بـ "" فيروس كورونا يكره النقاب""  الترجمة:المنتقبات لن يخفن من العدوى وهن اقل عرضة لـ كرونا لأنهن لا يصافحن بالايدي ولايقبلن ولا يعانقن وهذه الشروط او بالاحرى الاحتياطات الموصى بها من العلماء لتفادي الاصابةالى نساء العالم ارتدو النقاب فهوامن  #يوم_الجمعة  https://t.co/Z0fvAIUjQ1"	Neutral
2690	إنَّ هذه الأيّام تَتطَلَّب الكَثير مِن الصَبر والصَمت♥️ #رمضان #كورونا #مبارك_عليكم_رمضان#	Neutral
2691	🔴-طوابير منظمة 🔴-مستشفيات متأهبة  🔴-اطقم طبية منظبطة و مستعدة  🔴-شباب مسؤول و اعمال خيرية منتشرة  🔴-تضامن شعبي  🔴-ملاعب فارغة  🔴-نقص الالفاظ البذيئة  🔴-مساواة بين الفقراء و الاغنياء  🔴-لا اختلاط لا تقبيل لا مصافحة.......  🔴كورونا لم تأت لتقتل فقط بل نظمت مجتمع كامل	Neutral
2692	#الحرب_العالميه_كورونا_والبشر أن كان فايروس #كورونا أبتلاء اللهم تجاوز به عنا وعن سائر بلاد المسلمين وجاوزنا بهذا الأبتلاء أكبر حدود الصبر والثقة فيك يارب العالمين قوِنا وأمنحنا أعلى درجات الصبر على الأبتلاء وأكشف عنا هذه الأزمة وهذه الغمة عن كل الأمة وأرحم موتانا وأشفِ مرضانا  https://t.co/kTrDu5PwwJ	Neutral
2693	الكمّامة... متى يجب إرتداءها؟ وكيف تساهم في الوقاية من كورونا  . . #جدة_اف_ام #السعودية #الوقاية_من_كورونا  https://t.co/RB1dL28Qgn	Neutral
2694	- شوارع فاضية و هادئة - البيوت نظيفة و معقمة - الحريم قاعدين  بالبيوت - الاولاد تحت العناية المنزلية المركزة - الحريم يشوفو رجالهم أكثر من 12 ساعة  - الحوادث خفت  تلوث ماف - مستشفيات متأهبة - الملاعب فاضية -لا اختلاط  لا مصافحة - الكورونا ما جات تقتل  جات تربي	Neutral
2695	متى يجب لبس الكمامة؟ 👇🏼 #الوقايه_من_كورونا  #لتبقى_صحتنا  https://t.co/Wd9VnGx3U1	Neutral
2696	فيديو | نصائح مهمة يجب اتباعها لتفادي الإصابة بفيروس #كورونا   #مستشفى_قريه_العليا  https://t.co/cTVdHczXvX	Neutral
2697	الطبيب الثامن.. وفاة أستاذ جراحة مخ بطب الأزهر بـ #كورونا الله يرحمه ويغفر له ويسكنه فسيح جناته ويلهم أهله وذويه الصبر والسلوان و يرفع عنا البلاء  https://t.co/1lLi3EvmbB	Neutral
2698	خلونا نجلس في البيت... خلونا نتبع ارشادات التباعد المجتمعي... وخلونا كلنا نقول في ⁧#عمان⁩ كورونا ماله مكان...  #كورونا  #عمان_تواجه_كورونا  #مسقط  #خليك_بالبيت  https://t.co/ntJ79li5uN	Neutral
2699	"تبين إنو جيل اللي أكل من عربية ""شعيبياتنا كتير طيبين، يلا يا نسوان كبروا الجاطات لنكتر الأطرات"" هم محصنين من #فايروس #كورونا !  #لبنان_يتكروان #لا_داعي_للهلع #سنموت_بعد_قليل #كورونا_لبنان"	Neutral
2700	"""الله يلعن ابو الكورونا اللي قفلت المساجد وحرمتنا من صلاة التراويح "" يوسف .. 16 سنة مش بيصلي غير على النبي لما يشوف بنت حلوه"	Neutral
2701	إحصائية كورونا اليوم السبت 4 مارس 2020 مازالت أمريكا بها أكبر عدد إصابات متجاوزة 300 ألف إصابة. زادت عدد الإصابات في إسبانيا عن إيطاليا لأول مرة اليوم. ما زالت السعودية هي الأعلى عربياً في عدد الإصابات 2,179 إصابة.  وما زالت الجزائر هي الأعلى عربياً في عدد الوفيات 130 حالة وفاة.  https://t.co/kolMTIbZ3S	Neutral
2702	العلاج الرباني للفيروس  كورونا   بيتلخص ف حديث رسول الله صلي الله عليه وسلم  حين قال من قال منكم  (بسم الله الذي لا يضر مع اسمه شئ في الأرض ولا في السماء وهو السميع العليم ) ثلاث مرات حين يصبح وحين يمسي لم تصبه فجأه تفاجئه حتي يصبح أو يمسي  #علاج_ووقاء_رباني⁦❣️⁩	Neutral
2703	الوقاية خير من كورونا  لانه لا يوجد لها علاج حتى نقول  الوقاية خير من العلاج لكورونا	Neutral
2704	@El_Bilade هل حقيقة هناك خوفا على مواطنيكم، لا وألف لا، نحن ثلاثة رئساء مصالح مؤسسة المذابح والمسمكة لولاية الجزائر قدمنا شكوى رسمية للنائب العام ضد فساد مدير المؤسسة تم فصلنا نهائيا من العمل منذ سنة ونحن نعيش وباء الفقر أخطر من هاذا الوباء الذي إبتلى به الله العالم حسبنا الله ونعم الوكيل	Neutral
2705	#المغرب انتقل اليوم أيضا الى جوار ربه الدكتور نورالدين بن يحيى بمدينة مكناس بعد إصابته بفيروس #كورونا. تغمده الله برحمته ورزق أهله الصبر والسلوان. وإنا لله وإنا إليه راجعون	Neutral
2706	🇺🇸 : سنموت جميعًا 🇮🇹 : لا يمكننا النجاة 🇸🇦 : متى بتوصلون لي طلبيتي ؟ - -  #العوده_بعد_كورونا	Neutral
2707	اللهم بشرنا بزوال هذا الوباء وإرفع عنا هذا الإبتلاء وطهر الأرض منه واشفي مرضانا ومرضى المسلمين أجمعين إنك أنت الغفور الرحيم  اللهم قُلت وقولك الحق وما كان الله معذبهم وهم يستغفرون فاللهم نستغفرك ونتوب اليك من جميع الذنوب والخطايا   #صباح_الخير #عمان_تواجه_كورونا  #عمان_تستاهل	Neutral
2708	الفيروس مش بيروح المولات ولا الأسواق ولا بيركب مواصلات ولا بيصيب ممثلين ولا بيدخل مكان تبع الجيش الفيروس بيحب يروح الجيم وبيصلي في المسجدبإختصار ده فيروس رياضي متدين ملتزم من المسجد للتمرين ومن التمرين للمسجد	Neutral
2709	@Absher السلام عليكم   عندي الزوجة والابن لديهم تأشيرة زيارة عائلية ولديهم حجز طيران من القاهرة الي الطائف يوم الخميس القادم بتاريخ 12 مارس هل يمكنهم دخول المملكة مع العلم باانهم سوا تحليل لتحليل PRC لفيروس الكورونا يؤكد خلوهم من الفيروس نرجو الافادة عاجل اذا تكرمتو	Neutral
2710	"قاعدة الإنتصار على الكورونا:"" أن تتعامل مع أي شخص على أنه مصاب وتتصرف أنت مع كل الأشخاص على أنك مصاب""   (وزير الصحة الصيني) #فيروس_كورونا #ريح_في_داركم #حالة_الطوارئ_يا_تبون  https://t.co/C3EKd0rogx"	Neutral
2711	🛑أتساءل ما الذي أصاب الشعب الجزائري و ما هي الصدمة التي تلقتها قلوبهم حتى أصبحو لا يخافون شيئ.. العالم كله خائف من فيروس كورونا الا الجزائر وكأنه شيء عادي هل حقا هذا الشعب عانى في حياته لدرجة انه يرى الموت و الحياة وجهان لعملة واحدة..!!..	Neutral
2712	ثالث حالة كورونا بلبنان 🙄 قلت بخبركن بس😷😷  #لا_داعي_للهلع #سنموت_بعد_قليل #كورونا	Neutral
2713	#وزارات_الصحه_بكل_العالم عندي وصفه طبيعيه ناجحه ١٠٠/١٠٠ تقضي على الكورونا بالمهد، انا جاهز ان اسلمها لكبار علماء الطب لكي يفحصوها تلفون للاستفسار 972522878900 انا جاهز ان اعقد صفقه مع العالم كله لاخراجهم من الفيروس بالوصفه الطبيعيه ، مجربه على البشر وعلى الحيوان .	Neutral
2714	🔴  عند الخروج من المنزل عليك اتباع سبل الوقاية الصحيحة: - اغسل يديك وعقمها باستمرار.  - ابتعد عن أماكن التجمعات.  - لا تقترب من أحد واجعل مسافة لا تقل عن مترين.  وتذكر دائمًا أن كبار السن، وأصحاب الأمراض المزمنة هم الأكثر عرضة للفيروس.. ساهم بحمايتهم.  #كلنا_مسؤول  #كورونا	Neutral
2715	وزير الصحة الدكتور باسل الصباح : إنا لله وإنا إليه راجعون، أعزي نفسي وكل الزملاء بوفاة الاخ د. طارق حسين مخيمر ، من أطباء الأنف والأذن والحنجرة في مستشفى زين متأثرا بمضاعفات فيروس كورونا المستجد. رحمه الله وألهم أهله ومحبيه الصبر والسلوان.  https://t.co/LiMls5HRjA	Neutral
2716	يا جماعه الحين #كورونا لقو له علاج ولا لا	Neutral
2717	"هذه الأيام تتطلب الكثير من ، الصبر ، والصمت ، والتجاهل ."" #كيف_ينتهي_فيروس_كورونا  https://t.co/VqikpUFxl5"	Neutral
2718	الله ىلعن الكورونا حرمتنا من مشاهدة كرة القدم - واحد يشجع انترميلان	Neutral
2719	#الكويت_كورونا  الصين يشوفون اي حيوان ياكلونه الهند يشوفون اي حيوان يعبدونه الكويت يشوفون اي حيوان ينتخبونه	Neutral
2720	1) هل ارجعوا الأموال المنهوبة ولا مزال  2) القبايل قسموا البلاد ولا مزال 3) هل ابدلوا الفرنسية بالإنجليزية ولا مزال 4) بوناطيرو لقا الدوا ولا مزال 5) كورونا راحت في افريل ولا مزال 6) كليتو اللحم تاع ثمانيين الف ولا مزال 7) داوكم اوروبا باش نفيزيتو و نشوفو نسبة الفقر ولا مزال  https://t.co/BBPgSxGxyn	Neutral
2721	بوناطيرو لقالكم دوا ولا ما زال ؟ كورونا راحت في أفريل ولا مازال ؟ داوكم لأوروبا تشوفو نسبة الفقر ولا مازال ؟ كليتو اللحم تاع 80 ألف ولا مازال استرجعولكم الأموال المنهوبة ولا مازال؟ دارولكم الانجليزية مكان الفرنسية ولا مازال ؟ القبايل قسمو لبلاد ولا مازال ؟ #حررو_المعتقلين	Neutral
2722	ببالغ الأسى تلقيت نبأ وفاة فنان الديكور والسينوغرافيا المسرحي نورالدين زيدوني بعد إصابته بفيروس كورونا. وسبق لي أن اشتركت مع الراحل في عدد من الاعمال الفنية. أتقدّم بأصدق التعازي لعائلة الفقيد، راجيا له الرحمة الواسعة، ولعائلته جميل الصبر والسلوان. إنا لله وإنا إليه راجعون  https://t.co/EqBii6FDFE	Neutral
2723	"طهر شفايفك قبل ماتبوسني   ""علي عمارونا""  #سنموت_بعد_قليل  #لا_داعي_للهلع  #كورونا"	Neutral
2724	متى يجب استعمال الكمامة 😷😷  #كلنا_مسؤول  ⁧#الوقاية_من_كورونا  https://t.co/IOGE1akzyo	Neutral
2725	معاليك صار في تقديرياً شي ١١ حالة كورونا فيك تقلنا قديش الرقم يلي لازم نوصلو تنبلش نهلع ؟؟ إذا بتريد يعني  #سنموت_بعد_قليل #لا_داعي_للهلع	Neutral
2726	لكي لا تصاب بالجنون أو الإكتئاب من هذه الأحداث الغريبة المتصاعدة ، حافظ على أورادك وصلواتك ومناجاتك وثقتك بربك..  د/سلمان العودة #كورونا_مصر	Neutral
2727	اللهم بشرنا بزوال هذا الوباء وارفع عنّا هذا الابتلاء #كورونا   وطهر الأرض منه واشفي مرضانا ومرضى   العالم اجمعين إنك الغفور الرحيم   اللهم   قلت وقولك الحق وما كان الله معذبهم وهم يستغفرون   فاللهم نستغفرك ونتوب إليك من جميع الذنوب🥀 #الجمعة	Neutral
2728	عفكرا ما عنا فحص للكورونا بلبنان و خبر اكيد بس هيك 🙂🙃  #سنموت_بعد_قليل #كورونا	Neutral
2729	لكي لا تُصاب بالجنون والاكتئاب من هذه الأحداث الغريبة المتصاعدة حولك، حافظ على أورادك وصلواتك ومناجاتك وثقتك بربك ☺️  - الشيخ سليمان العودة. #اقعد_في_بيتك #علمتني_كورونا	Neutral
2730	كورونا ليست وباء، بل مدرسة، علينا ان نتعلم من دروسها، حرصا على البشرية، وعلى حياتنا، ولعلها أكثر من علمنا أن أمر الله يطال العامة والخاصة، وأنه لا مفر منه♥️#COVID2019	Neutral
2731	الشعب كله صايع بره البيت طول اليوم وباليل يروح يشوف نتيجة الكورونا فاكرينها انتخابات😂	Neutral
2732	مالي ارى الناس في رُعبٍ يؤرقهم   من الكورونا كأن الموت قد وصلَ       يا خائفاً من لقاء الموت مرتعداً هل يمنع الخوف أمر الله  إن نزلَ  َالموت كأساًُ وحتماً سوف نشربهُ لا شك إنّا سنرحلُ مثل من رحلَ  فلا تموتوابداء الخوف وابتسمو ؟ لا ينتهي الــعمر حتى نَبلُغ الاجلَ.	Neutral
2733	لجنة الاطباء في #التيار_الوطني_الحر : كنا بصدد اكتشاف لقاح لل #كورونا.. بس ما خلّونا  #هيا_نهلع	Neutral
2734	لا يوجد لقاح او علاج لفيروس كورونا	Neutral
2735	#كورونا_السعودية اللهم ابعد عنا هذا البلاء اللهم انا نعوذ بك من هذا الوباء اللهم احفظنا من الأمراض والأسقام اللهم لا تؤاخذنا بما كسبت أيدينا اللهم نسألك عفوك اللهم نسألك مغفرة لكل الذنوب اللهم ان هذا الوباء مخلوق من مخلوقاتك فأبعده عنا يارب ياكريم ياسميع الدعاء	Neutral
2736	مقال في الصحف الفرنسية : لاخوف على المنقبات لأنهن الأقل عرضة لفيروس كورونا،حيث أنهن لايتبادلن القُبل للتحية أويصافحون بالأيدي أوالأحضان وفوق ذلك كل جسدهن مستوروهي النصائح التي أطلقها المتخصصون لتفادي العدوى اللهم أعز الإسلام والمسلمين بالأمس كانوا يحاربون النقاب واليوم يمدحونه🍁  https://t.co/T0cJWKFy9t	Neutral
2737	لو بوتفليقة راه موجود راه ناض من الشريطة و هدر . . #حالة_الطوارئ_يا_تبون رانا سيريو #ريح_في_داركم  #كورونا_الجزائر_سنقاتل  https://t.co/yQz9e45FEn	Neutral
2738	شباب خلال الاسبوعين اي واحد مصاب باي مرض يعني فيه اشتباه انه عنده كورونا انتبهو لبسو كمامات ولاتطلعو من البيت الله لايرفقهم ((قل لن يصيبنا الا ماكتب الله لنا هو مولانا وعلى الله فليتوكل المؤمنون)):اصبرو فان الصبر مفتاح الفرج وانشاءالله تنحل المشكلة اللهم ابعد عنا مرض الكورونا 🤲	Neutral
2739	التوكل بكل اختصار : اشتغال الجوارح بالأسباب، واشتغال القلب بالله. #الحجر_الصحي #الحجر_المنزلي #وعينا_يحمينا #اقعد_في_دارك #كورونا #StayHome #Algerie #ريح_في_دارك #فيروس_كورونا #كلنا_البليدة #البليدة #صباح_الخير #بيتك_حياتك #Blida	Neutral
2740	@Fairoz_q8 مالي ارى الناس في رُعبٍ يؤرقهم   من الكُورونا كأن الموت قد وصلَا    يا خائفاً من لقاء الموت مرتعداً هل يمنع الخوف أمر الله إن نزلَا  َالموت كأساًُ وحتماً سوف نشربهُ لا شك إنّا سنرحلُ مثل من رحلَا  فلا تموتوا بداء الخوف وابتسموا لا ينتهي العمر حتى نَبلُغ الأجـــلا  #بوح_كرونا	Neutral
2741	"فاللهم نستغفرك ونتوب اليك من جميع الذنوب....                                                     اللهم قلت وقولك الحق  *""وما كان الله معذبهم وهم يستغفرون""*....  اللهم بشرنا بزوال هذا الوباء(كورونا المستجد) وأرفع عنا هذا الإبتلاء ، وطهر الأرض منه...."	Neutral
2742	في #السعودية توفي مساء اليوم السبت من ابناء الجالية الفلسطينية بسبب الاصابة بفيروس #كورونا * محمد حسن داوود تمراز/أبوحسن/ مدينة #جدة نسال الله له الرحمة والمغفرة وأن يلهم اهله وذويه الصبر والسلوان  https://t.co/5bswVBEOoQ	Neutral
2743	@Rivaldoo ان شاءالله يروح هذا الوباء ونرجع للحياتنا الطبيعيه	Neutral
2744	"#سباق_المشاهدين  ""الله يلعن ابو الكورونا اللي قفلت المساجد وحرمتنا من صلاة التراويح ""  محمود .. ٣٥ سنة مش بيصلي غير على النبي لما يشوف بنت حلوه"	Neutral
2745	@alrad3dz1 حنا لما قلنا جيش شعب خاوة خاوة قعدنا أوفياء للجيش أما الشرذمة خانت كورونا بعد معطاتها الأمان وقالولها رانا خاوة خاوة هههه	Neutral
2746	وتضيقُ دنيانـا فنَحسبُ أنّنا؛  سنموتُ يأساً أو نموتُ نحيبا  وإذا بلُطفِ الله يَهطلُ فجــأةً  يُرْبِي من اليَبَسِ الفُتاتِ قلوبا #كورونا	Neutral
2747	#جامعه_هوبكنز_ عندي وصفه تضع حدا للكورونا ، هل من مشتري وصفه ناجحه ١٠٠/١٠٠ انا حاضر ان اسلمها لكبار علماء الطب وصفه تقضي على الكورونا باذن الله تعالوا نعقد صفقه الفتح المبين تلفون 972522878900 انا جاهز من الان لتسليمكم الوصفه لتضع حدا للكورونا نهائيا وترجع بالخياه الى طبيعتها .	Neutral
2748	طب ما خلصنا من هالنكتة😒😒😒😒 بيختوا حظها😑🤨 الإجراءات الأمنية للكورونا في مطار بيروت !   -معك كورونا  -لا  -حلوف -وحياة أمي  -تفضل أهلا وسهلا فيك ب بيروت  .	Neutral
2749	لأن الموضوع مبقاش هزارخلاص محتاجين نيجى على نفسنا شويه أسبوعين بس عشان نخفف حمل كبير اوي على منظومتنا الصحية  هانخلى نزولنا للضرورة بس ( شغل ، أدوية ، أكل للبيت ) هنلزم بيتنا عشان نساعد على إنحسار الوباء ونمنع إنتشاره  دعم حملة #خليك_في_البيت  https://t.co/WPqBInVfOj	Neutral
2750	أفضل حل للازمه إلي حنا فيها هو إلغاء الاختبارات خاصه أن عدد المصابين بفايروس كورونا في تزايد و البعض ما عنده اجهزه كافيه أو ما عنده مصاريف للنت  فا أفضل حل لجميع الحالتين : إلغاء الاختبارات #الغاء_الاختبارات	Neutral
2751	@LiveWellMOH @SABIC إشاعة بخور باللبان يقتل فايروس كورونا  إشاعة الليمون والغرغره بالملح علاج فعال لفايروس كورونا إشاعة لقاحات مضاده للالتهاب الرئوي تقضي على فايروس كورونا إشاعة الكحول والمخدرات تقضي على فايروس كورونا  لا للإشاعات  وخذ العلم من وزارة الصحة وجهة الاختصاص..   #فوازير_عش_بصحة	Neutral
2752	#منظمه_الصحه_العالميه  اللَّهمَّ اغفِرْلي خطيئتي وجهلي وإسرافي في أمري ،وما أنت أعلمُ به منِّي .اللَّهمَّ اغفِرْ لي هزلي وجَدِّي وخطاياي وعمدي ، وكلَّ ذلك عندي ..  #مباشر #فيروس_كورونا	Neutral
2753	كان من المفروض أول إجراء هو إغلاق المطارات والموانئ كل الحالات التي سجلت بـ #الجزائر سببها أجانب ومغتربين هذا الأمر يحتاج لقرارات استعجالية لاحتواء الوباء والأزمة خاصة لسرعة انتشاره وغياب الوسائل الكافية لمواجهته بالجزائر  #فيروس_كورونا  #اوقفو_رحلات_اوروبا	Neutral
2754	ربِ اغفر لي خطيئتي وجهلي وإسرافي في أمري وما أنت أعلم به مني ربِ اغفر لي هزلي وجدي وخطئي وعمدي وكل ذلك عندي ربِ اغفر لي ما قدمت وما أخرت وما أعلنت وما أسررت وما أنت أعلم به مني أنت المقدم وأنت المؤخر لا إله إلا أنت ..!  #كورونا_الكويت	Neutral
2755	يكول الله يلعن كورونا حرمتنه من متعه كرة القدم وهو يشجع ريال مدريد	Neutral
2756	#فحص_كورونا اذا قالو افصخي نقابك نبي نفحصك:  https://t.co/B7e1HgtCAh	Neutral
2757	سيذهب الوباء ومعه البلاء بإذن الله وسيأتي رمضان ومعه الفرج.تفاءلوا بالخير تجدوه وإن حدثوك عن أمر مخيف فحدثهم عن رب لطيف.ليس الخوف الأكبر من كورونا فالله الكريم سيزيله عنا برحمته إنما الخوف من قوله تعالى :{ولو ردوا لعادوا لما نهوا عنه} :{وإن عدتم عدنا}.فاروا الله نية صادقة وأبشروا	Neutral
2758	@_amane20  والله العظيم بني صهيون عندنا هنا في الجزائر، ، نحن ثلاثة رئساء مصالح مؤسسة المذابح والمسمكة لولاية الجزائر قدمنا شكوى رسمية للنائب العام ضد فساد مدير المؤسسة تم فصلنا نهائيا من العمل منذ سنة ونحن نعيش وباء الفقر أخطر من هاذا الوباء الذي إبتلى به الله العالم	Neutral
2759	#ساعة_الاستجابه  اللهم بشرنا بزوال هذا الوباء #كورونا_١٩ ورفع عنا هذا الابتلاء وطهر الأرض منه واشفي مرضانا ومرضي العالم اجمعين انك الغفور الرحيم  اللهم قلت وقولك الحق وما كان الله معذبهم وهم يستغفرون فاللهم 🤲 نستغفرك ونتوب اليك من جميع الذنوب  #يوم_الجمعة	Neutral
2760	#الكورونا نظرًا لانتشار بعض الأوبئة و الميكروبات عليكم باتباع التالي: -المداومة على غسل اليدين جيدًا بالماء والصابون أو المواد المطهرة. -تجنب ملامسة العينين والأنف والفم باليد. -تجنب الأماكن المزدحمة. -يجب استخدام المنديل عند السعال أو العطس وتغطية الفم والأنف·	Neutral
2761	بالصين اي حيوان يشوفونه ياكلونه،  وبالهند اي حيوان يشوفونه يعبدونه،  ِ وفي دوله من الدول اي حيوان بنفسجي  ينتخبونه والبنفسجي هو سبب الامراض  #كورونا_الكويت	Neutral
2762	عندما تختنق بسبب الكورونا؛ سيقومون بإدخال تلك القطعه المعدنية في حلقك لتوسيع الحلقوم بعدها يدخلون الأنبوب ليصل الى راتيك ويضخون الأوكسجين البارد فيهما. بعدها تصاب بصداع شديد من صوت فلتر الأوكسجين. لتجنب كل هذا #إجلس_بالبيت  https://t.co/m8RZJrejRK	Neutral
2763	يارب قبل رمضان يروح ذا الفيروس😔	Neutral
2764	الولايات المعنية بالحجر المنزلي   #فيروس_كورونا #ريح_في_داركم #الحجر_الصحي #الجزائر #COVIDー19 #StayAtHome #coronavirus #COVID19 #Algerie  https://t.co/Fn2n9cb2Iz	Neutral
2765	مالي أرى الناس في رُعبٍ يؤرقهم    من كُورونا كأن الموت قد وَصلا    يا خائفاً من لقاء الموت مرتعداً هل يمنع الخوف أمر الله إن نزلَا  َالموت كأساًُ وحتماً سوف نشربهُ  لا شك إنّا سنرحلُ مثل من رحلَا  فلا تموتوا بداء الخوف وابتسموا  لا ينتهي العمر حتى نَبلُغ الأجلا	Neutral
2766	صباح الابتسامة رغم كل شيء #فيروس_كورونا  #كورونا_لبنان  #لبنان_ينتفض  #طرابلس_تنتفض  #لا_ثقة  #انتخابات_نيابية_مبكرة  #لا_داعي_للهلع  #سنموت_بعد_قليل  https://t.co/vYzS0vT4ca	Neutral
2767	أسأل الله العظيم رب العرش العظيم * أن يشافي ويعافي أخواني الغالين * حمد علي شويش اللميع و عبدالرحمن مبارك الحضيري * بعد ثبوت اصابتهم بفايروس كورونا والان يحتاجون الدعاء منكم * لا تنسونهم من صالح دعائكم الله يشفيهم ويشفي جميع مرضى المسلمين يارب #الكويت_تحارب_كورونا #كورونا_الكويت	Neutral
2768	👨‍⚕️ نصائح هامة لتجنب الإصابة بفيروس كورونا :  ١. تجنب الأماكن المزدحمة مثل مكان العمل. ٢. تجنب الذهاب في مشاوير مالها داعي مثل الذهاب الى العمل. ٣. تجنب الاقتراب من الناس في الأماكن المغلقة مثل مكان العمل.  ودمتم سالمين 🌿	Neutral
2769	أقوى علاج   هو :بسـم الله الذي لا يضـر مع اسمه شيء في الأرض ولا في السماء وهـو السميع العلـيم   (3 مرات) من قالها لم يضره شيء  #الكويت_كورونا	Neutral
2770	#الكويت_885 اصابه اليوم بالكورونا رساله الى امير الكويت عندي وصفه طبيعيه تخلص الكويت والعالم من الكورونا وشرها تعال لنعقد صفقه تنجيكم وتخلصكم من الوبا تلفون 972522878900 , هيا يا امير تعال لتنقذ العالم .	Neutral
2771	@seka_os الله يلعن الكورونا اللي تحرمني من شوفتك ❤	Neutral
2772	#كورونا_اليوم_الجزائر  البقاء في البيت و التزام قواعد النظافة و التباعد الاجتماعي هو الحل الوحيد الذي نملكه، فلنكن واعيين.  شارك لتعم الفائدة، فالمسؤولية مسؤولية الجميع.  #a7miniCOVID19 #احمينيCOVID19 #كن_واعيا_واحم_عائلتك #أحميني_واقعد_في_دارك #فلنحم_نظامنا_الصحي  https://t.co/Xpr0SUmGL2	Neutral
2773	الشعب كله طول اليوم صايع بره البيت وبليل يروح يشوف نتايج الكورونا..فاكرها انتخابات هي	Neutral
2774	@iradah2007 @omancao الله يرحمه ويغفر له ويسكنه فسيح جناته ويلهم أهله وذويه الصبر والسلوان وانا لله وانا اليه راجعون. حسبما علمت ان الطالب المتوفي في السنة الاخيرة ولقد توفي في السلطنة بين اهله لأسباب صحية لا تتعلق بوباء كورونا كوفيد ١٩.	Neutral
2775	الشعب صايع برة طول اليوم وبالليل يروح يشوف نتائج الكورونا ،،فاكرنها انتخابات	Neutral
2776	“إن هذه الأيّام تَتطلب الكَثير من الصَبر، والصَمت.” #شهر_رمضان_المبارك #كوفيد١٩ #رمضان_كريم #فيروس_كورونا #كورونا #رمضان	Neutral
2777	#التحصيلي_يظلم_الطلاب  سلامتنا سعادتنا وغايتنا الامان لكم لأنكم أنتم أغلى ما نملك نسأل الله الأمن والسلامة  سجل وانشر عروضك مجانا بدون عمولة  سلامتنا  https://t.co/RTTMA2JFdP دراسة: المتعافون من كورونا لا ينقلون العدوى  https://t.co/3ZOPfnbuDC  https://t.co/YvYtDB5b9G	Neutral
2778	تعلن وزارة الصحة عن وفاة مواطن مصاب بمرض كورونا كوفيد١٩ يبلغ من العمر ٧٠ عاماً ليبلغ عدد الوفيات من هذا المرض بالسلطنة إثنتين وثلاثين (٣٢) وفاة. وتتقدم وزارة الصحة إلى ذوي الفقيد بخالص العزاء والمواساة سائلة الله سبحانه أن يلهم أهله وذويه الصبر والسلوان #خليك_بالبيت  https://t.co/zsNmOY3Za5	Neutral
2779	"#سليمان_محمد_الصقير  إِنَّا لِلّهِ وَإِنَّـا إِلَيْهِ رَاجِعونَ "" . عظم الله أجر الزميلة / خولة سليمان الصقير  بوفاة والدها أسأل الله أن يسكنه فسيح جناته ويغفر ذنبه ويلهم أهله وذويه الصبر  والسلوان . العزاء يا أخوات عبر الهاتف بسبب الأوضاع الصحية لفيروس كورونا ."	Neutral
2780	قاعدة الإنتصار على الكورونا:  أن تتعامل مع أي شخص على أنه مصاب،  وتتصرف أنت مع كل الأشخاص على أنك مصاب.  (وزير الصحة الصيني)  #ريح_في_داركم #COVIDー19 #حالة_الطوارئ_يا_تبون	Neutral
2781	"#المدينه_بدون_كورونا  اللهم بشرنا بزوال هذا الوباء وارفع عنا هذا الإبتلاء ..  وطهر الأرض منه .. واشفي مرضانا ومرضي المسلمين أجمعين  إنك أنت الغفور الرحيم  اللهم قلت وقولك الحق "" وما كان الله معذبهم وهم يستغفرون ""  فاللهم إنا نستغفرك ونتوب إليك من جميع الذنوب"	Neutral
2782	الله ىلعن الكورونا حرمتنا من ممارسة كرة القدم  - واحد يشجع الاهلي	Neutral
2783	الله يلعن الكورونا حرمتنا من متعة المباريات   -واحد يشجع ميلان	Neutral
2784	يا جماعة وقت الهزار خلص الفيروس بيتنقل عن طريق الفلوس نناشد التجار تبيع شكك لحد ما نشوف البلوي دي	Neutral
2785	@TebbouneAmadjid ندائي إلى سيادة الرئيس عبد المجيد تبون، نحن ثلاثة رئساء مصالح مؤسسة المذابح والمسمكة لولاية الجزائر قدمنا شكوى رسمية للنائب العام ضد فساد مدير المؤسسة تم فصلنا نهائيا من العمل منذ سنة ونحن نعيش وباء الفقر أخطر من هاذا الوباء الذي إبتلى به الله العالم، رجائنا بالله ثم سيادتكم	Neutral
2786	يارب يروح عنا الوباء ونرجع لحياتنا زي ماكانت🦋🦋🦋🦋🦋🦋🦋	Neutral
2787	#عندي وصفه طبيعيه ناجحه ١٠٠/١٠٠ تقضي على الكورونا بالمهد، انا جاهز ان اسلمها لكبار علماء الطب لكي يفحصوها تلفون للاستفسار 972522878900 انا جاهز ان اعقد صفقه مع العالم كله لاخراجهم من الفيروس بالوصفه الطبيعيه ، مجربه على البشر وعلى الحيوان .	Neutral
2788	"""#الصحة_العالمية"" تعلّق تجارب علاج #كورونا بـ""#هيدروكسي_كلوروكين"" .  #رؤية_الإمارات #عين_في_كل_مكان #كورونا #الجميع_مسؤول_عن_الجميع #معاً_قادرين #خلك_في_البيت  #لا_تشلون_هم #ملتزمون_يا_وطن #عطاء_في_عملي_وسلامه_في_بيتي  https://t.co/3xbyaXJMYo"	Neutral
2789	راني نستنى يتبرع ربراب ب60 مليار للمتضرين بوباء الكورونا في الجزائر كيما تبرع لكاتدرائية “نوتردام” في باريس 🇩🇿❓🇩🇿❗️	Neutral
2790	#نصائح  مهمة لتجنب الإصابة #بفيروس_كورونا  المستجد، وطرق #الوقاية  #وزارة_التعليم #تعليم_تبوك @health1438 @ahmed89076297 @Retweet31919227 @Tallumnews @oihm1 @05ukrnNTl0gujb9  https://t.co/GWyApmAVHz	Neutral
2791	لتجنب الإصابة ب #فيروس_كورونا   -غسل يديك لمدة 20 ثانية على الأقل بالماء والصابون.  -تجنب لمس عينيك وأنفك وفمك بأيدي غير مغسولة. -ابقي في المنزل عندما تكون مريضاً. -غطي فمك عند السعال ، أو عطس بمنديل ورمي المناديل في القمامة. -قم بتنظيف وتطهير الأسطح التي تم لمسها بشكل متكرر.	Neutral
2792	متى يجب عليك استخدام الكمامة؟ #فيروس_كورونا #corona #خليك بالبيت   https://t.co/G6RF2OaWde	Neutral
2793	دعواتكم لمعلمتي بالتحفيظ ابله عايشه محمد برحمه. الله يرحمها ويغفر لها ويسكنها فسيح جناته ويلهم أهله وذويه الصبر والسلوان وانا لله وانا اليه راجعون 💔. توفت بسبب كورونا ان شاء الله انها من الشهداء وانه كفاره لها #صلاه_الفجر	Neutral
2794	"#فيروس_كورونا.                                    اللهم اغفر لي خطيئتي وجهلي، وإسرافي في أمري، وما أنت أعلم به مني، اللهم اغفر لي جدي وهزلي، وخطأي وعمدي، وكل ذلك عندي. اللهم اغفر لي ما قدمت وما أخرت، وما أسررت وما أعلنت، وما أسرفت وما أنت أعلم به مني، إلهي لا إله إلا أنت""."	Neutral
2795	#كورونا_اخطر_فيروس_في_العالم اللهم بشرنا بزوال هذا الوباء وارفع عنّا هذا الابتلاء   وطهر الأرض منه واشفي مرضانا ومرضى   العالم اجمعين إنك الغفور الرحيم   اللهم   قلت وقولك الحق وما كان الله معذبهم وهم يستغفرون   فاللهم نستغفرك ونتوب إليك من جميع الذنوب🥀	Neutral
2796	#جبهه_مصر   شوارع فاضية   البيوت معقمة  الولاد تحت العناية المنزلية  بقينا مع بعض اكتر  الحوادث خفت  تلوث بيئي منخفض  مستشفيات متأهبة  تضامن شعبي  القهاوي اتقفلت  الملاعب فاضية لا اختلاط لا مصافحة الكورونا مجتش تقتل جات تربي الله يعلمنا ويفهمنا بالحسنى 🙏	Neutral
2797	الشعب كله صايع برا طول اليوم وبليل  يروح  يشوف نتائج  الكورونا  فاكرها انتخابات	Neutral
2798	@News_Ejazah يارب ذا الفيروس يروح قبل رمضان نبي روحانيه رمضان وأصوات المساجد يارب يارب😭!	Neutral
2799	3 طائرات ستصل من إيران الى بيروت  خلال 24 ساعة   #سنموت_بعد_قليل #لا_داعي_للهلع #كورونا_لبنان	Neutral
2800	"#خواطر_كورونا  هذه الأيام تتطلب ..! الكثير من ، الصبر ، والصمت ، والتجاهل ."""	Neutral
2801	عند الخروج من المنزل عليك اتباع سبل الوقاية الصحيحة: - اغسل يديك وعقمها باستمرار.  - ابتعد عن أماكن التجمعات.  - لا تقترب من أحد واجعل مسافة لا تقل عن مترين.   #الوقاية_من_كورونا   #خليك_بالبيت #كلنا_مسؤول #السعودية #المشهد_الإخبارية #نجران  https://t.co/nydM7iuKLY	Neutral
2802	حاليا ف كندا دبا عندهم 16:43 وبنادم مكيضورش ف، الزنقة خودو العبرة من بحال هادو  #بقا_فدارك #ريح_في_داركم  #بقا_فدارك_تحمي_بلادك #Covid_19 #كورونا_المغرب شكرا الأخ اسامة لي بعت لي هاد الفيديو مقيم  بديال الكندية الله يعاونك ويحفظك  https://t.co/sROyaGZTvd	Neutral
2803	"الدكتورة بوديسة ( 28 سنة ) طبيبة جزائرية بمستشفى "" عين الكبيرة"" في ولاية سطيف فارقت الحياة مع جنينها  (في الشهر الثامن) متأثرة بإصابتها بفيروس كورونا .  -صورة  الطبيبة الجزائرية الشهيدة التي هزت قلوب الشعب الجزائري. رحمها الله برحمته الواسعة ورزق زوجها وأهلها الصبر 🤲🤲🙏  https://t.co/imKUNmpGVN"	Neutral
2804	@MHabibAhi نسمع كثيرا ان لا علاج لفيروس كورونا وان الأعراض تظهر بعد ١٥ عشر يوماً وان الحرارة ترتفع وضيق في النفس  السؤال .هل المريض يستطيع ان يتناول الثوم والبصل وما مدى تأثيره على الشفاء  وهل فيتامين D3 و c والزنك وغيرها التي تعطي عزم للمناعة لمواجهة الفيروس تفي بالغرض ويستجاب الجسم للشفاء	Neutral
2805	يامنزل الشفاء ورافع البلاء ويامجيب الدعاء .. اللهم ارفع عنا البلاء والوباء والمِحن ..اللهم احفظ بلادنا وبلاد المسلمين من كل مكروه .. اللهم اشفى مرضانا وعافي مبتلانا وارحم موتانا .. اللهم إنا نسألك ضياءً في طريقنا وفرجاً لضيقنا ونوراً لقلوبنا وتيسيراً لأمورنا اللهم امين #كورونا  https://t.co/nOS813HiCW	Neutral
2806	إبعاد اجتماعي social distancing لتجنب الاصابة بفيروس كورونا	Neutral
2807	مالي أرى الّناس في رُعبٍ يؤرقهم   من الكورونا كأن الموت قد وصلَ        يا خائفاً من لقاء الموتِ مرتعداً هل يمنع الخوف أمرَ الله  إن نزلَ؟  َالموتُ كأساًُ وحتماً سوفَ نشربهُ  لا شك إنّا سنرحلُ مثل من رحلَ  فلا تموتوا بداءِ الخوفِ وابتسموا لا ينتهي الـــعمرُ حتى نَبلُـغ الأجلَ	Neutral
2808	#فيروس_كورونا الحكمة من إنه أول يوم العيد حظر بس للسيارات،هو عنصر المفاجأة، الفيروس بكون لابس أواعي العيد ورايح يعيد على خواته،فمش رح يلقى سيارة يطلع فيها،فيضطر يروح مشي،هون رح يتعب، ويبيت عند دار أخته،مش رح يصحى ثاني يوم،احنا بنتحرك بالسيارات ع نظافة. #نفس_قصة_back_to_back. 😁😁  https://t.co/tJdIKZkhk2	Neutral
2809	"@OmanVSCovid19 اللهم بشرنا بزوال هذا الوباء.. وارفع هذا الابتلاء.. وطهر منه الارض والسماء.. واشفي مرضانا ومرضى المسلمين والعالم أجمعين. يارب العالمين ياغفوريارحيم. 🤲🤲   اللهم قلت وقولك الحق : ""وما كان الله معذبهم وهم يستغفرون"" #فيروس_كورونا"	Neutral
2810	جيت مأخر ذنبك أكبر من كلمة أنا غلطان  #فيروس_كورونا  #كورونا_لبنان  #لا_ثقة  #انتخابات_نيابية_مبكرة  #لا_داعي_للهلع  #سنموت_بعد_قليل	Neutral
2811	نحنا الشيعة بكرا إن الله أراد! 😅 #لا_داعي_للهلع #سنموت_بعد_قليل #كورونا_لبنان	Neutral
2812	مبقاش فارق معايا ترجع حياتنا الطبيعية امتى اد ان ربنا ميوجعش قلبي على حد من حبايبنا فاللهم بلغنا نهاية أزمة الكورونا لا فاقدين ولا مفقودين يارب	Neutral
2813	اللهم لا ملجأ لنا منك الا اليك  اللهم بشرنا بزوال هذا الوباء وارفع عنّا هذا الابتلاء  وطهر الأرض منه  اللهم انك قلت  وقولك الحق وما كان الله معذبهم وهم يستغفرون  فاللهم نستغفرك ونتوب إليك من جميع الذنوب #كورونا	Neutral
2814	"""الله يلعن ابو الكورونا اللي قفلت المساجد وحرمتنا من صلاة التراويح ""  محمود .. ٣٥ سنة مش بيصلي غير على النبي لما يشوف بنت حلوه .☺  #رمضان_كريم"	Neutral
2815	كنت دائماً إتحارج انا و الشيخ إنو كيف بدنا نصفي بس ٣١٣ بأخر الزمن و نحنا بي أقل عيلة عنا خمس ست ولاد؟ -ما كنت ضارب حساب الكورونا فا بدي إعتذر من الشيخ اللي كنت دايماً وجعله راسه!😅 #لا_داعي_للهلع #سنموت_بعد_قليل #كورونا_لبنان #كورونا	Neutral
2816	قالوا لهم: ممنوع التجمعات قالو: لاعادي نحن أهل كورونا: اهاا خلاص ماجيكم دامكم أهل	Neutral
2817	أول حالة كورونا بلبنان..  سنموت بعد قليل..  .  .  .  .  .  .  .  متنا...  😜 #كورونا_الجديد	Neutral
2818	متى يجب لبس الكمامة ؟ #كورونا  https://t.co/ezktehvaqe	Neutral
2819	#فوازير_عش_بصحة  . إشاعة  البخور يقتل فايروس كورونا  . إشاعة الليمون علاج فعال لفايروس كورونا لا للإشاعات  وخذ العلم من وزارة الصحة وجهة الاختصاص..  . ..	Neutral
2820	@KSA24 🔴-تلوث بيئي منخفض  🔴-طوابير منظمة 🔴-مستشفيات متأهبة  🔴-اطقم طبية منظبطة و مستعدة  🔴-شباب مسؤول و اعمال خيرية منتشرة  🔴-تضامن شعبي  🔴-ملاعب فارغة  🔴-نقص الالفاظ البذيئة  🔴-مساواة بين الفقراء و الاغنياء  🔴-لا اختلاط لا تقبيل لا مصافحة.......  🔴كورونا لم تأت لتقتل	Neutral
2821	يامنزل الشفاء ورافع البلاء ويامجيب الدعاء اللهم ارفع عنا البلاء والوباء والمِحن اللهم احفظ بلادنا وبلاد المسلمين  والبشرية جمعاء من كل مكروه اللهم اشفى مرضانا وعافي مبتلانا وارحم موتانا اللهم إنا نسألك ضياءً في طريقنا وفرجاً لضيقنا ونوراً لقلوبنا وتيسيراً لأمورنا #فيروس_كورونا  https://t.co/yCByCnHoHq	Neutral
2822	#فيروس_كورونا هذه الأيام تتطلب الكثير من الصبر  والصمت والتجاهل.	Neutral
2823	@Pog621 @OrRite_Then @AndyOstroy @realDonaldTrump أنا جهاد من فلسطين 🇵🇸 وعندي معلومات مهمة بخصوص فايروس كورونا  الفايروس لا يوجد له علاج نهائيا فقط يعتمد على قوة جهاز المناعة عند الإنسان ومن الأغذية التي تقوي جهاز المناعة : 1_نبات القرع المر  2 _ حبة البركة (القزحة) 3_اللبن الطبيعي  4_الليمون الحامض مع قشره 5_ نبات الحرمل	Neutral
2824	#BREAKING #كورونا وصلت ع #لبنان و لكن #لا_داعي_للهلع #سنموت_بعد_قليل  نسيت قلكن #جمعة_مباركة  #غرد_كهاوي_شهرة	Neutral
2825	رحم الله الدكتور/ شملان العيسى   صادق تعازينا لاهله ومحبيه  سائلين المولى عز وجل ان يتغمده بواسع رحمته وان يلهم اهله الصبر والسلوان   انا لله وانا إلية لراجعون   #الدكتور_شملان_العيسى_في_ذمة_الله  #الكويت #كورونا  https://t.co/ZvnliAcSC8	Neutral
2826	الترجمة:المنتقبات لن يخفن من العدوى وهن اقل عرضة لـ كورونا لأنهن لا يصافحن بالايدي ولا يقبلن ولا يعانقن وهذه هي الشروط او بالاحرى الاحتياطات الموصى بها من طرف العلماء لتفادي الاصابة..الى نساء العالم كله  ارتدو النقاب فهو ءامن وسيلة ضد الكورونا.	Neutral
2827	@AmaniAAJ @Alshaikh2 الله يحفظك وان شاء الله ربي يكفينا حنا والعالم شر هذا الوباء .	Neutral
2828	صحراء ميديا :  «غوغل» تقدم 5 نصائح لتجنب الإصابة بـ «كورونا»  https://t.co/iCIoxyQHgB	Neutral
2829	للوقاية و لتجنب الاصابة بفيروس كورونا عليك بالتالي:  ١- تجنب الاماكن المزدحمة و منها الجامعة  ٢- تجنب المشاوير الغير ضرورية مثل الجامعة  ٣- تجنب الاماكن المغلقة و خاصة صفوف الجامعة  ٤- تجنب الجامعة بشكل عام	Neutral
2830	@Emerald60081787 مكانش لي يعرفك بركي ما تلعبيها مهمة . الزيرو فالزيرو . كليتو لحم تاع 80 الف ولا مزال . كورونا راحت في أفريل ولا مزال   . حبستو الشيتة ولا مزال . القبائل قسمو لبلاد ولا مزال	Neutral
2831	@tahany6897 يروح الوباء وترجع الحياه الى مجاريها	Neutral
2832	مالي أرى الناس في رُعبٍ يؤرّقهم   من الكورونا كأن الموت قد وصلَ       يا خائفاً من لقاء الموت مرتعداً هل يمنع الخوف أمر الله  إن نزلَ الموت كأساًُ وحتماً سوف نشربه لا شك إنّا سنرحلُ مثل من رحلَ فلا تموتوا بداء الخوف وابتسموا ؟ لا ينتهي الـــعمر حتى نَبلُـغ الأجلَ  لقائلها الف شكر	Neutral
2833	أيوا كدا يا ودييع! دي بركة دعاكي يا كورونا،إنشاء الله ما بضل نائب على وزير على رئيس إبن مرأة واقف على إجريه! #لا_داعي_للهلع #سنموت_بعد_قليل #كورونا_لبنان #لا_ثقة #بكرا_الكورونا_تشيل_ما_تخلي  https://t.co/uz3LqvPx03	Neutral
2834	#الصحوة | أعلنت #وزارة_الصحة عن وفاة مواطنة مصابة بمرض كورونا #كوفيد١٩ وتبلغ من العمر ٦٥ عاماً ليبلغ عدد الوفيات من هذا المرض #بالسلطنة إحدى وثلاثين (٣١) وفاة. وتتقدم #وزارة_الصحة إلى ذوي الفقيدة بخالص العزاء والمواساة سائلة الله سبحانه أن يلهم أهلها  وذويها الصبر والسلوان  https://t.co/KbvmxqnWK7	Neutral
2835	اللي بعد ما حدا منتبه بي موضوع #الكورونا إنو إذا المصاب تعافى هل ممكن يرجع يصاب أو لأ هون السؤال و الباقي تفصيل! #لا_داعي_للهلع #سنموت_بعد_قليل #كورونا_لبنان #منظمة_الصحة_العالمية	Neutral
2836	الكمامة لا تحتاجها في كل وقت.. هل تعرف متى يجب عليك لبسها ؟ #الوقايه_من_كورونا  https://t.co/Ho7GzTXsS4	Neutral
2837	#النقاب مقال في الصحف الفرنسية لاخوف على المنقبات لأنهن الأقل عرضة لفيروس كورونا،حيث أنهن لايتبادلن القُبل للتحية أويصافحون بالأيدي أوالأحضان وفوق ذلك كل جسدهن مستوروهي النصائح التي أطلقتهاالمتخصصون لتفادي العدوى اللهم أعز الإسلام والمسلمين أمس كانو يحاربون النقاب والان يمدحه  https://t.co/Cr933Jygo9	Neutral
2838	#الجزائر 🇩🇿 #فيروس_كورونا  #اوقفو_رحلات_اوروبا  #ريح_في_داركم  #حالة_الطوارئ_يا_تبون  الجزائر فيها حوالي 11 مليون نسمة فوق 60 سنة .	Neutral
2839	نحن في حرب بيولوجية نفسية وزادو علينا التهويل الاعلامي لهذا يجب علينا إعلان حالة الطوارئ القصوى طوعيا الحل هو إلزم بيتك.. لمنع تفشي #كورونا_فيروس  #ريح_في_داركم  #StayHome #حالة_الطوارئ_يا_تبون #COVID2019	Neutral
2840	@radioalgerie @Ministere_com_A بوناطيرو لقالكم دوا ولا مازال الكورونا راحت في شهرأفريل ولا مزال داوكم لأوروبا باش تفيزيتو وتشوفو الفقر ولا مازال كليتو لحم تاع 80 ألف ولا مازال دارولكم أونڨلي في بلاصت الفرونسي ولا مازال يادرا القبايل قسمو البلاد ولا مازال #حررو_المعتقلين	Neutral
2841	والله العظيم الفينيقين معمرين لبنان بالحرام.🇱🇧 #كورونا #لا_داعي_للهلع #سنموت_بعد_قليل	Neutral
2842	مالي أرى الناس في رعبٍ يؤرقهم        من الكورونا كأن الموت قد وصلَا يا خائفاً من لقاء الموت مرتعداً        هل يمنع الخوف أمر الله إن نزلا َالموت كأساًُ وحتماً سوف نشربهُ        لاشك إنّا سنرحل مثل من رحلا فلا تموتوا بداء الخوف وابتسموا       لاينتهي العمر حتى نبلغ الأجـلا  👍🏻👌🏻	Neutral
2843	اللهم إنا نسألك باسمك الأعظم الذي إذا دعيت به أجبت وإذا سئلت به أعطيت أن ترفع عنا هذا الوباء وتشفي مرضانا منه وتوفق أبناء وطننا لحمايته والدفاع عنه ،اللهم يا مجيب الدعاء أجب لكل منا دعوته وأعطه مسألته واقض حاجته ياذا الجلال والإكرام 🤲  مساءالخير 🌹  مدينة قسنطينة 🇩🇿 #الجزائر  https://t.co/bm0XXBQPx1	Neutral
2844	أنـا راني #الحجر_الصحي وإنشاء الله أنتم أيضا صحا قهوتكم ☕️  #ريح_في_داركم 🏡 #COVID19dz  #الجزائر 🇩🇿 #فيروس_كورونا ☣️ #وعينا_يحمينا  #كلنا_مسؤول ✊ #بيتك_حياتك 🚹 #حظر_التجوال_في_الجزائر 🚷	Neutral
2845	ما هو #الإجهاد_العصبي؟ وما هي مراحله؟ الإجابة في الرابط:   https://t.co/BSwnvea5cL  #صحتك_في_رمضان  #رمضان #السعودية #الامارات #قطر #COVID19  #الجزائر #فيروس_كورونا	Neutral
2846	#كوفيد_19 (فيروس كورونا) سيذهب ولكن إن ذهب ولم نتغيَّر ولم نستيقظ من غفلتنا فسنكون نحن الوباء على هذه الأرض💔	Neutral
2847	وتضيقُ دُنيانا فنحسَبُ أنَّنا سنموتُ يأساً أو نَموت نَحيبا  واذا بلُطفِ اللهِ يَهطُلُ فجأةً يُربي منَ اليَبَسِ الفُتاتِ قلوبا  #الكويت_تحارب_كورونا	Neutral
2848	الكورونا صرلو 3اشهر مخوف العالم  بس لما وصل ع لبنان راحت هيبتو #سنموت_بعد_قليل #كورونا_لبنان	Neutral
2849	اللهم ياربنا أنت الخالق الرازق والهادي المحي المميت الرحيم ارحم حالنا وأزل عنا كورونا إنك على كل شيء قدير. اللهم اشف مرضانا والطف بهم وقوهم وأعن من يرعاهم، اللهم وارحم موتانا وألهمنا الدعاء لهم، اللهم اغفر لنا ولوالدينا وللمؤمنين والمؤمنات والمسلمين والمسلمات، الأحياء والأموات.  https://t.co/Umqv7sEANG	Neutral
2850	ودلع يا كورونا لا داعي للهلع اي                 سنموت 🤣🤣🤣	Neutral
2851	@AnwarGargash سيدي #محمد_بن_زايد رمز الإنسانية قائد استثنائي عظيم يتمنى الخير للجميع.. ما هم السحاب من نبح الكلاب #الإمارات #لا_تشلون_هم #كورونا #كوفيد_19 #محمد_بن_زايد #الإمارات_وطن_الإنسانية #مركز_أبوظبي_للخلايا_الجذعية #مركز_الخلايا_الجذعية_الإماراتي #الامارات_تطور_علاج_كورونا  https://t.co/h1F2RTfUns	Neutral
2852	بعد تسجيل حالات هنا وهناك  في بعض الولايات . 🤔أتساءل ما الذي أصاب الشعب الجزائري و ما هي الصدمة التي تلقتها قلوبهم حتى أصبحو لا يخافون شيئ.. العالم كله خائف من فيروس كورونا الا الجزائر وكأنه شيء عادي .هل حقا هذا الشعب عانى في حياته لدرجة انه يرى الموت و الحياة وجهان لعملة واحدة!	Neutral
2853	متى يجب لبس الكمامة ؟ #كورونا  #صحة_حائل  https://t.co/ssGcz0HjTX	Neutral
2854	علاج فيروس الكورونا: إمضغ سنين من الثوم هذا لا يساعدك في شيء لكن سيبعد عنك الناس مسافة كافية. 🙋‍♂  #الاردن	Neutral
2855	رجائنا بالله ثم عليكم ياسيادة الرئيس:  عبد المجيد تبون :لرد الإعتبار لنا وإعادة إدماجنا في مناصب عملنا، لأنه تخلى علينا كل المسؤولين ،رغم تقديم كل الشكاوي ،السبب قدمنا شكوى رسمية للنائب العام ضد فساد مدير المؤسسة تم فصلنا نهائيا من العمل منذ 2019.04.10 ونحن نعيش وباء الفقر  https://t.co/VuUqtSsIml	Neutral
2856	مالي ارى الناس فى رعب يؤرقهم من الكورونا كأن الموت قد وصل ياخائفاً من لقاء الموت مرتعداً  هل يمنع الخوف امر الله ان نزلُ الموت كأسا حتما سوف نشربه لاشك أنّا سنرحل مثل من رحلوا فلاتموتوا بداء الخوف وابتسموا فلاينتهي العمر حتى يبلغ الأجلُ	Neutral
2857	@TRTArabi @zakbouhali ان شاء الله يروح فيه الكورونا 🤲	Neutral
2858	اللهم بشرنا بزوال هذا الوباء  وإرفع عنا هذا الإبتلاء وطهر الأرض منه واشفي مرضانا ومرضى المسلمين أجمعين إنك أنت الغفور الرحيم  اللهم قُلت وقولك الحق وما كان الله معذبهم وهم يستغفرون  فاللهم نستغفرك ونتوب اليك من جميع الذنوب والخطايا  #ساعه_استجابه  #كورونا	Neutral
2859	كورونا الهروب لشنو !! -  https://t.co/z3jMdaG0ti  https://t.co/8zhevrWQOP	Neutral
2860	انا المتطوع الطالب  (احمد عبود الساعدي) أعلن تطوعي للعمل لخدمة الشعب العراقي  في حال استدعت الظروف أي عمل تطوعي مهما كان فيه مصلحة عامة وخصوصاً لا قدر الله انتشار فايروس كورونا في اي مكان وبالاخص مدينتي  #انا_متطوع ومستعدة للتضحية بنفسي ووقتي و جهدي في سبيل هذا الوطن...  https://t.co/13WnWqmMDR	Neutral
2861	لتجنب الإصابة بمرض #كورونا عليك بالتالي:- ١-تجنب الأماكن المزدحمة مثل الدوام ٢-تجنب المشاوير اللي مالها داعي وضرورية مثل الدوام ٣-تجنب الأماكن المغلقة مثل الدوام  وسلامتكم من كل شر✋🏻	Neutral
2862	الله يتغمدها بواسع رحمته و يلهم أهلها الصبر و السلوان. انا لله و انا اليه راجعون  #الاردن #كورونا_الاردن  https://t.co/f5bC6t0kU0	Neutral
2863	تخيل يجيلك كورونا قبل ما تتجوز بتكون مأساة ، بعد إذن نهاية العالم يا شباب ملحقتش اتكاثر.	Neutral
2864	🔴-تلوث بيئي منخفض  🔴-طوابير منظمة  🔴-مستشفيات متأهبة  🔴-اطقم طبية منظبطة و مستعدة  🔴-تظامن شعبي  🔴-ملاهي مغلقة  🔴-ملاعب مغلقة فارغة  🔴-نقص الألفاظ البذيئة  🔴-مساواة بين الفقير و الغني  🔴-لا اختلاط لا تقبيل   كورونا ما جائت لتقتل جات تعاودنا التربية	Neutral
2865	وزير الصحة من بعد ما شاف ردة فعل  اللبنانية عالڤيروس يُصرِّح: مش الحق عليكن الحق عالبعد بخبركن شي  #كورونا_لبنان #لا_داعي_للهلع  #وزارة_الصحة #سنموت_بعد_قليل	Neutral
2866	#كورونا_الكويت   عندما تختنق بسبب الكورونا ، سيقومون بإدخال تلك القطعة المعدنية  في حلقك لتوسيع الحلقوم بعدها يدخلون ذلك الانبوب ليصل الى رئتيك ويضخون الأوكسجين البارد فيهما.  بعدها تصاب بصداع شديد من صوت فلتر الأوكسجين.  لتجنب كل هذا #إجلس_بالبيت  https://t.co/wgDzuQIGsW	Neutral
2867	وتضِيقُ دنْيَانا فنَحسبُ أنًّنَا سَنموتُ يأساً أو نمُوتَ نحِيبَا  وإذَا بلطفِ اللهِ يهْطلُ فجأةً يربِي مِنَ اليبَسِ الفتَاتِ قلوبَا #كورونا	Neutral
2868	لما السلطة تقلك لا داعي للهلع ... إهلع و ما تقصر !! #كورونا  #سنموت_بعد_قليل	Neutral
2869	انتقل الى رحمة الله تعالى الرجل الصالح ضاري السحلول بسبب اصابته بفايروس كورونا نسأل الله له المغفره والثبات وأن يلهم اهله الصبر والسلوان  انا لله وانا اليه راجعون	Neutral
2870	وزيرة الصحة ليه ما عم يلبس جرافاه #كورونا #سنموت_بعد_قليل #لبنان_ينتفض  #لا_ثقة #سنموت_بعد_قليل #لبنان_ينتفض  #لا_ثقة	Neutral
2871	هل أنا مصابة ب #كورونا أم نزلة برد بسيطة؟ #صحتك_في_رمضان #خليك_في_البيت #رمضان #السعودية #الامارات #قطر #COVID19  #الجزائر #فيروس_كورونا  https://t.co/yF1tz9BpKS	Neutral
2872	شوارع فاضية و هادئة البيوت نظيفة و معقمة النساء في البيوت  الحوادث خفت تلوث بيئي منخفض مستشفيات متأهبة شباب مسؤول و أعمال خيرية منتشرة تضامن شعبي لا اختلاط  لا مصافحة الكورونا ما جات تقتل  جات تربي فلنستفيد من الدروس القدرية لتجديد اسلوب حياتنا بقدر المستطاع	Neutral
2873	يجب #اعلان_حالة_طوارئ الوضع بدأ يخرج عن السيطرة ونقص الوعي والاستهزاء سيؤدي بنا الى كارثة  في الايام القادمة ربي يسترنا  #كورونا #Covid_19 #Algerie #ريح_في_داركم	Neutral
2874	لو مهما خَوّفتونا/ بمَرض إسمو كورونا/ رفقا الحرديني وشربل/ مِنْ هالمَرَض بيحمونا/   #ألكسي_قسطنطين                                         #CoronaViruesue #كورونا #لبنان #لا_داعي_للهلع #الصين #سنموت_بعد_قليل #Lebanon	Neutral
2875	"@zaiikuma ""الله يلعن ابو كورونا اللي قفلت المساجد وحرمتنا من صلاة التراويح""  ناصر وهو ١٥ سنه مايصلي على النبي الا اذا شاف بنات حلوين"	Neutral
2876	#ليلة_القدر  سلامتنا سعادتنا وغايتنا الامان لكم لأنكم أنتم أغلى ما نملك نسأل الله الأمن والسلامة  سجل وانشر عروضك مجانا بدون عمولة  سلامتنا  https://t.co/RTTMA31gCp بسبب كورونا.. السعودية تعلق الدخول للعمرة والسياحة  https://t.co/lu4tM1jrMy  https://t.co/vtNT3IhHOD	Neutral
2877	اللهم بشرنا بزوال هذا الوباء وارفع عنّا هذا الابتلاء   وطهر الأرض منه واشفي مرضانا ومرضى   العالم اجمعين إنك الغفور الرحيم   اللهم   قلت وقولك الحق وما كان الله معذبهم وهم يستغفرون   فاللهم نستغفرك ونتوب إليك من جميع الذنوب🥀  #ممكن_بدايه_الحر_ينتهي_كورونا  https://t.co/2w4aqBflg0	Neutral
2878	عند الخروج من المنزل عليك اتباع سبل الوقاية الصحيحة: - اغسل يديك وعقمها باستمرار.  - ابتعد عن أماكن التجمعات.  - لا تقترب من أحد واجعل مسافة لا تقل عن مترين.  وتذكر دائمًا أن كبار السن، وأصحاب الأمراض المزمنة هم الأكثر عرضة للفيروس.. ساهم بحمايتهم.  #فيروس_كورونا	Neutral
2879	"الله يلعن الكورونا لي سكرت الجوامع ومنعتنا من صلاه التراويح"" محمد34 سنه م يصلي الا عالنبي لما يشوف بنت حلوه .."	Neutral
2880	#كورونا_السعوديه  الشوارع فاضية وهادئة البيوت نظيفة ومعقمة السيارات واقفة الحوادث خفّت تلوث بيئي منخفض مستشفيات متأهبة شباب مسؤول وأعمال خيرية منتشرة في كل مكان تضامن شعبي كبير القهاوي مسكرة الملاعب فاضية لا تجمعات ولا مصافحة .  ( الكورونا ما جت تقتل ،،،، جت تربي ) . #جازتلي	Neutral
2881	المستشفيات الخاصه بعدن تغلق ابوابها امام المرضى   هل هذا العمل الانساني والاخلاقي  ?  فمثل هذه الضروف لا بد ان المستشفيات الخاصه والحكوميه ترفع حالة الاستعداد القصوى وتخصيص اماكن خاصه وغرف عنايه للمرضى المشتبهين باصابتهم بفيروس كورونا كل العالم يواجه فيروس كورونا  لماذا نحن نتهرب	Neutral
2882	@shaamteem @Kalmuqdad @Oq1Jsy7DPyolD7d @SRoudinah @November1470 @aboalnoor123 @allahmana2020 @AbdullahElshrif @alwallan_NQ @ahm_kuwaitiii @leen_sam98 يارب كورونا لا مفر منها	Neutral
2883	الواحد مبقاش عارف دا برد ولا كورونا😪😪	Neutral
2884	#معا_ضد_كورونا   اللهم بشرنا بزوال هذا الوباء  وإرفع عنا هذا الإبتلاء وطهر الأرض منه واشفي مرضانا ومرضى جميع المسلمين  إنك أنت الغفور الرحيم ... اللهم قُلت وقولك الحق وما كان الله معذبهم وهم يستغفرون ... فاللهم نستغفرك ونتوب إليك من جميع الذنوب والخطايا فأغفر لنا ورحمنا يارحيم	Neutral
2885	سنموت بعد قليل.. لا داعي للهلع  #كورونا	Neutral
2886	#نقدر_نوقفها   غاليتي الطالبة عزيزي ولي الامر حرصاً على سلامتكم من فايروس كورونا يجب غسل اليدين جيداً ،تغطية الفم عند السعال و تجنب الاتصال المباشر مع الاشخاص المصابين  @eshraf_bdi3ah @moe_gov_sa @media_ksa @riyadh_edu @Media_M_E  https://t.co/ppDDp8iO8K	Neutral
2887	حمدلله تاهلنا للنهائي  #لبنان #كورونا #سنموت_بعد_قليل #سنموت_بعد_قليل	Neutral
2888	الشعب كله صايع برة طول اليوم و بليل يروح يشوف نتائج الكورونا ، فاكرها انتخابات  https://t.co/gBmReSwXXH	Neutral
2889	الشعب كله صايع بره طول اليوم وبليل يروح يشوف نتايج الكورونا فاكرها انتخابات..	Neutral
2890	تخيل تبقي مستني الكورونا تخلص وبعد متخلص وتيجي تنزل ، تنزل عل دروس 3 ث	Neutral
2891	ارشادات منظمة الصحة العالمية لحماية نفسك وعائلتك من الإصابة بفيروس #كورورنا #فيروس_كورونا_المستجدّ  https://t.co/Dg6NV5Z0EG	Neutral
2892	متى يجب عليك لبس الكمامة؟ #فيروس_كورونا #المركز_التخصصي_الطبي #SMC #وزارة_الصحة #كورونا_الجديد  #الوقاية_من_كورونا #Covid19 #كلنا_مسؤول  https://t.co/uKImzojqaL	Neutral
2893	"""لا داعي للهلع"" بتذكِّرنا ب""الليرة بخير"" من كم شهر!🙂 #لا_داعي_للهلع  #كورونا #سنموت_بعد_قليل"	Neutral
2894	#كورونا_فيروس لتجنب الاصابه بفيروس كورونا ١-تجنب الاماكن المزدحمه مثل مكان العمل. ٢-تجنب الذهاب في مشاوير مالها داعي مثل الذهاب للعمل. ٣-تجنب الاقتراب من الناس في الاماكن المغلقه مثل مكان العمل. ودمتم سالمين😜🤣	Neutral
2895	@jodey222 الله يرحمه ويسكنه فسيح جناته ويلهم اهله وذويه الصبر والسلوان إنا لله وإنا اليه راجعون الله يشفي مرضاهم مع الاسف بعض عائلته اصابهم وباء كورونا شافاهم الله وعافاهم من خلال زيارة والدهم قبل وفاته رحمه الله في المستشفى	Neutral
2896	@SH00G1417 @oool_789 لا ان شاء الله يروح الكورونا قريب	Neutral
2897	علاج كورونا  اللهم اني اعوذ بك من البرص والجنون والجذام ومن سيء الاسقام  بسم الله الذي لا يضر مع اسمه شيء في السماء ولا في الأرض وهو السميع العليم	Neutral
2898	وقت الهزار خلص يا جماعة الفيروس بينتشر عن طريق الفلوس نناشد التجار وأصحاب المحلات يبيعوا شكك وهنبقي نشوف الحساب بعدين	Neutral
2899	اللهم إن في تدبيرك ما يُغني عن الحِيَل&gt وفي كرمك ماهو فوق الأمل&gt وفي حلمك ما يسُد الخلل&gt وفي عفوك ما يمحو الزلل&gt فاللهم تولّنا بولايتك&gt وأكرمنا بكرمك&gt وعاملنا بحلمك&gt واعفُ عنا بعفوك&gt اللهم ارفع عنا الوباء&gt وردنا اليك ردٍ جميلا&gt ولاتتكلنا الى أنفسنا طرفة عين. #دعاء #ثقة_بالله #الصبر #كورونا  https://t.co/d8Y8AcnDDO	Neutral
2900	#بيتزا_الخير  سلامتنا سعادتنا وغايتنا الامان لكم لأنكم أنتم أغلى ما نملك نسأل الله الأمن والسلامة  سجل وانشر عروضك مجانا بدون عمولة  سلامتنا  https://t.co/RTTMA2JFdP بغسول الفم.. هل الغرغرة قادرة على مكافحة كورونا؟  https://t.co/ZXmDcouzLQ  https://t.co/qp66VZ4YK3	Neutral
2901	نصائح للأمهات لتجنب الإصابة بفيروس كورونا.. أطعمة ومطهرات# #مرايتي #عيد_الام  https://t.co/Rdx9HIRNG5  https://t.co/D3eCbpqqRS	Neutral
2902	سوال هل الكورونا ذا له علاج ولا لا  #كورونا_السعوديه	Neutral
2903	جمهوري الكبير ومتابعيني الاحياء والاموات المتفاعلين والصامتين أسعد الله مسائكم بكل خير وجمعتكم طيبة مباركةوضخمة وحالية وخاليةمن الكورونا وعلموا انه سيذهب الوباءومعه البلاء بإذن الله وسيأتي رمضان ومعه الفرج بأمر الله تفائلوا بالخير تجدوه وإن حدثوك عن أمر مخيف فحدثهم عن رب لطيف	Neutral
2904	#فيروس_كورونا اللهم بشرنا بزوال هذا الوباء وارفع عنّا هذا الابتلاء  وطهر الأرض منه واشفي مرضانا ومرضى  العالم اجمعين إنك الغفور الرحيم  اللهم  قلت وقولك الحق وما كان الله معذبهم وهم يستغفرون   فاللهم نستغفرك ونتوب إليك من جميع الذنوب أستغفر الله أستغفر الله أستغفر الله	Neutral
2905	- مستشفيات متأهبة  - شباب مسؤول و أعمال خيرية منتشرة - تضامن شعبي - القهاوي مسكرة - الملاعب فاضية - لا اختلاط  لا مصافحة  - الكورونا ما إجت تقتل  إجت تربي وتخلينا نفيق ع حالنا ونذكر الله خاصة بهي الأيام الفضيلة  استغفرو كي يزول البلاء #كورونا	Neutral
2906	@tr_ky1 الله يبلغنا رمضان لافاقدين ولا مفقودين حنا وأهلنا وأحبابنا وجميع المسلمين بخير وعافيه يارب العالمين ويبعد عنا الوباء والبلاء ويكتب لنا صلاة التراويح بالمساجد	Neutral
2907	الله يلعن الكورونا حرمتنا من ممارسة كرة القدم 😖  - واحد رجلينه الثنتين يسار	Neutral
2908	مبروووك دولتنا الغالية قيادة وحكومة وشعبا والبشرية جمعاء على الإنجاز العظيم إن الله لا ينسى المخلصين من الرجال الذين صدقوا أقوالهم وصدقتها افعالهم #الإمارات #كورونا #كوفيد_19  #محمد_بن_زايد #مركز_أبوظبي_للخلايا_الجذعية #مركز_الخلايا_الجذعية_الإماراتي  #الامارات_تطور_علاج_كورونا  https://t.co/O5XhqlhlII	Neutral
2909	#بريد_الصفحة : احتجاج للحصول على السميد في #بريكة!   #الجزائر #كورونا #كوفيد_19 #ريح_في_دارك #اقعد_في_دارك #الحجر_المنزلي #الحجر_الصحي #Algérie #algeria #corona #covid_19 #confinement #barika  https://t.co/x4oJDpND1M	Neutral
2910	عزيزي المواطن، أوفرلك تلقط #كورونا و تتعالج على حساب الدولة! 😅 #لا_داعي_للهلع #سنموت_بعد_قليل #كورونا_لبنان #لا_ثقة #لبنان_يتنفض	Neutral
2911	في الوقت الصعب اللي حنا فيه، أوجه كل الدعم والتحية للعاملين في القطاع الصحي في الجزائر اللي في مواجهة مباشرة كل يوم مع الوباء!  #ريح_في_داركم 🏡 #COVID19dz  #الجزائر 🇩🇿 #فيروس_كورونا ☣️ #وعينا_يحمينا  #كلنا_مسؤول ✊ #بيتك_حياتك 🚹 #حظر_التجوال_في_الجزائر 🚷	Neutral
2912	شعب إنتخب نفس الطبقة السياسية الفاسدة على مر ٣٠ سنة كيف بدنا نتكل عليه يعمل عزل منزلي حدا يشرحلي!  #لا_داعي_للهلع #سنموت_بعد_قليل #كورونا_لبنان #كورونا_الجديد #لبنان_يتكروان #لبنان_ينتفض #كلنا_يعني_كلنا	Neutral
2913	تعلن وزارة الصحة عن وفاة مقيم مصاب بمرض كورونا #كوفيد19 يبلغ من العمر ستاً وعشرين عاماً ليبلغ عدد الوفيات من هذا المرض بالسلطنة 14 أربع عشرة وفاة.وتتقدم وزارة الصحة إلى ذوي الفقيد بخالص العزاء والمواساة سائلين الله سبحانه وتعالى أن يلهم أهله وذويه الصبر والسلوان  https://t.co/xliP7SkCdp	Neutral
2914	EGY logic : لا ما هو انا مبقاش باكل حواوشي ب ٢جنيه و تقولي حاسب فيه فيروس هيموتك	Neutral
2915	لا داعي للقلق... فيروس #كورونا اول ما يفوت وينتقل بهواء #لبنان المسرطن بموت لحالو... #لا_داعي_للهلع #سنموت_بعد_قليل	Neutral
2916	#كورونا 🇺🇸 : سنموت جميعًا 🇮🇹 : لا يمكننا النجاة 🇬🇧 : ودعوا احبابكم 🇸🇦 : وين شحننننتتي	Neutral
2917	صحيح من عاداتنا اليوميه السلام على الخد او ( التعريب ) وتكون بشكل روتيني يومي لكن يجب الحذر في حال اصابة شخص بالانفلونزا تجنب التعريب عليه منعا لحدوث عدوى بالمرض ويجب خارج المنزل تجنب لمس العين او الانف والفم عموما عند الدخول للمنزل يجب غسل اليد مباشره بالماء والصابون  #كورونا	Neutral
2918	متى يجب لبس الكمامة ؟ #مختبرات_فيوتشرلاب #شركاؤوكم_في_الصحة #الوقاية_من_كورونا #كلنا_مسؤول  https://t.co/rJ6WwgG7sY	Neutral
2919	..# مالي أرى الناس في رعب يؤرقهم  من الكرونا كأن الموت قد وصلا   يا خائفاً من لقاء الموت مرتعداً   هل يمنع الخوف أمر الله إن نزلا     الموت كأسا وحتما سوف نشربهُ  لا شك إنا سنرحل مثل من رحلا    فلا تموتوا بداء الخوف وابتسموا   لا ينتهي العمر حتى نبلغ الأجلا   #كوفيد_19	Neutral
2920	عند حدوث وباء في الدول اكبر غلطه تحدث غالبا هي توزيع المصابين علي المستشفيات  هذا كارثه تسبب انتشار لا محدود للعدوى  تخصيص مستشفي واحد او عمل مستشفيات ميدانيه خيام او ملاعب وصالات مغلقه وحصر المصابين فيها للعلاج والحجر   تحد من العدوي  تحافظ علي الطواقم الطبيه #كورونا_في_الكويت	Neutral
2921	متى يجب عليك غسل اليدين لـ #الوقايه_من_كورونا .. ... #كورونا_الجديد #كورونا #دليل_المنطقة_الشرقية  https://t.co/0sPIftaYaO	Neutral
2922	@News_Ejazah إن شاء الله راح يروح الوباء هذا	Neutral
2923	اللهم بشرنا بزوال هذا الوباء وارفع عنّا هذا الابتلاء وطهر الأرض منه واشفي مرضانا ومرضى العالم اجمعين إنك الغفور الرحيم.  اللهم قلت وقولك الحق: ﴿وما كان الله معذبهم وهم يستغفرون﴾ اللهم انا نستغفرك ونتوب إليك.  #كورونا_الجديد #الحجر_المنزلي	Neutral
2924	رئيس وأعضاء مجلس ادارة جمعية الخالدية التعاونية ينعون مراقب السوق فيصل علي الشويع والذي انتقل الي رحمة الله متأثرا بإصابته بفيروس كورونا، صباح اليوم الجمعة، سائلين المولي ان يتغمده في فسيح جناته ويلهم اهله الصبر والسلوان.  #جمعية_الخالدية  #كورونا #كوفيد_19  #الحظر_الكلي  https://t.co/0mlbWAw2Tu	Neutral
2925	#الممرض_خالد_الحسيني   انا لله وانا اليه راجعون   من أفضل من عرفت خلقا وعلما  نسأل الله أن يغفر له و يرحمه ويسكنه فسيح جناته ويلهم أهله الصبر والسلوان  ويجعل قبره روضة من رياض الجنة ويدخله الجنة بلا حساب ولا سابق عذاب #كورونا #مكة_المكرمة	Neutral
2926	مهمتي اليوم هي الهروب من كورونا .	Neutral
2927	@YeTNa7W_GA3 انا اظن ان وقف الرحلات لوجهة معينة امر تافه و لا يفيد بشيء يجب توقيف كل الرحلات و لكل الوجهات فمثلا اذا كان هناك مريض جزائري سافر من اوربا الى دولة اخرى مثلا لا توجد فيها الكورونا و من هناك  يطير الى للجزائر . اذا لم تتوقف الرحلات فالمرض سيدخل اليوم او غدا	Neutral
2928	@SaudiNews50 خلوهم يجون يمكن انهم علاج كورونا اللي حنا ندوره وخلونا نرفع سعره حياهم الله	Neutral
2929	يامنزل الشفاء ورافع البلاء  ويامجيب الدعاء .. اللهم ارفع عنا البلاء والوباء والمِحن .. اللهم احفظ بلادنا وبلاد المسلمين من كل مكروه .. اللهم اشفى مرضانا وعافي مبتلانا وارحم موتانا ..  اللهم إنا نسألك ضياءً في طريقنا وفرجاً  لضيقنا ونوراً لقلوبنا وتيسيراً لأمورنا  #كورونا	Neutral
2930	اصيب ابن العم يوسف عادل الفضلي بفايروس كورونا (كوفيد -١٩) اثناء اداء عمله في مستشفى الفروانية. نسألكم الدعاء له بالشفاء العاجل في هذا الشهر الفضيل  الف لاباس عليك يابوسعد طهور ان شالله وعسى الله يشافيك ويعافيك وياجرك  https://t.co/giam3HjHua	Neutral
2931	هذه الأيام تتطلب .. الكثير من ، الصبر ، والصمت ، والتجاهل .                          #حظر_كلي                                                      #فيروس_كورونا  https://t.co/FcbEbxis7c	Neutral
2932	#كورونا من جميل شعر الامام الشافعي رحمه  وتضيق دنيانا فنحسب أننا سنموت يأسا او نموت نحيبا  وإذا بلطف الله يهطل فجأتا يربي من اليبس الفتات قلوبا  قل للذي ملاء التشاؤم قلبه  ومضى يغلق حولنا الافاقا  سر الحياة حسن ظنك بالذي  خلق الحياةوقسم الارزاقا  https://t.co/U4F6N9PhoI	Neutral
2933	التطوع  للخدمة انا المتطوع .(عادل العصيمي) أعلن تطوعي للعمل لخدمة الشعب والمملكة   في حال استدعت الظروف أي عمل تطوعي مهما كان فيه مصلحة عامة.وخصوصا لا قدر الله انتشار فيروس كورونا في اي مكان وأنا مع أي جهة تحتاجني  في الطائف. @tc_gov  @SaudiMOH  @MCgovSA  @saudimomra  https://t.co/SUV6syqhK8	Neutral
2934	صورة من ألبوم المعاناة  مع إتصالات الجزائر . #ريح_في_داركم #Algerie  #Algeria  #فيروس_كورونا  #الجزائر #الحجر_الصحي #Covid_19  #خليك_في_البيت  https://t.co/X6YUKvYmfn	Neutral
2935	عند الخروج من المنزل عليك اتباع سبل الوقاية الصحيحة: - اغسل يديك وعقمها باستمرار.  - ابتعد عن أماكن التجمعات.  - لا تقترب من أحد واجعل مسافة لا تقل عن مترين.  وتذكر دائمًا أن كبار السن، وأصحاب الأمراض المزمنة هم الأكثر عرضة للفيروس.. ساهم بحمايتهم. #الوقايه_من_كورونا	Neutral
2936	الحمد لله الذي كشف الفيروس غباء من يخرجون للحراك #شرذمة بعد عام من جنون العظمة #اللهم_انا_نعوذ_بك_من_البرص_والجنون_والجذام_ومن_سيء_الأسقام #حاله_الطواري_يا_تبون	Neutral
2937	بقلوب مؤمنة راضية بقضاء الله وقدره أتقدم بخالص العزاء وصادق المواساة لعائلة العزران  في وفاة المرحومة -بإذن الله تعالى- حسناء مريخان العزران  متأثرة بفيروس #كورونا تقبلها الله في الشهداء  تغمدها الله برحماته وأسكنها فسيح جناته وألهم أهلها وذويها الصبر والسلوان	Neutral
2938	#الصراحه يمثلني   الشعب طول اليوم في الشوارع وبالليل يروح يشوف نتائج الكورونا عبالهم انتخابات  https://t.co/dBsPzogPgS	Neutral
2939	مهو مبقاش باكل الحواوشي ب3 جنيه وتيجي تقولي فيروس هيموتك  https://t.co/BnnUgh7Pjj	Neutral
2940	هي مش دي كورونا 😵😵سنموت بعد قليل 😏😏  https://t.co/EIvBDh8fS3	Neutral
2941	@LiveWellMOH @SABIC إشاعة ❌ البخور يقتل فايروس كورونا  إشاعة❌ الليمون علاج فعال لفايروس كورونا اشاعه..... الزنجبيل يقتل فابروس كورونا لا للإشاعات  وخذ العلم من وزارة الصحة وجهة الاختصاص . .. . #فوازير_عش_بصحة	Neutral
2942	الجزائر هي أعلى دولة في العالم من حيث نسبة عدد الوفيات بفيروس كورونا  توفى 293 شخص من بين 1914 حالة مصابة بنسبة تصل الى أكثر من 15 % وهي أعلى نسبة في العالم  ربنا يسلم ويستر على الجميع	Neutral
2943	@AJELNEWS24 بفضل الله ثم ولاة امرنا اعزهم الله سيذهب وباء كورونا وسيذهب معه البلاء بإذن الله  بلاد المسلمين واحفظنا بحفظك يارب العالمين استودعت الله نفس واهلي والمسلمين جميعاً ورجعنا بسلامة لاهلينا يارب وحشتني يا امي  يارب يفتح الرحلات وارجع  الله يحميهم ويحمي مملكتنا الغاليه من كل مكروه	Neutral
2944	تخيل تبقي مستني الكورونا تخلص وبعد ماتخلص وتيجي تنزل،تنزل ع دروس 3 ث🌚	Neutral
2945	@waleedalfarraj الله يسترنا بستره حنا وياكم من ودايع الله والله يكفينا شر هذا الوباء الله يفكنا منه عاجل غير اجل	Neutral
2946	كلمة ل سيء الذكر #حسن_زميره  يوم الجمعة الساعة ٨.٣٠ م حتى يطمنكن انه مش مصاب ب #فيروس_كورونا  #كورونا_لبنان  #لبنان_يتنفض  #لا_داعي_للهلع  #لا_ثقة  #انتخابات_نيابية_مبكرة  #سنموت_بعد_قليل	Neutral
2947	قالو الصين جواها ضحايه ده فيها فيرس كورونا قتال طب عرفنا لى نهايه ي موت ي علاج يكون فعال لاكن فيرسنا ف صحبنا ملهوش علاج طبع الاندال.....🎼🎼	Neutral
2948	قالوا لهم: ممنوع التجمعات قالو: لاعادي نحن أهل كورونا: اهاا خلاص ماجيكم دامكم أهل.  #التجمعات_العايليه	Neutral
2949	اللهم بشرنا بزوال هذا الوباء ورفع عنا هذا البلاء وطهر الأرض منه واشف مرضانا ومرضى المسلمين والعالم أجمعين إنك الغفور الرحيم ،اللهم قلت وقولك الحق وما كان الله معذبهم وهم يستغفرون فاللهم نستغفرك ونتوب إليك من جميع الذنوب  #فيروس_كورونا_الجديد	Neutral
2950	"طلعت"" #لا_داعي_للهلع "" متل ""الليرة بألف خير""🥴🤓  #سنموت_بعد_قليل  #كورونا_لبنان"	Neutral
2951	راني نستنى يتبرع هذا الوطني ب60 مليار للمصابين بوباء الكورونا في الجزائر كيما تبرع للكنيسة تاع فرنسا واحد العام .  https://t.co/PZoju2kMhx	Neutral
2952	⚡ نصائح هامة جدا لتجنب فيروس كورونا ⚡   https://t.co/57uOrwVowZ  #إيبيكو #نصائح_صحية #فيروس_الكورونا #EIPICO #Consumer_Health #EIPICO_Consumer_Health #Healthy_Tips #Coronavirus #COVID_19	Neutral
2953	روشتة علاج كورونا ..صباحا ومساءا....بسم الله الذى لا يضر مع اسمه شيئ في الأرض ولا فى السماء و هوه السميع العليم	Neutral
2954	@AbduIkaerm @pfhadq1 يارب يروح الوباء وترجع الحياة لطبيعتها	Neutral
2955	انا المتطوع: (سيد علي الغالبي ) أعلن تطوعي للعمل لخدمة الشعب العراقي  في حال استدعت الظروف أي عمل تطوعي مهما كان فيه مصلحة عامة.وخصوصا  لا قدر الله انتشار فيروس كورونا في اي مكان وبالاخص مدينتي #أنا_متطوع إذا إحتاج العراق يدٍ عاملة لتوزيع حاجيات المواطنين تحت الحجر الصحي  https://t.co/H3xViAbyUM	Neutral
2956	الكمامة لا تحتاجها في كل وقت..! 🔸تعرف متى يجب عليك لبسها ؟ #الوقاية_من_كورونا  #كورونا_الجديد  #كورونا #Covid19  https://t.co/xSo5CYUO6b	Neutral
2957	"""هذه الأيام تتطلب الكثير من الصبر والصمت والتجاهل"" 😎  #الأردن #كورونا_الاردن #حظر_التجول"	Neutral
2958	مبروك يا شعب #لبنان العظيم الطائرة الاتية من إيران وعلى متنها ١٥٠ مسافر سيدخلون إلى لبنان #لا_داعي_للهلع  #فيروس_كورونا  #كورونا_لبنان  #لا_ثقة  #انتخابات_نيابية_مبكرة  #سنموت_بعد_قليل	Neutral
2959	"متنساش تقول الدعاء ده وانت خارج من بيتك: ""تحصنت بذي العزة والجبروت، واعتصمت برب الملكوت، وتوكلت علي الحي الذي لا يموت، اللهم اصرف عنا هذا الوباء وقنا شر الداء ونجِنا من الكورونا والبلاء بلطفك ومنِك وكرمك يا لطيف يا خبير، إنك على كل شئ قدير  اللهم اني استودعتك نفسي و احبتي ♥"	Neutral
2960	#النقاب مقال في الصحف الفرنسية  لاخوف على المنقبات لأنهن الأقل عرضة لفيروس كورونا،حيث أنهن لايتبادلن القُبل للتحية أويصافحون بالأيدي أوالأحضان وفوق ذلك كل جسدهن مستوروهي النصائح التي أطلقتهاالمتخصصون لتفادي العدوى اللهم أعز الإسلام والمسلمين أمس كانو يحاربون النقاب والان يمدحون.  https://t.co/DJM8QsDZ68	Neutral
2961	متى يجب عليك لبس الكمامة؟  #الوقايه_من_كورونا  #COVID19	Neutral
2962	@MOISaudiArabia بفضل الله ثم ولاة امرنا اعزهم الله سيذهب وباء كورونا وسيذهب معه البلاء بإذن الله ابشر سمعا وطاعة يا سيدي لاجل الوطن نفدا بروحنا وقلبنا للوطن 🕋🇸🇦	Neutral
2963	الصين فيها مليار ونص وما طلع معن نكت أد ما نكتوا عليِّ ب #لبنان 🥺   #كورونا #سنموت_بعد_قليل #لا_داعي_للهلع	Neutral
2964	إجراءات مطار بيروت معك كورونا 🕵️ لا 👴 حلوف 👮 وحياة إمي 🙍 أهلا وسهلا 🙏 نورت لبنان 🇱🇧 والله لنكيف💃💃	Neutral
2965	علاج فيروس الكورونا: إمضغ سنين من الثوم هذا لا يساعدك في شيء  لكن سيبعد عنك الناس مسافة كافية.🙋‍♂	Neutral
2966	#العشرة_الأواخر  سلامتنا سعادتنا وغايتنا الامان لكم لأنكم أنتم أغلى ما نملك نسأل الله الأمن والسلامة  سجل وانشر عروضك مجانا بدون عمولة  سلامتنا  https://t.co/RTTMA31gCp تعرف على السر وراء ذلك.. كورونا يستهدف الرجال أكثر من النساء  https://t.co/WqjOqwPgm6  https://t.co/tc3knrPZLG	Neutral
2967	الجزائر عندها اخطر من فيروس كرونا ...الا هم الزواف.....	Neutral
2968	#وزارة_الصحة تؤكد عند الخروج من المنزل عليك اتباع سبل الوقاية  - اغسل يديك وعقمها باستمرار.  - ابتعد عن أماكن التجمعات.  - لا تقترب واجعل مسافة لا تقل ٢م  كبار السن، وأصحاب الأمراض المزمنة هم الأكثر عرضة للفيروس.. ساهم بحمايتهم. #الوقاية_من_كورونا  #كلنا_مسؤول #فك_الحظر	Neutral
2969	إن هذه الأيام تتطلب الكثير من الصبر، والصمت.! نحن و #فيروس_كورونا	Neutral
2970	تم تأكيد اصابتي بفايروس كورونا اثناء العمل في الخطوط الامامية..   نسألكم الدعاء 🙏🏼 🎈   #حظر_كلي  https://t.co/HDX6LjdAqN	Neutral
2971	٥/يجب استخدم المنديل عند السعال أو العطس وتغطية الفم والأنف به، والتخلص منه في سلة النفايات ثم غسل اليدين جيدًا. وإذا لم يتوافر المنديل، فيفضل السعال أو العطس على أعلى الذراع وليس على اليدين #كورونا_الجديد #الطب_الوقائي	Neutral
2972	#جامعه_اكسفورد لماذا تنتظرون العلماء حتى يكتشفوا الدواء للكورونا ،عندي وصفه تخلص اميريكا من الكورونا خلال ساعه باذن الله وتعيد عجله الخياه الى طبيعتها وتعيد الاقتصاد لاميريكا وللعالم تعالوا لنعقد صفقه العمر صفقه النجاه تلفون 972522878900 الوصفه ناجحه ١٠٠/١٠٠ مجربه على البشر والحي	Neutral
2973	"مركز كليفلاند الطبي الأمريكي : "" دواء ريمديسيفير ""  - فعال ويسيطر على فيروس كورونا . - ينجح بتقليل مدة الشفاء ل 4 أيام .  قريباً ستعود الحياة كما كانت بإذن الله ☝🏼"	Neutral
2974	السبب الأول والرئيسي لدخول #فيروس_كورونا للجزائر هم القادمون من فرنسا، ورغم ذلك لم توقف السلطات كل الرحلات الجوية والبحرية معها، و مع كافة الدول الأوروبية.  يجب أن نستفيد ممن سبقونا في مكافحة الفيروس.  #الجزائر  #CODVID19  #COVIDー19	Neutral
2975	ياجماعة وقت الهزار خلص  الفيروس بيتنقل عن طريق الفلوس  نناشد التجار تبيع (شكك)  لحد ما نشوف البلاوي دي و الجو وحش ومفيش فلوس اساسا و الحالة حاطة ف يريت تبيعو شكك لحد ما نلاقي فلوس متعكما	Neutral
2976	#السعوديه_وجائحه_الكورونا عندي وصفه طبيعيه ناجحه ١٠٠/١٠٠ تقضي على الكورونا بالمهد، انا جاهز ان اسلمها لكبار علماء الطب لكي يفحصوها تلفون للاستفسار 972522878900 انا جاهز ان اعقد صفقه مع العالم كله لاخراجهم من الفيروس بالوصفه الطبيعيه ، مجربه على البشر وعلى الحيوان .وصفه لا شيه فيه	Neutral
2977	متى يجب عليك لبس الكمامة؟ 👇🏼 #الوقايه_من_كورونا  #كلنا_مسؤول  https://t.co/K0Lj8OuB3p	Neutral
2978	يامنزل الشفاء ورافع البلاء ويامجيب الدعاء اللهم ارفع عنا البلاء والوباء والمِحن اللهم احفظ بلادنا وبلاد المسلمين من كل مكروه اللهم اشف مرضانا وعاف مبتلانا وارحم موتانا  اللهم إنا نسألك ضياءً في طريقنا وفرجاً لضيقنا ونوراً لقلوبنا وتيسيراً لأمورنا #فيروس_كورونا #عمان_تواجه_كورونا  https://t.co/dynHCeg2M6	Neutral
2979	الشعب طول اليوم في الشوارع وبالليل يروح يشوف نتايج الكورونا حسبالهم انتخابات 🌚	Neutral
2980	إعلان حالة الطوارئ ومنع التظاهر أصبح أمر لا مفر منه  #حالة_الطوارئ_يا_تبون #الجزائر #كورونا	Neutral
2981	اني (عباس علي النعيمي ) أعلن تطوعي للعمل لخدمة الشعب العراقي  في حال استدعت الظروف أي عمل تطوعي مهما كان فيه مصلحة عامة.وخصوصا  لا قدر الله انتشار فيروس كورونا في اي مكان #انا_متطوع  إذا إحتاج العراق يدٍ عاملة لتوزيع حاجيات المواطنين تحت الحجر الصحي من أكل وشرب وغيره.النعيمي  https://t.co/eUT5PvbMdo	Neutral
2982	@NACER544 كورونا ليست وباء فقط بل مدرسة، علينا ان تعلم دروسها، حرصا على البشرية، وعلى حياتنا، ولعلها أكثر من علمنا أن أمر الله يطال العامة والخاصة، وأنه لا مفر منه الله يسعدك	Neutral
2983	#ضرب_الرمل الله يلعن ابو الكورونا اللي حرمتنا من صلاة التراويح  -خالد ٣٠سنة مايصلي الا على النبي لما يشوف بنت حلوه	Neutral
2984	اللهم بشرنا بزوال هذا الوباء وارفع عنّا هذا الابتلاء   وطهر الأرض منه واشفي مرضانا ومرضى   العالم اجمعين إنك الغفور الرحيم   اللهم   قلت وقولك الحق وما كان الله معذبهم وهم يستغفرون   فاللهم نستغفرك ونتوب إليك من جميع الذنوب #انا_مع_حظر_التجول_الاجباري  #كورونا #الأحد #نبيها_صفر	Neutral
2985	مدرسة ( كورونا )؟؟ كورونا مدرسة نتعلم من دروسها، لمواجهة أخطار أكبر  علمتنا أن أمر الله يطال العامة والخاصة وأنه لا مفر من الله إلا إليه  نتعلم إصلاح ذواتنا وصحتنا وتعليمنا  وكذلك أعتمادنا في  أقتصادنا علي مواردنا وأستثمارها وتنميتها والبحث عن بدائل  توازي النفط صناعية أوزراعية .	Neutral
2986	*- تضامن شعبي *- الحوادث خفت *- الملاعب فاضية *- القهاوي مسكرة *- الطوابير منظمة *- السيارات مصفوفة *- تلوث بيئي منخفض مستشفيات متأهبة لا اختلاط لا مصافحة شوارع فاضية و هادئة البيوت نظيفة و معقمة مأكولات شهية و متنوعة النسوان قاعدين بالبيوت *-{ الكورونا ما جات تقتل جات تربي }-*	Neutral
2987	العيد الأحد  ولا حد يسلم على أحد🤝  ولاحد يروح عند  أحد 🚶🏻‍♂️ ولاحد يلوم احد🥱  كورونا ما يرحم احد،!!!🐲  ويبعد عننا كل وباء وبلاء ..  كل عام وانتم بصحة وسلامة♥️ ..	Neutral
2988	الوقاية خير من العلاج ..  و #كورونا لا يوجد له علاج الا الوقاية منه .  https://t.co/d0Kp1UU0eF	Neutral
2989	#كورونا #الجزائر 25 فيفري / 26 ماي #2020 #مصطفى_بسطامي / جريدة #الخبر  #الجزائر #كورونا #كوفيد_19 #ريح_في_دارك #اقعد_في_دارك #الحجر_المنزلي #الحجر_الصحي #الحراك_الشعبي #algeria #Algérie #hirak #corona  #mustapha_bastami #covid_19 #confinement  https://t.co/Q5lUZt4TyD	Neutral
2990	متى يجب عليك ارتداء الكمامة؟ #كورونا  https://t.co/y2bmWghoXX	Neutral
2991	@AiiiA_111 بأذن الله راح يروح الوباء	Neutral
2992	تعلن #وزارة_الصحة عن وفاة مقيم مصاب بمرض كورونا #كوفيد١٩ يبلغ من العمر ثلاثة وأربعين عاماً ليبلغ عدد الوفيات من هذا المرض #بالسلطنة ست عشرة وفاة. وتتقدم وزارة الصحة إلى ذوي الفقيد بخالص العزاء والمواساة سائلة الله سبحانه أن يلهم أهله وذويه الصبر والسلوان.  https://t.co/XxQMwy6cTJ	Neutral
2993	مرحباً بالإسراف في عمل الخير  ولا للإسراف من أجل الإستعراض والتباهي الإجتماعي #محمد_بن_زايد #بوخالد    #جمعية_كلنا_الإمارات   #لا_تشلون_هم #شكراُ_خط_دفاعنا_الأول #خلك_في_البيت #الامارات #فيروس_كورونا   #ملتزمون_يا_وطن @AwadAldarmaki @NadaAlRaeesi  @nadia_almheiri @Alsaeediuae  https://t.co/bqZbq8KJVX	Neutral
2994	اذا ذهب هذا الفيروس(كورونا)ولم يحرك ضمائركم يا اصحاب الكراسي الرئاسية،فتأكدوا بأنكم انتم الوباء على هذه الأرض، لأن الفيروس لم يأتي ليقتل فقط بل جاء ليوقظكم من غفلتكم #شحادين_ببلدنا	Neutral
2995	#كورونا_الجديد (فَمَا ظَنُّكُم بِرَبِّ الْعَالَمِينَ)  وعلى سبيل حسن الظن بالله :سيذهب الوباء ومعه البلاء وسيأتي الفرج بأمر الله تفاءلوا بالخير تجدوه، وإن حدثوك عن أمر مخيف فحدثهم عن رب لطيف رحيم رددوا بقولوبكم قبل ألسنتكم يالله يالله يا ربنا ياربنا رحماك ولطفك يارحيم ....	Neutral
2996	علاج كورونا☝ مَنْ قَالَ بِسْمِ اللَّه الَّذِي لَا يَضُر مَعَ اسْمِه شَيئ فِي الْأَرْضِ وَلَافِي السَّمَاءِ وَهُوَالسَّمِيع الْعَلِيمُ ثَلَاث مَرَّات لَمْ تُصِبْه فَجْأَة بَلَاء حَتَّى يُصْبِحَ وَمَن قَالَهَاحِينَ يُصْبِح ثَلَاث مَرَّات لَمْ تُصِبْهُ فَجْأَة بَلَاءٍحَتَّى يُمْسِي	Neutral
2997	#نيويورك عندي وصفه طبيعيه ناجحه ١٠٠/١٠٠ تقضي على الكورونا بالمهد، انا جاهز ان اسلمها لكبار علماء الطب لكي يفحصوها تلفون للاستفسار 972522878900 انا جاهز ان اعقد صفقه مع العالم كله لاخراجهم من الفيروس بالوصفه الطبيعيه ، مجربه على البشر وعلى الحيوان .	Neutral
2998	@nor_Ghozlnnaili عندنا زواف هم و كورونا خاوة خاوة ، و عندهم هم و اليهود خاوة خاوة و الجزائر عداوة كما قالها المعتوه الدبلوماسي	Neutral
2999	"""الله يلعن الكورونا اللي قفلت المساجد و حرمتنا من التراويح"" محمود.. ٣٥ سنة ما يصلي الا على النبي اذا شاف بنت حلوة"	Neutral
3000	لبنان الغريق  لبنان الحريق  لبنان ينتفض  لبنان الدولار  لبنان الكمامة  لبنان كورونا  لبنان الجراد لبنان الفساد  لبنان المحسوبيات  لبنان في شي اكبر مني ومنك عم يصير  ولا داعي للهلع  #سنموت_بعد_قليل	Neutral
3001	"#Algeria #COVID19DZ #CoronaVirusAlgeria  #الجزائر #كورونا_الجزائر  #فيروس_كورونا #كوفيد19  #الحجر_الصحي #وعينا_يحمينا   #اقعد_في_داركم #شد_دارك #StayHome   صممته شركة ""#IncubMe""  تطبيق رسمي لمكافحة فيروس كورونا في الجزائر  https://t.co/tbWancZDT2"	Neutral
3002	أفضل حل للازمه إلي حنا فيها هو إلغاء الترم خاصه أن عدد المصابين بفايروس كورونا في تزايد و البعض ما عنده اجهزه كافيه أو ما عنده القدره انه يشتري #الغاء_الاختبارات	Neutral
3003	#فيروس_كورونا 🦠 في هذه الأزمة التي تمور فيها البلاد أتمنى لكم أمسية طيبة.   #ريح_في_داركم 🏡 #COVID19dz ☣️ #الجزائر 🇩🇿  #وعينا_يحمينا 🗣 #الحجر_الصحي🧘‍♂️#كلنا_مسؤول ✊  #بيتك_حياتك 🚹 #حظر_التجوال_في_الجزائر 🚷	Neutral
3004	نحن شعب ما فينا نتحد على شي ! حتى بل #كورونا  انقسمنا قسمين قسم مصدق و قسم عم يقول هيدي كلها كذبة لا يلهونا !!   #سنموت_بعد_قليل  #كورونا_لبنان  #لبنان_يثور  #لبنان__ينتفض #كورونا_في_لبنان  #لا_داعي_للهلع #لبنان	Neutral
3005	#كورونا #الجراد #لا_داعي_للهلع #سنموت_بعد_قليل هيدا ملخّص اليوم #تصبحون_على_خير والله يستر	Neutral
3006	قالوا لهم: ممنوع التجمعات قالو: لاعادي نحن أهل كورونا: اهاا لا خلاص مش جايكم مدامكم أهل.	Neutral
3007	شوارع نظيفة و هادئة بيوت معقمة نساء ماكثات بالبيوت اطفال تحت العناية المنزلية تلوث بيئي منخفض مستشفيات متأهبة  شباب مسؤول و اعمال خيرية مساواة بين الفقراء و الاغنياء  لا اختلاط لا تقبيل لا مصافحة #كورونا لم تأت لتقتل فقط بل نظمت مجتمع بأكمله أحيانا بعض المصائب يبعثها الله لتهذبنا	Neutral
3008	رحم الله #الممرض_خالد_الحسيني؛ الذي قضى نحبه في مواجهة #كورونا  وأجزل ثوابه وغفر ذنبه، وجعل الجنة مستقره، وألهم أهله وذويه الصبر والسلوان.. إنا لله وإنا إليه راجعون	Neutral
3009	- سيارات مركونة للضروره فقط -شعب مسالم خالي من العصبية و الشجارات  -انعدام التلوث البيئي -مستشفيات متأهبة لكل طاري -اطقم طبية منظبطة و مستعدة  -شباب مسؤول و اعمال خيرية منتشرة  -تضامن شعبي واسع جدا -ملاهي ومحرمات مغلقة  - حفلات وسخافات لا يوجد  قف ✋✋ كورونا جاء ليربي.ويؤدب	Neutral
3010	مالي أرى الناس في رُعب يورقهم          من #الكورونا كأن الموت قد وصلَا يا خائفا من لقاء الموت مرتعدا        هل يمنع الخوف أمر الله إن نزلَا َالموت كأس وحتماً سوف نشربه        لا شك إنّا سنرحل مثل من رحلَا فلا تموتوا بداء الخوف وابتسموا        لا ينتهي العمر حتى نَبلُغ الأجـــلا	Neutral
3011	نصائح مهمة لتجنّب فيروس كورونا  التفاصيل:  https://t.co/17YBC2TOkJ  https://t.co/28RLlcv1oz	Neutral
3012	اللهم بشرنا بزوال هذا الوباء وارفع عنّا هذا الابتلاء  وطهر الأرض منه واشفي مرضانا ومرضى  العالم اجمعين إنك الغفور الرحيم  اللهم  قلت وقولك الحق وما كان الله معذبهم وهم يستغفرون  فاللهم نستغفرك ونتوب إليك من جميع الذنوب #كورونا_في_الكويت	Neutral
3013	الله يلعن الكورونا حرمتنا من ممارسة كرة القدم محمد ،  رجليه الثنتين شمال ..  😎😎😎	Neutral
3014	#كورونا_الجديد #دعاء  #دعاء  اللهم اغفر لي خطيئتي وجهلي، وإسرافي في أمري وماأنت أعلم به مني، اللهم اغفر لي جدّي وهزلي وخطأي وعمدي وكل ذلك عندي، اللهم اغفر لي ماقدمت وماأخرت، وماأسررت وماأعلنت، وماأنت اعلم به مني، أنت المقدّم وأنت المؤخر، وأنت على كل شئ قدير .	Neutral
3015	تخيل يجيلك كورونا قبل ما تتجوز ، بعد إذن نهاية العالم يا شباب ملحقتش اتكاثر.	Neutral
3016	اللهم شافي وعافي     العم خالد مثال الحباج د.صلاح خالد مثال الحباج  خالد وليد خالد الحباج   بعد ثبوت اصابتهم بفايروس كورونا  والان يحتاج الدعاء منكم واسأل الله العظيم رب العرش العظيم أن يشفيهم ويشفي جميع مرضى المسلمين  #كورونا_الكويت	Neutral
3017	مقال في الصحافة الفرنسيةلا خوف على المنقبات لأنّهن الأقل عُرضة لفيروس كورونا حيث أنهنّ لا يتبادلن القُبل للتحية أو يصافحون بالأيدي أو الأحضان وفوق ذلك كل جسدهن مستور و نظيفة بالوضوء المستمر.  وهي النصائح التي أطلقتها المتخصصون لتفادي العدو وبعدها يجي سقيطة يقول النقاب ظلم للمرأة	Neutral
3018	#عمان_لايف | ارتفاع وفيات كورونا بالسلطنة إلى ٣٨ حالة  . ولاية #مطرح تسجل حالة وفاة جديدة لمقيم يبلغ من العمر 67 عاماً مصاب بمرض كورونا، سائلين الله سبحانه أن يلهم أهله  وذويه الصبر والسلوان  https://t.co/TI6zTksSje	Neutral
3019	#عبدالعزيز_المسعود نحن نعيش أيام تتطلب الكثير من الصبر والصمت والتجاهل.#كوفيد_19	Neutral
3020	فيديو | نصائح مهمة يجب اتباعها لتفادي الإصابة من فيروس #كورونا  https://t.co/p2RqYrNr0E	Neutral
3021	بسبب كورونا الصين لاخروج من المنزل ايطاليا لادراسة لاعمل السعودية لاحج لا عمره  ليبيا خالق الراس قاطعه🙂	Neutral
3022	خلونا نجلس في البيت... خلونا نتبع ارشادات التباعد المجتمعي... وخلونا كلنا نقول في #عمان كورونا ماله مكان...  https://t.co/sSds7tdjSt	Neutral
3023	لا ما هو انا مبقاش باكل حواوشي ب ٢ جنيه و تقولي حاسب فيه ڤيروس هيموتك #فيروس_كورونا_المستجدّ #وزيره_الصحه  https://t.co/ZubgXKZIcL	Neutral
3024	#كلنا_مسؤول عند الخروج من المنزل عليك اتباع سبل الوقاية الصحيحة: - اغسل يديك وعقمها باستمرار.  - ابتعد عن أماكن التجمعات.  - لا تقترب من أحد واجعل مسافة لا تقل عن مترين.  وتذكر أن كبار السن، وأصحاب الأمراض المزمنة هم الأكثر عرضة للوباء. #وزارة_الصحة  #السعودية  #كورونا	Neutral
3025	@sanggovsa @fayez_malki بفضل الله ثم ولاة امرنا اعزهم الله سيذهب وباء كورونا وسيذهب معه البلاء بإذن الله.   المفروض المشاهير يكونو قدوة حسنة للناس والمفروض نحنا كشعب نتعاون عشان نتجاوز الأزمة . ويارب ارجع بسلامه لامي ربي يحميها لي واحفظها لي يارب لاجل الوطن نفدا بروحنا وقلبنا للوطن 🇸🇦🕋🇸🇦	Neutral
3026	حقيقه مالي أرى الّناس في رُعبٍ يؤرقهم   من الكورونا كأن الموت قد وصلَ  يا خائفاً من لقاء الموتِ مرتعداً هل يمنع الخوف أمرَ الله  إن نزلَ؟  َالموتُ كأساًُ وحتماً سوفَ نشربهُ  لا شك إنّا سنرحلُ مثل من رحلَ  فلا تموتوا بداءِ الخوفِ وابتسموا لا ينتهي الـــعمرُ حتى نَبلُـغ الأجلَ	Neutral
3027	لا ما هو انا مبقاش باكل حواوشي ب ٣ جنيه و تقولي  حاسب فيه ڤيروس هيموتك #كورونا	Neutral
3028	شوارع فاضية و هادئة البيوت نظيفة و معقمة مأكولات بالبيت شهية و متنوعة الأولاد تحت العناية المنزلية المركزة  الحوادث خفت تلوث بيئي منخفض  الطوابير منظمة مستشفيات متأهبة  شباب مسؤول وأعمال خيرية منتشرة تضامن شعبي ... لا اختلاط  لا مصافحة الكورونا ما جات تقتل جات تربي👌	Neutral
3029	إبق في بيتك لأنه لا يوجد علاج ... #الحجر_الصحي #فيروس_كورونا  #كورونا  #ريح_في_داركم  #الجزائر	Neutral
3030	#لبنان  سيتم بناء مستشفى ل ١٠,٠٠٠ مريض في مدّة لا تتجاوز ال ٢٠ سنة  #كورونا #لا_داعي_للهلع #سنموت_بعد_قليل	Neutral
3031	خلونا نجلس في البيت... خلونا نتبع ارشادات التباعد المجتمعي... وخلونا كلنا نقول في #عمان كورونا ماله مكان...  #عمان_تواجه_كورو #خليك_بالبيت#كورونا  https://t.co/1H2HuD2BdL	Neutral
3032	تعامل مع أي شخص كأنه مصاب  و تصرف مع كل الناس كأنك مصاب   قاعدة صينية لإجتناب العدوة #حالة_الطوارئ_يا_تبون #Algerie #فيروس_كورونا #ريح_في_داركم  #COVIDー19	Neutral
3033	فيديو توعوي .. متى يجب عليك غسل اليدين ؟     https://t.co/qUvTVbMpz6 #الوقايه_تقاوم_كورونا	Neutral
3034	الشعب كلة صايع بره طول اليوم وبليل يروح يشوف نتائج الكورونا ؛ فاكرها انتخبات .	Neutral
3035	@News_Ejazah إن شاء الله يروح هذا الوباء	Neutral
3036	عند الخروج من المنزل للضرورة القصوي عليك اتباع سبل الوقاية الصحيحة ضد #فيروس_كورونا  - اغسل يديك وعقمها باستمرار.  - ابتعد عن أماكن التجمعات.  - لا تقترب من أحد واجعل مسافة لا تقل عن  مترين.  وتذكر دائمًا أن كبار السن، وأصحاب الأمراض المزمنة هم الأكثر عرضة للفيروس ..	Neutral
3037	@moe_gov_sa #التطوع للخدمة انا المتطوع ....(علاء سعيد حميد   )  أعلن تطوعي للعمل لخدمة الشعب والمملكة   في حال استدعت الظروف أي عمل تطوعي مهما كان فيه مصلحة عامة.وخصوصا  لا قدر الله انتشار فيروس كورونا في اي مكان #انا_متطوع إذا إحتاجت المملكة يدٍ عاملة لتوزيع حاجيات المواطنين  https://t.co/d08acx78ez	Neutral
3038	#تفاءلوا_بالخير_تجدوه فالهموم كالغيوم ما تراكمت إلا لتمطر ... سيذهب الوباء والبلاء وسيأتي رمضان ومعه الفرج وإن حدثوك عن أمر مخيف فحدثهم عن رب لطيف   #كورونا_العالم  https://t.co/VDpfPMHbbS	Neutral
3039	لبنان كوكب المفاجأة سنموت بعد قليل🙂 #كورونا	Neutral
3040	"#كورونا_السعوديه "" خلونا نردد هذا الدعاء :  اللهم إني أعوذ بك من البرص، والجنون، والجذام ، ومن سيء الأسقام .. ♥️🤲🏻"	Neutral
3041	سيزول بإذن الله  ويأتي رمضان ونحن بأتم الصحة والعافيه  اللهم استودعتك احبابي ووطني واوطان المسلمين واهلهم فحفظهم واحفظنا بحفظك يارب العالمين❤️ #كورونا_الاردن  https://t.co/P6WSPSQx8w	Neutral
3042	لسان حال كل لبنانية مغرومة اليوم بايب اذا صار معي #كورونا بتضل تحبني ؟    #سنموت_بعد_قليل  #لا_داعي_للهلع	Neutral
3043	#ريح_في_داركم قاعدة الإنتصار على الكورونا:  أن تتعامل مع أي شخص على أنه مصاب،  وتتصرف أنت مع كل الأشخاص على أنك مصاب.  (وزير الصحة الصيني)  #ريح_في_داركم #COVIDー19 #حالة_الطوارئ_يا_تبون	Neutral
3044	@moi_algerie 1/يتم توقيف الرحلات بنسبة كبيرة منذ أمس في كل الدول بعد إعلان م.ص.ع الفيروس كوباء، وتبقى فقط الرحلات الضرورية كجلب العالقين في الموانئ والمطارات والرحلات الرسمية ورحلات نقل البضائع وحتى هذه الأخيرة يتم تقليلها وهذا في كل الدول ومنها الجزائر، ورغم أن القرار أعلن يوم 13 مارس على...  https://t.co/uaDXkIvTYZ	Neutral
3045	وزارة الصحة  عند الخروج من المنزل :  - اغسل يديك وعقمها باستمرار.  - ابتعد عن أماكن التجمعات.  - لا تقترب من أحد واجعل مسافة لا تقل عن مترين.  وتذكر دائماً أن كبار السن، وأصحاب الأمراض المزمنة هم الأكثر عرضة للفيروس..فساهم بحمايتهم #معا_ضد_كورونا  #خليك_بالييت  https://t.co/i69E2qbRyC	Neutral
3046	عهد فاشل.حكومة فاشلين.فساد.فوضى.جبران باسيل.كورونا.جراد .. شو بعد في ما إجى على #لبنان؟ وينوا النيزك؟  #كورونا #كورونا_لبنان #سنموت_بعد_قليل #لا_داعي_للهلع #فيروس_كورونا #الاستقالة_أشرف #العهد_الفاشل #لبنان_ينتفض #وزير_الصحه	Neutral
3047	@SarahOreiby يابنتي خلاص مبقاش عندهم كورونا	Neutral
3048	الهروب من كورونا - World War Z   https://t.co/e2gZQnFk3g	Neutral
3049	-تلوث بيئي منخفض  -مستشفيات متأهبة  -أطقم طبية منظبطة و مستعدة  -شباب مسؤول و أعمال خيرية منتشرة  -تضامن شعبي  -ملاهي و مقاهي مغلقة  -ملاعب فارغة  -نقص الألفاظ البذيئة  -مساواة بين الفقراء و الأغنياء  -لا اختلاط لا تقبيل لا مصافح  #كورونا  لم تأتي  لتقتل فقط بل جائت تربي  😂	Neutral
3050	#الشروق| نصائح لتجنب الإصابة بعدوى كورونا خلال التسوق   https://t.co/cc2yicXpjC  #كورونا #فيروس_كورونا  https://t.co/zEaDFhl1AF	Neutral
3051	قاعد عندي واحد من الربع يقول الله يلعن ابو الكورونا اللي قفلت المساجد وحرمتنا من صلاة التراويح وصلاة العيد  وهو كلب ما يصلي الا على النبي لما يشوف بنت حلوه بالشارع	Neutral
3052	#فايروس_كورونا اللهم يارب اللهم انك قلت وقولك الحق( ادعوني استجب لكم ) اللهم انا نسألك وندعوك با اسمائك الحسنى وصفاتك العلى يارب رمضان كذا يارب مكه يارب تزيل الغمه وتهدي الأمه اللهم انزل رحمتك على العباد والبلاد يا اكرم الاكرمين  https://t.co/isahr4bTdF	Neutral
3053	ما بيعرفوا الصينيه والإيرانية إن عنا يانسون😌لعبوا غيرا نحن شعب ما بيقطع فيه شي😌  #سنموت_بعد_قليل #لا_داعي_للهلع #كورونا	Neutral
3054	اللهم بقدرتك تجعل اشئ(كن فيكون)  اللهم في اخر الجمعه من شعبان اللهم بشرنا بزوال هذا الوباءّ، وأرفع عنا هذا الإبتلاءّ، وطهَر الأرض منه، واجعلنا نصوم رمضان ونحن في امان وعافيه حنا في وجهك يالله    #يوم_الجمعه	Neutral
3055	مالي ارى الناس في رُعبٍ يؤرقهم   من الكورونا كأن الموت قد وصلَ       يا خائفاً من لقاء الموت مرتعداً هل يمنع الخوف أمر الله  إن نزلَ  َالموت كأساًُ وحتماً سوف نشربهُ لا شك إنّا سنرحلُ مثل من رحلَ  فلا تموتوا بداء الخوف وابتسمو ؟ لا ينتهي الـــعمر حتى نَبلُـغ الاجلَ #شعر_كوروناتي	Neutral
3056	إذا كنت مسافر وأردت الوقاية من #كورونا عليك بإتباع التالي: - الجلوس بجانب النوافذ في الطائرة لتجنب الاحتكاك بالأفراد، غسل الأيدي بمطهر المعتمد على الكحول بعد ملامسة الأسطح، تجنب لمس الوجوه أو الاتصال بالمصافحة قدر…  https://t.co/7zD4JOqPt4	Neutral
3057	"مع انتشار الفيروسات والامراض ردد بكل هدوء وثقة هذا الدعاء : تحصنت بذي العزة والجبروت واعتصمت برب الملكوت وتوكلت علي الحي الذي لا يموت .. "" اللهم اصرف عنا الوباء وقنا شر الداء بلطفك ورحمتك إنك علي كل شيء قدير "" . اعلم به غيرك 💜🍃  #هنعمل_من_كورونا_مكرونه"	Neutral
3058	@pentrawi @gym63 السلام عليكم ي شباب تكفوون هذا اب عمره 50 عند عياله الان قبل كورونا كان فالسجن وبعد كورونا راح يرجع للسجن والله تكفووون همتكم خلونا نفرحه مع ليلة العيد هو وعياله ♥️♥️♥️ رقم الفاتورة : 197804931  https://t.co/NcnmgTSKWO	Neutral
3059	نصائح وقائية لتجنب عدوى فيروس كورونا.  https://t.co/6Y4Raa2Y3n	Neutral
3060	بالصين أي حيوان يلاقونه ياكلونه وبالهند أي حيوان يلاقونه يعبدونه وبالكويت أي حيوان يلاقونه ينتخبونه  عرفتوا ليش صارت الكورونا بالكويت الحين ؟  #البنفسجي  #بو_حواجب   #الكويت_كورونا	Neutral
3061	مالي أرى الناس في رُعبٍ يؤرقهم    من الكُرُونا كأن الموت قد وصلَا  يا خائفاً من لقاء الموت مرتعداً هل يمنع الخوف أمر الله إن نزلَا  الموت كأسٌ وحتماً سوف نشربهُ لا شك إنّا سنرحلُ مثل من رحلَا  فلا تموتوا بداء الخوف وابتسموا لا ينتهي العمر حتى نَبلُغ الأجـــلا  #منقول   #كورونا	Neutral
3062	مالي أرى الناسَ في رُعبٍ يؤرقهم          من (كُورُونا) كأنّ الموت قد وصلَا    يا خائفاً من لقاء الموت مرتعداً        هل يمنع الخوف أمر الله إن نزلَا  َالموتُ كأسٌ وحتماً سوف نشربهُ        لا شك إنّا سنرحلُ مثل مَن رحلَا  فلا تموتوا بداء الخوف وابتسموا	Neutral
3063	"#التحصيلي_يظلم_الطلاب  سلامتنا سعادتنا وغايتنا الامان لكم لأنكم أنتم أغلى ما نملك نسأل الله الأمن والسلامة  سجل وانشر عروضك مجانا بدون عمولة  سلامتنا  https://t.co/RTTMA2JFdP شاهد.. تأثير كورونا ""المروع"" على جسد رجل رياضي  https://t.co/lA1jWR1nM4  https://t.co/Y4UeUzWUUe"	Neutral
3064	أتسائل ما الذي أصاب الجزائريين و ما هي الصدمة التي تلقتها قلوبهم حتى أصبحو لا يخافون شيئ.. فالعالم كله خائف من فيروس كورونا الا الجزائر تضحك عليه.  هل حقا هذا الشعب عانى في حياته لدرجة انه يرى الموت و الحياة وجهان لعملة واحدة..!!..اريد اجابات #كورونا	Neutral
3065	في الصين  أي حيوان يلقاوه ياكلوه..  في الهند أي حيوان يلقاوه يعبدوه..   العرب أي حيوان يلقاوه ينتخبوه.. #كورونا  #Algerie	Neutral
3066	#كورونا_الجديد  اللهم إغفر لي خطيئتي وجَهلي وإِسرافي في أمري  وما أنت أعلم به مني اللهم إغفر لي هَزلي وجِدّي  وخَطَئِي وعمدي وكل ذلك عندي .	Neutral
3067	#اللهم بشرنا بزوال هذا الوباء وارفع عنّا هذا الابتلاء   وطهر الأرض منه واشفي مرضانا ومرضى   العالم اجمعين إنك الغفور الرحيم   اللهم   قلت وقولك الحق وما كان الله معذبهم وهم يستغفرون   فاللهم نستغفرك ونتوب إليك من جميع الذنوب ....  #ليلة_الجمعة   #كوفيد_19	Neutral
3068	تخيل تبقا مستنى الكورونا تخلص وبعد ما تخلص وتيجي تنزل، تنزل ع دروس ٣ث	Neutral
3069	تخيل تبقي موسوس اصلا ويجي حوار كورونا دا يكمل عليك	Neutral
3070	#كوفيد_19  اللهم بشرنا بزوال هذا الوباء وارفع عنّا هذا الابتلاء   وطهر الأرض منه واشفي مرضانا ومرضى   العالم اجمعين إنك الغفور الرحيم   اللهم   قلت وقولك الحق وما كان الله معذبهم وهم يستغفرون   فاللهم نستغفرك ونتوب إليك من جميع الذنوب	Neutral
3071	تعرف في الرابط التالي إلى علاج #الورم_الليفي_الرحمي بعد الأربعين  https://t.co/QRyD3nMIDf  #صحتك_في_رمضان #StayHome #رمضان #السعودية #الامارات #قطر #COVID19  #الجزائر #فيروس_كورونا	Neutral
3072	#الاميرمحمدبن _سلمان عندي وصفه طلبيعيه تخلص السعوديه والعالم من الكورونا ، على الامير الاتصال معي لعقد صفقه الفتح باسرع وقت ، ننقذ الصحه وننقذ الاقتصاد ونرجع بالخياه الى طبيعتها تلفون972522878900  عبدالله سلامه جاهز لمي اسلمها لكبار علماء الطب بالعالم وجربه وناجحه ١٠٠/١٠٠ بانه تع	Neutral
3073	@y__haani ياربب يروح الوباء بسرعه ونرجع لحياتنا	Neutral
3074	ي رب الكورونا يروح ي رب الكورونا يروح ي رب الكورونا يروح ي رب الكورونا يروح ي رب الكورونا يروح ي رب الكورونا يروح ي رب الكورونا يروح ي رب الكورونا يروح ي رب الكورونا يروح ي رب الكورونا يروح ي رب الكورونا يروح ي رب الكورونا يروح ي رب الكورونا يروح ي رب الكورونا يروح.	Neutral
3075	إجراءات مطار بيروت:  👮‍♂️- مرحبا، معك كورونا؟  😷- مرحبا، لا والله   👮‍♂️- حلوف 🤨  😷- وحياة إمي  👮‍♂️-🤔 تفضل أهلا وسهلا فيك نورت لبنان	Neutral
3076	#القاهرة  وفاة رئيس الوزراء الليبي السابق والاقتصادي  الدكتور #محمود_جبريل متأثرا بإصابته بفيروس كورونا ، نسأل الله أن يغفر له و يرحمه ويجعل مثواه الجنة ، وأن يلهم أهله وذويه جميل الصبر والسلوان.  إنا لله وإنا إليه راجعون  https://t.co/V1nHsIcDP0	Neutral
3077	علاج فيروس الكورونا: إمضغ حصين من الثوم هذا لا يساعدك في شيء لكن سيبعد عنك الناس مسافة كافية. 🤣🤣 بشرفكن كيف هالفكرة	Neutral
3078	#فحص_كورونا اذا قالو تعال بنحط العود بخشمك ،،  https://t.co/kccwCqCHgT	Neutral
3079	الشعب كله صايع برة طول اليوم وب الليل يروح يشوف نتائج الكورونا ،فاكرها انتخابات	Neutral
3080	#الشروق| نصائح لتجنب الإصابة بعدوى كورونا خلال التسوق   https://t.co/cc2yicXpjC  #كورونا  https://t.co/9loClszK0a	Neutral
3081	د. طارق حسين مخيمر أول طبيب يتوفى في الكويت بسبب اصابته بفيروس كورونا المستجد وهو مصري الجنسيه.  اللهم ارحمه واغفر له واكرم نزله وادخله الجنة ، ويلهم ذويه الصبر والسلوان،  وإنا لله وإنا إليه راجعون. #الدكتور_طارق_مخيمر  https://t.co/u67uNErGHg	Neutral
3082	- شوارع فارغه - المنازل معقمة - النساء موجودات في المنازل - الاطفال تحت العناية المنزلية - السيارات مدرسات  - يشوفن راجالهن اكثر من 12 ساعة  - تلوث بيئي منخفض - مستشفيات متأهبة - تضامن شعبي -المقاهي مقفلة - الملاعب فارغه -لا اختلاط لا مصافحة - الكورونا جات تربي  #خليك_في_البيت	Neutral
3083	ننعي بمزيد من الحزن والأسي  الشهيد أ.د حسن فرحات أستاذ طب وجراحة العين بطب المنوفية  والذي توفي متأثرًا بإصابته بفيروس كورونا سائلين المولي سبحانه أن يتغمد الفقيد بالرحمة وأن يلهم أهله وذويه الصبر والسلوان	Neutral
3084	"#كورونا_الجديد اللهم بشرنا بزوال هذا الوباء وارفع عنّا هذا الإبتلاء  وطهر الأرض منه واشفي مرضانا ومرضى المسلمين اجمعين إنك الغفور الرحيم  اللهم إنك قلت وقولك الحق ""وما كان الله معذبهم وهم يستغفرون""  اللهم إنا نستغفرك ونتوب اليك من كل ذنب وخطيئة ونعود اليك عوداً جميلا"	Neutral
3085	يا سُعاد نكتي اخت البلاد #كورونا #لبنان #سنموت_بعد_قليل	Neutral
3086	#كورونا   وتضيقُ دُنيانا فنحسبُ أننا سنَموتُ يأساً أو نَموت نَحيبا ....  واذا بلطف الله يَهطلُ فجأةً يُربي منَ اليبَسِ الفُتاتِ قلوبا !..	Neutral
3087	@BTSEGYPTIANARMY ان شاء الله الفيروس يروح قريب و نرجع لحياتنا الطبيعية .. 💜	Neutral
3088	#السويد عندي وصفه طبيعيه ناجحه ١٠٠/١٠٠ تقضي على الكورونا بالمهد، انا جاهز ان اسلمها لكبار علماء الطب لكي يفحصوها تلفون للاستفسار 972522878900 انا جاهز ان اعقد صفقه مع العالم كله لاخراجهم من الفيروس بالوصفه الطبيعيه ، مجربه على البشر وعلى الحيوان .	Neutral
3089	أتسائل ما الذي أصاب الشعب الجزائري.. وما هي الصدمة التي تلقتها قلوبهم حتى أصبحوا لا يخافون شيئ.. فالعالم كله خائف من فيروس كورونا إلا في الجزائر يضحكون عليه.. حقا هذا الشعب عانى في حياته لدرجة انه يرى الموت والحياة وجهان لعملة واحدة. #Oмαr  #كورونا #الجزائر	Neutral
3090	الشعب كله في الشارع طول النهار وبالليل يروح يشوف نتائج الكورونا فاكرها انتخابات.	Neutral
3091	✨وزير الصحة قال: المصابة بال #كورونا هي بحالة جيدة؟ لا داعي للهلع Sorry بس انو كيف يعني هيدي؟ 🌚  ✨حاكم مصرف لبنان : الليرة اللبنانية بالف خير .. علما انو صار ال #دولار ب 2500 ل ل  🌚? pardon are you kidding  #سنموت_بعد_قليل #coronavirus	Neutral
3092	إنَّ هذه الأيام تطلب الكثير مِن الصبر ، والصمت. #كورونا	Neutral
3093	خلونا نجلس في البيت... خلونا نتبع ارشادات التباعد المجتمعي... وخلونا كلنا نقول في #عمان كورونا ماله مكان...  #عمان_تواجه_كورونا  #خليك_بالبيت  #كوفيد_19  https://t.co/zYtwfn9eiH	Neutral
3094	تخيل تبقا موسوس أصلًا و ييجي موضوع الكورونا ده يكمل عليك 😪💔	Neutral
3095	@TebbouneAmadjid سيادة الرئيس من حقنا توجيه السؤال لحضرتكم، و نحن نحلم بجزائر جديدة، جزائر تبنى بالعلم، و يقومها العدل، جزائر العمائم فيها تحط على رؤوس الأتقياء المخلصين،  العالم بوناطيرو و هو يحمل بين جعبته و داخل محفظته العلمية، دواء فيروس كورونا!	Neutral
3096	📊 انفوجرافيك  متى يجب غسل اليدين ؟!  #الوقايه_من_كورونا  #كورونا  https://t.co/QBxoKL2U08	Neutral
3097	#التطوع للخدمة انا المتطوع ....(علاء سعيد حميد   )  أعلن تطوعي للعمل لخدمة الشعب والمملكة   في حال استدعت الظروف أي عمل تطوعي مهما كان فيه مصلحة عامة.وخصوصا لا قدر الله انتشار فيروس كورونا في اي مكان #انا_متطوع إذا إحتاجت المملكة يدٍ عاملة لتوزيع حاجيات المواطنين تحت الحجر الصحي  https://t.co/H54btbbVLw	Neutral
3098	متى يجب ارتداء الكمامة للوقاية من كورونا؟  https://t.co/Nr2IaPGFTG  https://t.co/mvjixTHHYn	Neutral
3099	متى يجب لبس الكمامة .. #كورونا_الجديد  https://t.co/mnOkzBzEWu	Neutral
3100	- شوارع هادئة - البيوت معقمة - النسوان بالبيوت - مأكولات متوفره  - الاطفال مع والديهم - السيارات مصفوفة - الزوجات يشوفون ازواجهم - الحوادث خفت -لا تلوث بيئي  - الطوابير منظمة - مستشفيات متأهبة - شباب مسؤول - تضامن شعبي -القهاوي مسكرة -لا اختلاط  -الكورونا جات تربي👌🏻 الحمد لله	Neutral
3101	تعلن #وزارة_الصحة عن وفاة مقيم مصاب بمرض كورونا #كوفيد_١٩ يبلغ من العمر ثمانية وأربعين عاماً ليبلغ عدد الوفيات من هذا المرض بالسلطنة إثنتان وعشرين وفاة. وتتقدم #وزارة_الصحة إلى ذوي الفقيد بخالص العزاء والمواساة سائلة الله سبحانه أن يلهم أهله وذويه الصبر والسلوان #نخبه_مغردي_عُمان  https://t.co/pFXkPnFqEg	Neutral
3102	وزارة الصحة تفجع بوفاة #الممرض_خالد_الحسيني الذي توفي إثر اصابته بفايروس كورونا  ونسأل الله أن يغفر له و يرحمه ويسكنه فسيح جناته ويلهم اهله وذوية الصبر والسلوان  وأسأل الله أن  يكون نال الشهادة  مايفطر القلب نظام الدفن لكورونا حيث يمنع مشاهدته او لمسه حرصاً على سلامة أسرته  https://t.co/L6N8oZBrxL	Neutral
3103	والله مافهمت🤨 والوا كل يوم على 17 مساء يحطوا الإحصائيات سلبية على قنوات الإعلام يعني #الحجر_الصحي على مستوى #ولايات وخاصتا #البليدة غير مجدي😒.   #ريح_في_داركم🏡 #COVID19dz @ennaharonline   #الجزائر🇩🇿 #فيروس_كورونا☣️ #وعينا_يحمينا  #كلنا_مسؤول #بيتك_حياتك #حظر_التجوال_في_الجزائر	Neutral
3104	أتساءل ما الذي أصاب الشعب الجزائري و ما هي الصدمة التي تلقتها قلوبهم حتى أصبحو لايخافون من شيئ  العالم كله خائف من فيروس كورونا الا الجزائر وكأنه شيء عادي هل حقا هذا الشعب عانى في حياته لدرجة انه يرى الموت و الحياة وجهان لعملة واحدة. أو اصبحنا نأخذ كل الامور بإستهزاء  اريد جواب	Neutral
3105	لتجنب الإصابة بفيروس كورونا .. اتبع التالي : #تلفزيون_قطر  https://t.co/73Rq9UwZnk	Neutral
3106	""" الله يلعن ابو الكورونا المنعتنا من صلاة التراويح "" عثمان : ٢٥ سنة ما بيصلي غير علي النبي لو شاف وحده حلوه ."	Neutral
3107	-طوابير منظمة -مستشفيات متأهبة  -اطقم طبية منظبطة و مستعدة  -شباب مسؤول و اعمال خيرية منتشرة  -تضامن شعبي  -ملاعب فارغة  -نقص الالفاظ البذيئة  -مساواة بين الفقراء و الاغنياء  -لا اختلاط لا تقبيل لا مصافحة....... #كورونا لم تأت لتقتل فقط بل نظمت مجتمع بأكمله.	Neutral
3108	وفاة أصغر مصاب بفيروس #كورونا طفل ليبي مقيم في بريطانيا اسمه اسماعيل محمد عبدالوهاب وليس لديه أي أمراض يعاني منها. نسأل الله تعالى أن يغفر له و يرحمه ويسكنه فسيح جناته ويلهم اهله الصبر والسلوان وان لله وإن إليه راجعون  https://t.co/wLahlEb5hG	Neutral
3109	أسأل الله العظيم رب العرش العظيم * أن يشافي ويعافي أخواني  * حمد علي شويش اللميع و عبدالرحمن مبارك الحضيري * بعد ثبوت اصابتهم بفايروس كورونا والان يحتاجون الدعاء منكم * لا تنسونهم من صالح دعائكم الله يشفيهم ويشفي جميع مرضى المسلمين يارب #الكويت_تحارب_كورونا #كورونا_الكويت	Neutral
3110	@ALG_Presidencyسيادة الرئيس، بعد التحية والتقدير، نحن ثلاثة رئساء مصالح مؤسسة المذابح والمسمكة لولاية الجزائر قدمنا شكوى رسمية للنائب العام ضد فساد مدير المؤسسة تم فصلنا نهائيا من العمل منذ سنة ونحن نعيش وباء الفقر أخطر من هاذا الوباء، رجائنا بالله ثم عليكم لإعادة فتح تحقيق  https://t.co/zdYMV8X2Ys	Neutral
3111	@iu_edu السلام عليكم فريق طبي جزائري عراقي يكتشف علاج كورونا للأسف حكومتنا البشعة تماطل وطلبت منهم ملف في حين أن عدد الوفيات يزداد كل يوم أملنا أن يتم إستخدام هذا الدواء لعلاج المرضى من فضلكم قومو بنشر هذا الفيديو  https://t.co/mVQ4vYIDcV	Neutral
3112	للوقاية من #كورونا لا يجب عليك ارتداء الكمامة إلا في الحالات التالية.  #كلنا_مسؤول  https://t.co/tziAWe6aOZ	Neutral
3113	. 🔴هل ارجعوا الأموال المنهوبة ولا مزال؟  🔴القبايل قسموا البلاد ولا مزال؟   🔴 بوناطيرو لقا الدوا ولا مزال؟ 🔴 كورونا راحت في افريل ولا مزال؟ 🔴كليتو اللحم تاع ثمانيين الف ولا مزال؟ 🔴 داوكم اوروبا باش تفيزيتو و تشوفو نسبة الفقر ولا مزال؟.	Neutral
3114	@News_Ejazah ان شاءالله يروح الوباء@News_Ejazah	Neutral
3115	تم قصف جبهة ايران في مقدمة اخبار الmtv @MTVLebanonNews @nakhleodaime #كورونا #لا_داعي_للهلع #سنموت_بعد_قليل	Neutral
3116	لأن الموضوع مبقاش هزار خلاص  محتاجين نيجي علي نفسنا شويه أسبوعين بس عشان نخفف حمل كبير اوي علي منظومتنا الصحية  هنخلي نزولنا للضرورة بس ( شغل ، ادويه ، اكل للبيت )  هنلزم بيتنا عشان نساعد علي انحسار الوباء و نمنع انتشاره  دعم حملة #خليك_في_البيت انشرها في كل مكان !  https://t.co/gypya9D4GH	Neutral
3117	"- ""الله يلعن الكورونا حرمتنا من صلاة التروايح"" القائل : أحمد 25 سنة ما بصلي على النبي الا لما يشوف بت حلوة"	Neutral
3118	وين رئيس الحكومة ووزير #لا_داعي_للهلع  وبعد قليل طائرة قادمة من ايران😷😷 #فيروس_كورونا  #كورونا_لبنان  #لبنان_ينتفض  #طرابلس_تنتفض  #لا_ثقة  #انتخابات_نيابية_مبكرة  #سنموت_بعد_قليل  https://t.co/lQuZH3DrFC	Neutral
3119	#كورونا مالي أرى الناس في رُعبٍ يؤرقهم          من الكُرُونا كأن الموت قد وصلَا يا خائفاً من لقاء الموت مرتعداً      هل يمنع الخوف أمر الله إن نزلَا الموت كأساًُ وحتماً سوف نشربهُ  لا شك إنّا سنرحلُ مثل من رحلَا  فلا تموتوا بداء الخوف وابتسموا  لا ينتهي العمر حتى نَبلُغ الأجـــلا	Neutral
3120	كلا، مجففات الأيدي ليس فعالة في القضاء على فيروس كورونا المستجد. لحماية نفسك من الفيروس الجديد يجب المداومة على تنظيف اليدين بفركهما بواسطة مطهر كحولي أو غسلهما بالمادء والصابون. وبعد تنظيف اليدين يجب تجفيفهما تماماً بمحارم ورقية أو بمجففات الهواء الساخن. #كورونا	Neutral
3121	 https://t.co/kuQ0uZYKzF مع إزدياد أعداد الإصابة بفيروس #كورونا في العالَم،نوصي بإتباع الإرشادات التالية،لتجنّب الإصابة☺️ #coronavirus #Covid_19	Neutral
3122	صدى البلد: هاني الناظر يوجه نصائح للمواطنين لتجنب الإصابة بـ فيروس كورونا.. فيديو  https://t.co/GmrDKcBJ6r	Neutral
3123	سيذهب كورونا .. وإذا ذهب ولم تتحسن علاقتنا مع الله ونظرتنا للحياة وحقيقتها ولم يحرك ضمائرنا ويحسن من نظرتنا للامور ويغير من تصرفاتنا ومشاعرنا بعضنا تجاه بعض .. فتاكدوا اننا نحن الوباء على هذه الأرض .. لان الفيروس لم يأتي ليقتل فقط ..؟ بل جاء ليوقظنا من غفلتنا ...!!  حبو بعض 💔  https://t.co/mst2l6zE1V	Neutral
3124	الحالات لي جاتنا كامل من أوروبا . تبون : إيقاف الرحلات من وإلى المغرب   الناس تبطني وأنا نبط ختي عيشة 🥴  #فيروس_كورونا #الجزاير #المغرب #الجزائر #COVID19 #اوقفو_رحلات_اوروبا	Neutral
3125	@Newss_24 مالي أرى الناس في رُعبٍ يؤرقهم    من كُورونا كأن الموت قد وَصلا    يا خائفا من لقاء الموت مرتعدا هل يمنع الخوف أمر الله إن نزلَا  َالموت كأسا وحتماً سوف نشربهُ  لا شك إنا سنرحلُ مثل من رحلَا  فلا تموتوا بداء الخوف وابتسموا  لا ينتهي العمر حتى نَبلُغ الأجلا  طابت أوقاتكم بذكر الله  https://t.co/elDwIrmqRn	Neutral
3126	اللهم بشرنا بزوال هذا الوباء وارفع عنّا هذا الابتلاء  وطهر الأرض منه واشفي مرضانا ومرضى  العالم اجمعين إنك الغفور الرحيم  اللهم  قلت وقولك الحق وما كان الله معذبهم وهم يستغفرون  فاللهم نستغفرك ونتوب إليك من جميع الذنوب🥀#فايروس_كورونا	Neutral
3127	حذر أطباء يابانيون من أن استخدام معقمات الأيدي القائمة على الكحول لا يحمي من خطر الإصابة بفيروس كورونا، كونها تزيل البكتيريا النافعة التي تلطف الجلد وتصد مسببات الأمراض. واكدوا ان غسل اليدين بالماء والصابون،هو الافضل  للوقاية من غالبية الأمراض.  #كورونا_الجديد	Neutral
3128	#ايطاليا_رئيس_الوزراء_وزيرالصحه_ اذا اردتم ان تخلصوا من الكورونا ، عندي وصفه ناجحه ١٠٠/١٠٠ تنجيكم من الكورونا ومن افاتها هيا تعالوا لنعقد صفقه الفتح ، التي تعيد لكم الحياه الى طبيعتها وتعيد زهره الحياه الى البلد 972522878900 . وصفه  لا شرقيه ولا غربيه وصفه طبيعيه ما لعدها وصفه .	Neutral
3129	- تخيل تبقى مستنى أزمة الكورونا تنتهى ، وبمجرد ما تخلص تلاقيك نازل على دروس 3 ثانوى	Neutral
3130	سنموت بعد قليل 😷  #كورونا #كورونا_لبنان #شكرا_كورونا #شكرا_ايران_عالكورونا	Neutral
3131	"""الله يلعن ابو كورونا اللي قفلت المساجد وحرمتنا من صلاة التراويح""  ناصر وهو ١٥ سنه مايصلي على النبي الا اذا شاف حلوين"	Neutral
3132	@ChinaDaily عندي وصفه طاهره ١٠٠/١٠٠ تنجي العالم من الكورونا وترجع الحياه الى طبيعتها وتنقذ الاقتصاد وتنقذ البشر من الانقراض تلفون 972522878900 وصفه طبيعيه مجربه على البشر وحتى على الحيوان على مسوولي العالم الاتصال معي لعقد صفقه الثلاث قرون الصحه الاقتصاد وعجله الحياه ان حاهز الان	Neutral
3133	تخيل يجيلك كورونا قبل ما تتجوز دي تبقى مأساة  بعد إذن نهاية العالم يا شباب ملحقتش اتكاثر .  - الدحيح - @ei234__  https://t.co/JMypohkNEj	Neutral
3134	إجراءات مطار بيروت:  معك كورونا ؟  لا  حلوف  وحياة إمي  أهلا و سهلا نورت لبنان    #كورونا  #لبنان	Neutral
3135	#كورونا على امل ننضرب  كلنا سوا و ما يدل مين يبخبر. 😘 #سنموت_بعد_قليل #كورونا_عميل #ما_في_فرصه #لا_داعي_للهلع #لبنان	Neutral
3136	"طبيب مغربي يُقدم نصائح ذهبية لتفادي الإصابة بفيروس ""كورونا"" المستجد  https://t.co/m7ViQZ57Wf  https://t.co/yybnCLRYyO"	Neutral
3137	@cnnn2 خالص العزاء وصادق المواساة للكويت بوفاة ابنهم العميد ركن المهندس نافع الخليفة المطيري بعد إصابته بفيروس كورونا، ونسأل الله جلت قدرته ان يرحم الفقيد برحمته ويلهم ذويه الصبر والسلوان  #نافع_المطيري	Neutral
3138	لا ماهو انا مبقاش باكل حواوشي ب 2 جنيه وتيجي تقولى حاسب فى فيروس هيموتك 😒	Neutral
3139	@SPAregions #فرجت_مع_أبشر  #العيد_اليوم  #أول_من_تهنئ_بالعيد   رتويت ♥️♥️♥️ الله يجزاكم بالخير  همتكم تكفوون هذا اب عمره 50 عند عياله الان قبل كورونا كان فالسجن وبعد كورونا راح يرجع للسجن والله تكفووون همتكم خلونا نفرحه مع ليلة العيد هو وعياله ♥️♥️♥️ رقم الفاتورة : 197804931  https://t.co/LPjjPsx567	Neutral
3140	معلومة رائعه❤️. الحكومة من حظر السيارات في #أول_يوم_العيد.هو عنصر المفاجأة للفيروس..الفيروس بكون لابس أواعي العيد ورايح يعيد على خواته بالمحافظات.. فمش رح يلقى سيارة يطلع فيها.. فيضطر يروح مشي. هون رح يتعب،ويبات عند دار أخته..مش رح يصحى ثاني يوم...احنا بنتحرك بالسيارات ثاني يوم	Neutral
3141	يارب اللهم انك قلت ادعوني استجِب لكم فدعوناك في الشدة والرخاء فلاتردنا خائبين اللهم اشفي وارحم كل مصاب ب #كورونا كائناً من كان برحمتك نستغيث انك انت الشافي والمعافي بك نستغيث اللهم فأرحمنا واصرف عنا هذا المرض وارحم واشفي من ابتلى بهذا المرض واصرفه من جسده واغمره بالعافيه يارب  https://t.co/EDXx6h9aCX	Neutral
3142	مالي أرى الناس في رُعبٍ يؤرقهم من الكُرُونا كأن الموت قد وصلَا يا خائفاً من لقاء الموت مرتعداً هل يمنع الخوف أمر الله إن نزلَا َالموت كأساًُ وحتماً سوف نشربهُ لا شك إنّا سنرحلُ مثل من رحلَا فلا تموتوا بداء الخوف وابتسموا  لا ينتهي العمر حتى نَبلُغ الأجـــلا  #كورونا	Neutral
3143	دكتور هشام الساكت توفى من فيروس كورونا ربنا يرحمه ويغفر له ويسكنه فسيح جناته ويلهم أهله الصبر والسلوان	Neutral
3144	وزارة الصحة عند الخروج من المنزل عليك اتباع سبل الوقاية الصحيحة: -اغسل يديك وعقمها باستمرار ابتعد عن أماكن التجمعات -لا تقترب من أحد واجعل مسافة لا تقل عن مترين وتذكر دائمًا أن كبار السن، وأصحاب الأمراض المزمنة هم الأكثر عرضة للفيروس.ساهم بحمايتهم. #الوقاية_من_كورونا  #كلنا_مسؤول  https://t.co/xQhPGwtSDN	Neutral
3145	الأقوياء  الثلاثة  يلي فارضين وجودهم اليوم :  الدولار ، الكورونا، والتيار بس ينزل  #سنموت_بعد_قليل #كورونا #لا_داعي_للهلع	Neutral
3146	اللهم بشرنا بزوال هذا الوباء وأرفع هذا الابتلاء وطهر منه الارض والسماء وشافي مرضانا ومرضى المسلمين  ياغفوريارحيم اللهم قلت وقولك الحق وماكان الله معذبهم وهم يستغفرون.   أستغفرالله الذي لا إله إلا هو الحي القيوم وأتوب إليه.   #الكويت #عيد_الفطر #العشر_الاواخر #كورونا #اللهم_امين	Neutral
3147	هذه الأيام تتطلب الكثير من ، الصبر ، والصمت ، والتجاهل .!  #فيروس_كورونا	Neutral
3148	#يوم_الجمعة  #كورونا  اللهم منزل الشفاء ورافع البلاء ومجيب الدعاء نسألك أن تدفع عنا البلاء والوباء والمِحن ماظهر منها وما بطن واحفظنا وبلادنا من كل مكروه. اللهم اشفِ مرضانا وعافِ مبتلانا وارحم موتانا. اللهم إنا نسألك ضياءً في طريقنا وفرجاً لضيقنا ونوراً لقلوبنا وتيسيراًلأمورنا..	Neutral
3149	@AlsisiOfficial إنَّ هذه الأيّام تَتطَلَّب الكَثير مِن الصَبر ، والصَمت #ربنا معانا و مع وطنا الغالي #مصر 🇪🇬 #مصر_اقوي_من_كورونا 💪	Neutral
3150	1/1/2020:اكيد ٢٠٢٠ حتكون احسن من ٢٠١٩. 21/2/2020:اول حالة كورونا في لبنان.🙂 #سنموت_بعد_قليل #كورونا  https://t.co/KxxgaTLCLS	Neutral
3151	لتجنب الاصابةبالعدوى *الحرص على غسل اليدين بالماء والصابون وفي حال عدم توافرها يمكن استعمال المعقمات المصنعة من الكحول  *تجنب لمس العينين، أو الأنف، أو الفم دون غسل اليدين بالماء والصابون  *تجنب الاقتراب من المصابين #كورونا_الجديد @moe_gov_sa  @Media_M_E  #تعليم_الدوادمي	Neutral
3152	متى يجب عليك غسل اليدين لـ #الوقايه_من_كورونا .. ... #كورونا_الجديد #كورونا  https://t.co/qR1A5nC3Mn	Neutral
3153	عند الخروج من المنزل عليك اتباع سبل الوقاية الصحيحة: -اغسل يديك وعقمها باستمرار.  -ابتعد عن أماكن التجمعات.  -لا تقترب من أحد واجعل مسافة لا تقل عن مترين.  وتذكر دائمًا أن كبار السن،وأصحاب الأمراض المزمنة هم الأكثر عرضة للفيروس..ساهم بحمايتهم. #الوقايه_من_كورونا #كلنا_مسؤول  https://t.co/2EUm2r3lHN	Neutral
3154	قالو الصين جوهاا ضحايا ده فيها فيرس كورونا قتال بس احنا عرفنا لي نهايه يموت ي علاج يكون فعال لاكن فيرسنا في صحاابنا مالوش علاج طبع الاندال.	Neutral
3155	حسبي الله وحده ونعم الوكيل اللهم اصرف عنا وعن المسلمين والمسلمات وباء كورونا وجميع الأوبئة اللهم اصرف عنا المصائب والفتن  اللهم لاتجعل رمضان ياتي الا وقد زال هالوباء وشفي جميع المرضى  يارحيم يالله يارب انك قلت وقولك الحق ( ادعوني استجب لكم ) يارب لاتردنا خائبين	Neutral
3156	@M95a8 @AL766m من يروح الكورونا ان شاء الله😜	Neutral
3157	@s__KSA1 كورونا ليست وباء، بل مدرسة، علينا ان تعلم دروسها، حرصا على البشرية، وعلى حياتنا، ولعلها أكثر من علمنا أن أمر الله يطال العامة والخاصة، وأنه لا مفر منه. تعلمنا من فايروس كورونا إن يومنا العادي ماكان ابداً يوم عادي ، إنما كان نعمة من نعم الله سبحانه وتعالى♥️🍃. 🌱💙	Neutral
3158	@AJELNEWS24 باذن الله قبل رمضان يروح الفيروس	Neutral
3159	@1imec يروح الكورونا وترجع الحياة لطبيعتها💔.	Neutral
3160	=&gt  - الحوادث خفت - تلوث بيئي منخفض - الطوابير منظمة - مستشفيات متأهبة - شباب مسؤول و أعمال خيرية منتشرة - تضامن شعبي -القهاوي مسكرة - الملاعب فاضية -لا اختلاط لا مصافحة  *الكورونا ما جت تقتل جت تربي*👌🏻	Neutral
3161	الهيئة ايران راح تغطي علي الصين في الاصابات بفيروس #كورونا  #فيروس_كورونا  #لبنان__ينتفض  #لا_داعي_للهلع  #سنموت_بعد_قليل  #لا_ثقة	Neutral
3162	اذا حكومة اختصاصيين وعم يصير فينا هيك كيف لو ما كانت اختصاصيين؟  #سنموت_بعد_قليل  #كورونا  #كورونا_لبنان	Neutral
3163	- شوارع فاضية - البيوت نظيفة - النسوان قاعدين بالبيوت - مأكولات متنوعة - السيارات مصفوفة - الزوجات يشوفون ازواجهم - الحوادث خفت - مستشفيات متأهبة - شباب مسؤول -القهاوي مسكرة - الملاعب فاضية -لا اختلاط لا مصافحة - الكورونا ما جات تقتل جات تربي	Neutral
3164	@manaIzd مالي أرى الناس في رُعبٍ يؤرقهم   من الكورونا كأن الموت قد وصلَ       يا خائفاً من لقاء الموت مرتعداً هل يمنع الخوف أمر الله  إن نزلَ َالموت كأساًُ وحتماً سوف نشربهُ لا شك إنّا سنرحلُ مثل من رحلَ فلا تموتوا بداء الخوف وابتسموا  لا ينتهي العمر حتي نبلغ الاجلا	Neutral
3165	#ام_طارق_تنخا_كل_القبايل #ساهم_في_وقف_بني_عدوان  أسألُ اللهَ أن يباركَ لكم فيما بقي من شعبان ويبلغَكم رمضان وأنتم في صحة وعافية ويجعلكم من صوامه وقوامه وأن يغفر الله لنا جميعاً ولوالدينا ولمن أحببنا وأسألُ الله أن يرفع عنا وعن بلادنا هذا الوباء ويحفظنا وإياكم وجميع المسلمين  https://t.co/HhMYpjmLZc	Neutral
3166	علاج مبتكر لفيروس /كوفيد-19/ طوره مركز الخلايا الجذعية الإماراتي مع نتائج واعدة .  #رؤية_الإمارات #عين_في_كل_مكان #كورونا #الجميع_مسؤول_عن_الجميع #معاً_قادرين #خلك_في_البيت #لا_تشلون_هم #ملتزمون_يا_وطن #عطاء_في_عملي_وسلامه_في_بيتي  https://t.co/rU6PVwhlhE	Neutral
3167	لا بد أن يتم إخلاء مستشفيات محدد لحالات كورونا ويتم علاجها في هذه المستشفيات اما ان تلزموا كل المستشفيات بقبول حالات كورونا فهذا عمل همجي ويؤدي إلى إصابة المرض والعاملين والزوار والمرافقين . وايضا تحدد أماكن لعزل الحالات التي خالطة المصابين للمدة المقررة للعزل الصحي	Neutral
3168	#اليوم_السابع | 7 نصائح هامة لحماية نفسك من خطر الإصابة بفيروس كورونا 👇👇  https://t.co/6ksIS7FfNA	Neutral
3169	#فيروس_كورونا للوقاية من فيروس كورونا يجب التقيد بالاحتياطات الوقائية للالتهابات التنفسية عامة التي تشمل: المداومة على غسل اليدين بالماء والصابون، وتغطية الفم، والأنف عند السعال والعطس @Media_M_E @alnahdhah  https://t.co/ebuIm9udFI	Neutral
3170	جملة (لا داعي للهلع) مثل جملة ( الليرة مستقرة وبخير) 🤣🤣 #سنموت_بعد_قليل #كورونا	Neutral
3171	علاج الكورونا :-  - اللهُم رب الناس اذهب الباس، اشف انت الشافي، شفاءا لا يُغادر سقما.  - اللهم اني مسني الضُر وانت ارحمُ الراحمين.  الوقايه من الكورونا :-  ( ٣ مرات ) بسم الله الذي لا يضرُ مع اسمه شيء في الارض ولا في السماء وهو السميع العليم.   #هكذا_انا_مؤمن	Neutral
3172	باش نحميو راسنا .. من كورونا .. نبقاو في ديورنا  https://t.co/XybryXsxzh	Neutral
3173	اللهم بشرنا بزوال هذا الوباء وارفع عنا هذا الابتلاء وطهر الارض منه واشفي مرضانا ومرضي المسلمين والعالم اجمع انك الغفور الرحيم : اللهم قلت وقولك الحق وماكان #الله معذبهم وهم يستغفرون فاللهم نستغفرك ونتوب اليك من جميع الخطايا يارب 🙏💫 #وباء_كورونا	Neutral
3174	@zjeran_kw الله يغفر لها ويرحمها الوفاة ليست بسبب كورونا اسال الله ان يتغمدها بواسع رحمته ويلهم اهلها الصبر والسلوان	Neutral
3175	#فرجت_مع_أبشر  #العيد_اليوم  #أول_من_تهنئ_بالعيد  @momhmom  @abdulrhmandohem  @A7madAlshoora  همتكم تكفوون هذا اب عمره 50 عند عياله الان قبل كورونا كان فالسجن وبعد كورونا راح يرجع للسجن والله تكفووون همتكم خلونا نفرحه مع ليلة العيد هو وعياله ♥️♥️♥️ رقم الفاتورة : 197804931  https://t.co/mFQGV7fJjY	Neutral
3176	#المانيا_كورونا عندي وصفه طبيعيه ناجحه ١٠٠/١٠٠ تقضي على الكورونا بالمهد، انا جاهز ان اسلمها لكبار علماء الطب لكي يفحصوها تلفون للاستفسار 972522878900 انا جاهز ان اعقد صفقه مع العالم كله لاخراجهم من الفيروس بالوصفه الطبيعيه ، مجربه على البشر وعلى الحيوان .	Neutral
3177	هل هي الحقيقة   ..  !!!  ادخل و متع مسامعك يا لمبردع .. بلادك مستهدفة 😳  https://t.co/whXQIrgHP8  #كورونا #فيروس_كورونا  #الجزائر  #ريح_في_دارك  #ريح_في_داركم	Neutral
3178	اللهم خفّف عنّا ثقل هذه الأيام ، وارزقنا قوّة الصبر، واشرح صدورنا ، وانزع منّا ما إستثقلته أنفسنا وأرح قلوبنا يارب #الكويت_تحارب_كورونا	Neutral
3179	شوارع فاضية وهادئة البيوت نظيفة ومعقمة مأكولات شهية و متنوعة الاولاد تحت العناية المنزلية  السيارات مصفوفة الحريم مع رجالهم أكثر من 12 ساعة متواصلة  الحوادث خفت تلوث بيئي منخفض مستشفيات متأهبة القهاوي مسكره الملاعب فاضية لا اختلاط لا مصافحة  #الكورونا ما جات تقتل جات تربي 😁👌	Neutral
3180	@larr_aa @MohamadAhwaze فايروس لا علاج له ،واخطر من كورونا	Neutral
3181	#كورونا_السعوديه   ٣ | مارس ٢٠٢٠   اللهم خفف عني ثقل هذه الأيام وازرقني قوة الصبر واشرح صدري وأنزع منه ما استثقلته نفسي وأرح قلبي وارزقني فأنت اعلم بما تحتاجه نفسي، أمين يارب العالمين	Neutral
3182	بسم الله الذي لا يضر مع اسمه شيء في الأرض ولا في السماء وهو السميع العليم. بعد عمل أسباب الوقاية..  قولوها صباح مساء.. وكونوا واثقين بأن الحافظ هو الله سبحانه وتعالى #كورونا	Neutral
3183	هكذا يعامل الجزائري في الخارج  عندما يكون حكامه رخاس وما عندهمش الشرعية. إرحلو يا رخاس الله يذلكم  #تروح_كورونا_زيدو_أنتوما #العالقين_في_اسطنبول_مسؤولية_تبون  https://t.co/YmIR98WjHd	Neutral
3184	بريشة الفنان المبدع ..  NIME ❤ #ريح_في_داركم #Algerie  #Algeria  #فيروس_كورونا  #الجزائر #الحجر_الصحي #coronavirusalgerie  #الجزائر  https://t.co/ub322krnqc	Neutral
3185	راني نستنى يتبرع ربراب ب60 مليار لمحاربة وباء  الكورونا في الجزائر  كيما  تبرع للكنيسة تاع فرنسا كي تحرقت...#covid19dz	Neutral
3186	قالو الصين فيها ضحايا ده فيرس كورونا قتال⁦⛑️⁩ طب احنا عرفنا ليه نهايه يا موت يعلاج⁦👩‍🍳⁩ يكون فعال  لكن فيرسنا في صحبنا مالوش علاج طبع الاندال	Neutral
3187	من علامات الساعة إنو المؤمنين يستعملوا كحول أكتر من الملحدين!😅 #عصر_الظهور #عصر_الكورونا #سنموت_بعد_قليل #كورونا_لبنان #لا_داعي_للهلع	Neutral
3188	الشعب كله صايع بره طول اليوم و بالليل يروح يشوف نتائج الكورونا فاكرها انتخابات..	Neutral
3189	@ammar14138 #فيروس_كورونا ، أنه من النصائح الضرورية للوقاية من فيروس كورونا تتمثل فى الغسل الجيد لليدين لمدة لا تقل عن 20 ثانية، مطالبا بضرورة غسل اليدين على مدار اليوم وبنفس الطريقة ضرورة عدم التقبيل وقت السلام، وعدم الاعتماد على المصافحة الحميمية، وتجنب الجلوس فى أماكن مغلقة لفترات طويلة.	Neutral
3190	عند الخروج من المنزل عليك اتباع سبل الوقاية الصحيحة:  - اغسل يديك وعقمها باستمرار. - ابتعد عن أماكن التجمعات.  - لا تقترب من أحد واجعل مسافة لا تقل عن مترين. وتذكر دائمًا أن كبار السن، وأصحاب الأمراض المزمنة هم الأكثر عرضةللفيروس ,ساهم بحمايتهم. #الوقاية_من_كورونا @MiddleHealth  https://t.co/NllTnmvrcB	Neutral
3191	@IndyArabia عندي لبلحيكا والعالم وصفقه طبيعيه تخلصهم من الكورونا وافاتها خلال ساعه باذن الله ، تعالوا وجربوني انا جاهز ان اشرحها لكبار علماء الطب بالعالم ، وصفه وصفقه الفتح تعيد الحياه الى محاريها الطبيعيه 972522878900 .	Neutral
3192	لمن اضطرّ للخروج من المنزل تأكد من اتباع الخطوات التالية لحماية نفسك و عائلتك من فيروس #كورونا.  #الأردن_اليوم #الاردن_كورونا  https://t.co/4Eg3INCDf1	Neutral
3193	أتساءل ما الذي أصاب الشعب الجزائري و ما هي الصدمة التي تلقتها قلوبهم حتى أصبحو لا يخافون شيئ.. العالم كله خائف من فيروس كورونا الا الجزائر وكأنه شيء عادي.. كورونا رجعوه تحريشة🙃 #كورونا  #الجزائر	Neutral
3194	#وزارة_الصحة تعلن عن وفاة وافد مصاب بمرض فيروس كورونا #كوفيد١٩ ويبلغ من العمر سبعة وثلاثين عاماً. وتعد هذه رابع وفاة تسجل في #السلطنة لمريض مصاب بهذا المرض. وتتقدم #وزارة_الصحة إلى ذوي الفقيد بخالص العزاء والمواساة سائلة الله سبحانه أن يلهم أهله وذويه الصبر والسلوان.  https://t.co/wAWHvK8zLI	Neutral
3195	😷| متى يجب لبس الكمامة ؟    وكيف تلبسها هنا @LiveWellMOH    توضح الجواب 👍🏻   #الوقايه_من_كورونا  https://t.co/iFQ8HyypGy	Neutral
3196	#فيروس_كورونا 🦠 حقيقة يجب إدراكها   #ريح_في_داركم 🏡 #COVID19dz ☣️ #الجزائر 🇩🇿  #وعينا_يحمينا 🗣 #الحجر_الصحي🧘‍♂️#كلنا_مسؤول ✊  #بيتك_حياتك 🚹 #حظر_التجوال_في_الجزائر 🚷	Neutral
3197	لأن الموضوع مبقاش هزار خلاص  محتاجين نيجي علي نفسنا شويه أسبوعين بس عشان نخفف حمل كبير اوي علي منظومتنا الصحية   هنخلي نزولنا للضرورة بس ( شغل ، ادويه ، اكل للبيت )  هنلزم بيتنا عشان نساعد علي انحسار الوباء و نمنع انتشاره  خليك_في_البيت  https://t.co/uBvtMMNeyR	Neutral
3198	73 ألف ساعة عمل لـ«التعقيم» في #أبوظبي .  #رؤية_الإمارات #عين_في_كل_مكان #كورونا #الجميع_مسؤول_عن_الجميع #معاً_قادرين #خلك_في_البيت #لا_تشلون_هم #ملتزمون_يا_وطن #عطاء_في_عملي_وسلامه_في_بيتي  https://t.co/b7yGf2gIMh	Neutral
3199	@SaudiNews50 بفضل الله ثم ولاة امرنا اعزهم الله. اللهم احفظ مملكتنا الله يكفينا الشر. سيذهب وباء كورونا وسيذهب معه البلاء بإذن الله  الله يحميهم ويحمي مملكتنا الغالية من كل مكروه وبلاد المسلمين واحفظنا بحفظك يارب العالمين استودعت الله نفس واهلي والمسلمين جميعا ورجعنابسلامةوحشتيني امي	Neutral
3200	الله يشفيه  #الجزائر #كورونا #كوفيد_19 #ريح_في_دارك #اقعد_في_دارك #الحجر_الصحي #Algérie #algeria #corona #covid_19 #CONFINEMENTJOUR10	Neutral
3201	كل يوم بخبر جديد منفوت بكون اللي قبلو بعدُ ما انبلع مشكلة جديدة وقربنا نموت حلتها بس..! #لا_داعي_للهلع  #كورونا_لبنان #كورونا #كورونا_في_لبنان #كورونا_الجديد #سنموت_بعد_قليل #لبنان #كلن_يعني_كلن	Neutral
3202	الشعب طول اليوم في الشارع وبليل يروح يشوف نتايج الكورونا فاكرينها إنتخابات	Neutral
3203	لا حول و لا قوة الا بالله العلي العظيم. دابا هادو أش دير معاهم يا الله #كورونا_المغرب #بقا_فدارك_باش_تحمي_بلادك  https://t.co/EKvHXI1Asx	Neutral
3204	"&gt حكيمات يتفادين الفيروسات والاوبئه القذره&lt   ""لا خوف على المنتقبات لأنّهن الأقل عُرضة لفيروس كورونا، حيث أنهنّ لا يتبادلن القُبل للتحية، أو يصافحن بالأيدي أو الأحضان، وفوق ذلك كل جسدهن مستور، وهي النصائح التي يوصي المتخصصون لتفادي العدوى""."	Neutral
3205	@elkhabarlive سيادة الرئيس: ندائي إليك لعلهاتجد صدى: نحن ثلاثة رئساء مصالح مؤسسة المذابح والمسمكة لولاية الجزائر قدمنا شكوى رسمية للنائب العام ضد فساد مدير المؤسسة تم فصلنا نهائيا من العمل منذ سنة نحن نعيش وباء الفقر أخطر من هاذا الوباء، حسبنا الله ونعم الوكيل في كل ظالم  https://t.co/T6mZ9hu45j	Neutral
3206	الجانب المشرق لفايروس كورونا/ ⚙نسبة وفيات حوادث السير بمعدل 0٪ ⚙دواوين وسهر ع الفاضي ..انتهى ⚙شوارع نظيفة دون حوادث ⚙لا صرف البنات على التسوق ⚙قعدة قهاوي اختفت ⚙اجتماع شمل الأسرة ⚙سيارة للضروره ⚙مستشفيات متأهبة لكل طاري كالمفروض ⚙اعمال خيرية منتشرة  ⚙تضامن شعبي واسع جدا	Neutral
3207	@TebbouneAmadjid #نداء_وطني و مطلب 42 مليون جزائري إلى السيد الرئيس تبون نريد تطبيق الحجر الصحي الشامل علي كامل التراب الوطني أي في 48 ولاية لمدة 10 أيام للخروج من أزمة فيروس كورونا بأخف الأضرار	Neutral
3208	@lorrainekodeih كورونا له علاج أما المغردين والإعلام المغرض مرض مزمن لا علاج له ولا دواء ❌👹	Neutral
3209	الشعب كله صايع بره طول اليوم وبالليل يروح يشوف نتائج الكورونا، فاكرها انتخابات.. 🙄	Neutral
3210	"الله يلعن ابو الكورونا اللي قفلت المساجد وحرمتنا من صلاة التراويح "" واحد ٢٠ سنة مايصلي على النبي حتى"	Neutral
3211	إنا لله وإنا إليه راجعون  انتقل إلى رحمة الله أخونا وزميلنا في مدرسة عبادة بن الصامت الابتدائية بالخرج الأستاذ/ حسن الكعبي (رحمه الله)  اللهم اغفر له وارحمه وعافه واعف عنه وأكرم نزله... اللهم أرزق أهله وذويه الصبر والسلوان.  #ناصر #خلوكم_قريبن #كورونا #الخطوط_السعودية	Neutral
3212	مالي ارى الناس في رُعبٍ يؤرقهم   من الكورونا كأن الموت قد وصلَ  يا خائفاً من لقاء الموت مرتعداً هل يمنع الخوف أمر الله  إن نزلَ  َالموت كأساًُ وحتماً سوف نشربهُ لا شك إنّا سنرحلُ مثل من رحلَ  فلا تموتوا بداء الخوف وابتسمو ؟ لا ينتهي الـــعمر حتى نَبلُـغ الاجلَ	Neutral
3213	زبدة علاج كورونا ارفع مناعة جسمك وتجنب الأغذية التي تقلل نسبة المناعة في الجسم. الجسم ذو المناعة القوية يحارب الفايروس الجسم ذو المناعة الضعيفة يتغلب عليه الفايروس علاج لا يوجد. #كرونا_السعوديه	Neutral
3214	#كورونا_السعوديه اللهم بشرنا بزوال هذا الوباء وارفع عنّا هذا الابتلاء  وطهر الأرض منه واشفي مرضانا ومرضى  العالم اجمعين إنك الغفور الرحيم  اللهم  قلت وقولك الحق وما كان الله معذبهم وهم يستغفرون  فاللهم نستغفرك ونتوب إليك من جميع الذنوب والمعاصي.	Neutral
3215	أنا المتطوع مهند أعلن تطوعي للعمل لخدمة الشعب العراقي في حال إستدعت الظروف أي عمل تطوعي مهما كان فيه مصلحة عامة و خصوصاً لا قدر الله إنتشار فيروس كورونا في أي مكان و أتحدى جميع متابعيني ومن يرى هذه التغريدة بقبول التحدي هل قبلتم التحدي؟ أعيدوا التغريدة وتحدو💪 #العراق #كورونا	Neutral
3216	اللبناني ثالث كائن حي بعد ابو بريص و الجمل بتحمل ظروف الحياة القاسية   #لا_داعي_للهلع #سنموت_بعد_قليل #كورونا	Neutral
3217	عندالخروج من المنزل عليك اتباع سبل الوقاية الصحيحة: -اغسل يديك وعقمها باستمرار.  -ابتعد عن أماكن التجمعات.  -لا تقترب من أحد واجعل مسافة لا تقل عن مترين.  وتذكر دائمًاأن كبار السن وأصحاب الأمراض المزمنة هم الأكثر عرضة للفيروس ساهم بحمايتهم. #الوقاية_من_كورونا #التباعد_الاجتماعي  https://t.co/v46DmNClet	Neutral
3218	@mudysafa @dabbas50 الهروب من الكورونا والله اعلم.	Neutral
3219	علاج فيروس الكورونا: إمضغ فصين من الثوم هذا لا يساعدك في شيء لكن سيبعد عنك الناس مسافة كافية. شو رأيكم :	Neutral
3220	#فوازير_عش_بصحة سبحان الله وبحمده سبحان الله العظيم.  @Qq_itocv9  إشاعة ❌❌❌ البخور يقتل فايروس كورونا  إشاعة❌❌❌ الليمون علاج فعال لفايروس كورونا  لا للإشاعات  وخذ العلم من وزارة الصحة وجهة الاختصاص . .. . #فوازير_عش_بصحة	Neutral
3221	إجراءات مطار بيروت :  - معك كورونا ؟ -لا   -حلوف -وحياة إمي      -أهلا وسهلا نورت لبنان 😁	Neutral
3222	عند الخروج من المنزل عليك اتباع سبل الوقاية الصحيحة: - اغسل يديك وعقمها باستمرار.  - ابتعد عن أماكن التجمعات.  - لا تقترب من أحد واجعل مسافة لا تقل عن مترين.  وتذكر دائمًا أن كبار السن، وأصحاب الأمراض المزمنة هم الأكثر عرضة للفيروس.. ساهم بحمايتهم. #كورونا #تعليم_ظهران_الجنوب	Neutral
3223	الحمد لله رب العالمين حمدا كثيرا طيبا مباركا فيه والصلاة والسلام على أشرف الأنبياء والمرسلين.  علاج كورونا..........    بسم الله الذي لا يضر مع اسمه شيء في الأرض ولا في السماء وهو السميع.  ...ثلات مرات صباحا و مساءا  بقلب خاشع يحسن الظن بربه .	Neutral
3224	الوقاية ليست خيرًا من العلاج  الوقاية إجبارية لأنه لا يوجد علاج  #كورونا	Neutral
3225	عندما تختنق بسبب الكورونا ، سيقومون بإدخال تلك القطعة المعدنية  في حلقك لتوسيع الحلقوم بعدها يدخلون ذلك الانبوب ليصل الى رئتيك ويضخون الأوكسجين البارد فيهما.  بعدها تصاب بصداع شديد من صوت فلتر الأوكسجين.  لتجنب كل هذا #إجلس_بالبيت #كوفيد_19  منقول  https://t.co/obHv5wivWC	Neutral
3226	درر✨  مالي ارى الناس في رعبٍ يؤرقهم   من الكُورونا كأن الموت قد وصلَا    يا خائفاً من لقاء الموت مرتعداً هل يمنع الخوف أمر الله إن نزلَا  َالموت كأساًُ وحتماً سوف نشربهُ لا شك إنّا سنرحلُ مثل من رحلَا  فلا تموتوا بداء الخوف وابتسموا لا ينتهي العمر حتى نَبلُغ الأجـــلا.	Neutral
3227	مؤسستين ماليتين خفضت تقييم $GILD الطبية اللي تعمل تجارب على دواء لفايروس كورونا و يقولون ماش ما حنا متأكدين من قدرتها على صنع دواء و ما نقدر نبالغ و نستعجل النتائج	Neutral
3228	تعلن وزارة_الصحة⁩ عن وفاة مقيم مصاب بمرض كورونا ⁧كوفيد١٩⁩ يبلغ من العمر ثلاثة وأربعين عاماً ليبلغ عدد الوفيات من هذا المرض بالسلطنة⁩ ست عشرة وفاة. وتتقدم وزارة الصحة إلى ذوي الفقيد بخالص العزاء والمواساة سائلة الله سبحانه أن يلهم أهله وذويه الصبر والسلوان #خليك_بالبيت  https://t.co/mzRVhXmmCz	Neutral
3229	يامنزل الشفاء ورافع البلاء ويامجيب الدعاء .. اللهم ارفع عنا البلاء والوباء والمِحن ..اللهم احفظ بلادنا وبلاد المسلمين من كل مكروه .. اللهم اشفى مرضانا وعافي مبتلانا وارحم موتانا. اللهم إنا نسألك ضياءً في طريقنا وفرجاً لضيقنا ونوراً لقلوبنا وتيسيراً لأمورن اللهم  امين  #كوفيد_19	Neutral
3230	مع انتشار #كورونا، ما هي العلاجات المستخدمة؟ وهل هناك علاج معتمد؟  الإجابة في الرابط:   https://t.co/PWTEgsTTYQ  #صحتك_في_رمضان  #رمضان #السعودية #الامارات #قطر #Ramadan  #الجزائر #فيروس_كورونا	Neutral
3231	الشعب الكويتي طول اليوم بالشوارع و بالليل يروح يشوف احصائيات الكورونا .. حسبالهم انتخابات	Neutral
3232	- مستشفيات متأهبة - شباب مسؤول و أعمال خيرية منتشرة - تضامن شعبي -القهاوي مسكرة - الملاعب فاضية -لا اختلاط لا مصافحة  - الكورونا ما جات تقتل جات تربي 👌🏻	Neutral
3233	حسب توصيات وزارة الصحة يجب لبس الكمامة القماشية عند الخروج من المنزل والتي تختلف عن الكمامة الطبية للوقاية بعد الله تعالى من #فيروس_كورونا .قائدة المدرسة أ/زينب القحطاني #كلنا_مسؤول #تعليم_الطائف @TaifSch_Health @TaifEduGov @Media_M_E  https://t.co/y0PyE3F1Yj	Neutral
3234	هوه الفيروس مبيروحش المولات والاسواق ولا بيركب مواصلات ولا بيصيب ممثليين ، الفيروس بيحب يروح الجيم وبيصلي جماعة ف المسجد صح شكلو فيروس رياضي متدين ملتزم..! 😒👎	Neutral
3235	#كورونا_الجديد   اللهم الهمنا الصبر وابعد عنا كل داء  واجعلنا لرضاك ساعين ولرحمتك راجين.  ⠀	Neutral
3236	نصائح مهمة لتجنّب فيروس كورونا .. تعرف على المزيد  https://t.co/oe1f8QDmSX  https://t.co/m8LWsyEXZq	Neutral
3237	تخيل تبقا مستني كورونا تخلص علشان تنزل واول متخلص تنزل ع دروس 3ث⁦🤦🏿‍♂️⁩	Neutral
3238	وزارة الصحة بالمطار... معك كورونا... لأ.. حلوف... وحيات إمي... أوكي أهلا وسهلا فيك بلبنان 😂 😂 😂	Neutral
3239	سيذهب وباء كورونا وسيذهب معه البلاء بإذن الله ، وسيأتي شهر رمضان ومعه الفرج والخير بأمر الله تعالى .. تفائلوا بالخير تجدوه. وإن حدثوك عن أمر مخيف فحدثهم عن رب لطيف .. جمعة طيبة مباااركة .. وطبتم وطااب مسااائكـــــــــــــم	Neutral
3240	قالو الصين جواها ضحية ده فيها فيروس كورونا قتال طب احنا عرفنا لي نهاية يا موت يا علاج يكون فعال لكن فيرسنا في صحابنا ملوش علاج طبع الاندال	Neutral
3241	@@ندائي إلى سيادة الرئيس عبد المجيد تبون، نحن ثلاثة رئساء مصالح مؤسسة المذابح والمسمكة لولاية الجزائر قدمنا شكوى رسمية للنائب العام ضد فساد مدير المؤسسة تم فصلنانهائيا من العمل منذ سنة ونحن نعيش وباء الفقر أخطر من هاذا الوباء الذي إبتلى به الله العالم، رجائنا بالله ثم عليكم ل  https://t.co/Svu54zp4vj	Neutral
3242	#إنّا_لله_وإنّا_إليه_راجعون  رحم الله العقيد  #نافع_الخليفه_المطيري ولأسرته الكريمة الصبر والسلوان  #كورونا  https://t.co/evPaOIXNxO	Neutral
3243	هل هذه الأعراض هي أعراض الإصابة بفيروس #كورونا أم لا؟ #صحتك_في_رمضان #خليك_في_البيت #رمضان #السعودية #الامارات #قطر #COVID19  #الجزائر #فيروس_كورونا  https://t.co/G0843gxHtT	Neutral
3244	#فيروس_كورونا  اللهم أغفرلنا ما قدمنا وما أخرنا وما أسررنا وما أعلنا وما أنت أعلم به منا	Neutral
3245	هل يجب لبس الكمامة لـ #الوقاية_من_كورونا ؟  https://t.co/36Xe1vtFuw	Neutral
3246	جارنا العزيز الطيب في عدن الحاج علىي احمد  في ذمة الله بعد إصابته بفيروس كورونا  اسال الله ان يلهم اهله وذويه  الصبر والسلوان إنا لله وانا اليه راجعون..	Neutral
3247	"#فيروس_كورونا_الجديد                 اللهم بشرنا بزوال هذا الوباء وارفع عنّا هذا الإبتلاءوطهر الأرض منه واشفي مرضانا ومرضى المسلمين اجمعين إنك الغفور الرحيم اللهم إنك قلت وقولك الحق ""وما كان الله معذبهم وهم يستغفرون"" اللهم إنا نستغفرك ونتوب اليك ♥️"	Neutral
3248	اللهم إنا نسألك أيامًا مبشرة ، وهمومًا راحلة ، وقلوبًا مطمئنة اللهم إنا نسألك أن ترفع عنا هذا الوباء وهذا البلاء ، وأن تغفر لنا وللمسلمين جميعاً 🤲  #الجزائر  #رمضان	Neutral
3249	@Asma92292270 من المفروض وضع كل المسافرين تحت الحجر لمدة 14 يوم فان لم تتخذ السلطات الجزائرية هذه الاحتياطات فهذا يطرح الكثير من التساؤلات لأنه سبق و ان ادخلت لا ندري عمدا ام جهلا  الكثير من القادمين من فرنسا و هم من كان السبب في دخول الفيروس الى الجزائر حكومة العجب.	Neutral
3250	ما في جردة نعملت لنعرف قديش بعد معنا مصاري وناطرن يعطوك الجردة لعدد المصابين ب #كورونا #وين_الجرده  #لا_داعي_للهلع #سنموت_بعد_قليل  #لبنان	Neutral
3251	#الوقايه_من_كورونا عند الخروج من المنزل عليك اتباع سبل الوقاية الصحيحة: - اغسل يديك وعقمها باستمرار.  - ابتعد عن أماكن التجمعات.  - لا تقترب من أحد واجعل مسافة لا تقل عن مترين.  وتذكر دائمًا أن كبار السن، وأصحاب الأمراض المزمنة هم الأكثر عرضة للفيروس.. ساهم بحمايتهم.  https://t.co/d78zC7zv2J	Neutral
3252	@jenaideb الحظر الكلي غير صحيح بوجة نظري اتمنى يكون فيه تطبيق يحدد اماكن الاصابة تطويق الاماكن المصابة يجب تحديد موقع ينقل الحالات به  المستشفيات الخاصة لا تستقبل حالات كورونا نهائي تحديد مستشفى واحد بكل منطقة قبل الاجلاء لمكان بالعاصمة الرياض او ينبع اذ بها امكانيات	Neutral
3253	اللهم بقدرتك تجعل اشئ(كن فيكون)  اللهم في اخر الجمعه من شعبان اللهم بشرنا بزوال هذا الوباءّ، وأرفع عنا هذا الإبتلاءّ، وطهَر الأرض منه، واجعلنا نصوم رمضان ونحن في امان وعافيه حنا في وجهك يالله  #يوم_الجمعه #ساعة_استجابه	Neutral
3254	لا مهو أنا مبقاش باكل رغيف حواوشي بإتنين جنيه وتيجي تقولي حاسب فيه كورونا 😒  https://t.co/7XGQn8VeUw	Neutral
3255	وتضيق دنيانا فنحسب أننا سنموت يأسا أو نموت نحيبا وإذا بلطف الله يهطل فجأة يربي من اليبس الفتات قلوبا الشافعي  #كورونا	Neutral
3256	"اللهم نستغفرك ونتوب اليك من جميع الذنوب....                                                     اللهم قلت وقولك الحق *""وما كان الله معذبهم وهم يستغفرون""*....                                      اللهم بشرنا بزوال هذا الوباء(كورونا المستجد)، وطهر الأرض منه.... عاجلا يا كريم.."	Neutral
3257	علاج فيروس الكورونا إمضغ فصين من الثوم واكل بصل هذا لا يساعدك في شيء لكن سيبعد عنك الناس 👊🏻ناقصين احنه امراض وروايح بعد 🤦🏻‍♂️ لحد ياكل 🤣 #ثقف_نفسك #كورونا_البحرين	Neutral
3258	#الصحة  #كورونا   🇺🇸 : سنموت جميعًا 🇮🇹 : لا يمكننا النجاة 🇸🇦 : أبي شحننننتتي	Neutral
3259	لأنو الغبي مفكّر حالو ذكي! بكل بساطة... #لبنان #كورونا #لا_داعي_للهلع #سنموت_بعد_قليل #العهد_القوي	Neutral
3260	تخيل عزيزي المشاهد يجيلك كورونا قبل ما تتجوز .. دي تبقى مأساة.. بعد اذن نهاية العالم ياشباب ملحقتش اتكاثر  احمد الغندور 28 مارس 2020  https://t.co/lXz9Pc8AHf	Neutral
3261	للحماية من فيرس كورونا و جميع الامراض والعين والحسد هناك علاج نبوى مؤكد ١٠٠% .. قول كل صباح ومساء ثلاث مرات 👇 بسم الله الذي لا يضر مع أسمه شئ في الأرض ولا في السماء وهو السميع العليم ،، اعوذ بكلمات الله التامات من شر ما خلق  #الكويت_كورونا	Neutral
3262	بقلوب مؤمنة راضية بقضاء الله وقدره أتقدم بخالص العزاء وصادق المواساة لعائلة السحلول  في وفاة الأخ العزيز المرحوم بإذن الله تعالى #غنيم_سعود_بطيان_السحلول  متأثرا بفيروس #كورونا تقبله الله في الشهداء  تغمده الله برحماته وأسكنه فسيح جناته وألهم أهله وذويه الصبر والسلوان	Neutral
3263	مجففات الأيدي ليس فعالة في القضاء على فيروس كورونا المستجد. لحماية نفسك من الفيروس الجديد يجب المداومة على تنظيف اليدين بفركهما بواسطة مطهر كحولي أو غسلهما بالمادء والصابون. وبعد تنظيف اليدين يجب تجفيفهما تماماً بمحارم ورقية أو بمجففات الهواء الساخن #التزموا_بالحجر_المنزلي	Neutral
3264	الكورونا: يلعن الساعة يللي فتت فيها على لبنان راحت هيبتي  #كورونا  #سنموت_بعد_قليل	Neutral
3265	#كلنا_فالبيت_عشان_نصفرها  سلاحنا الاقوى للقضاء على فيروس كورونا هو اللتزامنا بتعليمات والجلوس في المنزل وعدم الخروج الا لضروره والابتعاد عن اماكن التجمعات والمخالطات وترك مسافه لا تقل عن متر ونص بينك وبين الاخرين في المحلات التجاريه والمحافظ على غسل اليدين بالماء والصابون بستمرار	Neutral
3266	يارب في هدا اليوم المبارك الطف بنا  #الجزائر #بيتك_حياتك #كورونا  #الحجر_الصحي  #COVID2019  #كلنا_البليدة  #staysafe  #الامارات  #الأردن  #ريح_في_داركم  https://t.co/CXXMtO2fYl	Neutral
3267	"#متي_يصدر_قرار_العشرين #رمضان   ""الله يلعن ابو الكورونا اللي قفلت المساجد وحرمتنا من صلاة التراويح ""  محمود .. ٣٥ سنة مش بيصلي غير على النبي لما يشوف بنت حلوه"	Neutral
3268	"""جراكتونا"" هيدي هي التسمية العلمية للوضع بي لبنان #سنموت_بعد_قليل #لا_داعي_للهلع #كورونا_لبنان"	Neutral
3269	علاج كورونا :                                                    عن سيدنا عثمان بن عفان رضي الله عنه قال سمعت رسول الله صلى الله عليه وسلم يقول ( من قال بسم الله الذى لا يضر مع اسمه شيء في الأرض ولا في السماء وهو السميع العليم	Neutral
3270	الوباء كالنَّار وأنتم وقودها تفرَّقوا حتى لا تجد النار ما يُشعلها فتنطفىء ..  #خلونا_نعيد	Neutral
3271	عند الخروج من المنزل عليك اتباع سبل الوقاية الصحيحة: - اغسل يديك وعقمها باستمرار. - ابتعد عن أماكن التجمعات. - لا تقترب من أحد واجعل مسافة لا تقل عن مترين. وتذكر دائماً أن كبار السن، وأصحاب الأمراض المزمنة هم الأكثر عرضة لفيروس #كورونا ساهم بحمايتهم.  #كلنا_مسؤول  @SaudiMOH  https://t.co/JwBslpw72K	Neutral
3272	#كورونا_الجديد  اللهم بشرنابزوال هذاالوباءوارفع عنّاهذاالابتلاء وطهرالأرض منه واشفي مرضاناومرضى  العالم اجمعين إنك الغفورالرحيم  اللهم  قلت وقولك الحق ﴿وما كان الله معذبهم وهم يستغفرون﴾ فاللهم نستغفرك ونتوب إليك من جميع الذنوب اللهم هذاالمكان والمشهد ف رمضان😭🤲🏻  https://t.co/bNujrfLEug	Neutral
3273	بس قالولنا لا داع للهلع، الليرة بالف خير، صدقوا واكيد هلق بس قالولنا عن ال #كورونا لا داع للهلع اكيد رح يصدقوا #سنموت_بعد_قليل	Neutral
3274	جزائريين توصلوا الى لقاح ضد فايروس كورونا الله يرحم  https://t.co/vzFT0Y4g4o	Neutral
3275	نصائح لتفادي خطر الإصابة بفيروس #كورونا  #إرم_نيوز #CoronavirusOutbreak #coronavirus  https://t.co/ehcDZhO6cq	Neutral
3276	مستشفيات متأهبة، اطقم طبية منضبطة و مستعدة، شباب مسؤول و اعمال خيرية منتشرة، تضامن شعبي، نقص الالفاظ البذيئة، مساواة بين الفقراء و الاغنياء، لا اختلاط لا تقبيل لا مصافحة....... #كورونا ما جاءت لتقتل جاءت لتربي لتنظف لتطهر الأرض خذو العبرة ♥️👌	Neutral
3277	جوهت الله عليك، أخر واحد بضاين يطفي عواميد الزوق قبل ما يموت!  #لا_داعي_للهلع #سنموت_بعد_قليل #كورونا_لبنان #لا_ثقة #لبنان_يتكروان	Neutral
3278	رياض سلامة: ما في داعي للهلع الليرة بألف خير ودولارات كشك. وزير الصحة: ما في داعي للهلع فنجان قصعين وتحميلة بيمشي الحال. #كورونا #سنموت_بعد_قليل	Neutral
3279	Mood : اذا قالو لي نزلي نقابك بنفحصك🏃🏻‍♀️   #فحص_كورونا  https://t.co/9cYfjJsxmx	Neutral
3280	"#سنموت_بعد_قليل #كورونا #لا_داعي_للهلع  فالله خيرا"" حافظا"" وهو ارحم الراحمين"	Neutral
3281	عائلتي وأصدقائي الأعزاء،  إذا قررتم زيارتي الرجاء التقيد بهذه التعليمات:  ١- ما تجو.  شكراً 😷😅  #فيروس_كورونا  #كورونا_لبنان  #لا_داعي_للهلع  #سنموت_بعد_قليل  #لبنان_ينتفض  #لا_ثقة  #انتخابات_نيابية_مبكرة	Neutral
3282	بسبب كورونا  الصين : لا خروج من المنزل ايطاليا : لا دراسة لا عمل السعودية : لا حج لا عمرة ليبيا        : خالق الرأس قاطعة  https://t.co/vxRWJSu8UD	Neutral
3283	' الله يلعن أبو الكورونا اللي قفلت المساجد وحرمتنا من صلاة التراويح '   محمود : ٣٥ سنه مش بيصلي غير على النبي لما يشوف بنت حلوه .	Neutral
3284	تعلن وزارة_الصحة عن وفاة مقيم مصاب بمرض كورونا #كوفيد١٩يبلغ من العمر ستّين عاماً ليبلغ عدد الوفيات من هذا المرض #بالسلطنة إثنتا عشرة وفاة.وتتقدم #وزارة_الصحة إلى ذوي الفقيد بخالص العزاء والمواساة سائلة الله سبحانه أن يلهم أهله وذويه الصبر والسلوان. #اخدود_البركات  https://t.co/YhLLW4z0Yj	Neutral
3285	@Oman_Arab_Bank 🔴- شوارع نظيفة و هادئة  🔴-بيوت معقمة  🔴-اطفال تحت العناية المنزلية 🔴-تلوث بيئي منخفض  🔴-مستشفيات متأهبة  🔴-شباب مسؤول و اعمال خيرية منتشرة  🔴-تضامن شعبي  🔴-لا اختلاط لا مصافحة  كورونا لم تأت لتقتل فقط بل نظمت مجتمع بأكمله.  ⁧#ساعة_الأرض⁩	Neutral
3286	#الجزائر  #ريح_في_داركم  #ريح_في_دارك  #كلنا_البليدة  #كورونا_فيروس  خويا  بوصبع  راك  جايبها  علابالك !! اتهلا حبيبنا .	Neutral
3287	🔴- شوارع نظيفة و هادئة 🔴-بيوت معقمة 🔴-نساء ماكثات بالبيوت 🔴-اطفال تحت العناية المنزلية الجميلة 🔴-مستشفيات متأهبة 🔴-اطقم طبية منظبطة و مستعدة 🔴-تضامن شعبي 🔴-مساواة بين الفقراء و الاغنياء 🔴-لا اختلاط لا تقبيل لا مصافحة  🔴#كورونا لم تأت لتقتل فقط بل نظمت مجتمع بأكمله.	Neutral
3288	على الجهات المعنية أن توقف كل الرحلات الجوية والبحرية مع كل الدول التي ظهر وتفشى فيها #فيروس_كورونا ، و عليها أن توقف الدراسة و كل ما من شأنه التسبب في خلق التجمعات البشرية الكبيرة..  يبدو أننا نناشد الحجر..!  #الجزائر #COVID19  #coronavirus	Neutral
3289	وزير الصحة اللبناني نجم الشاشة ومحطات اللبنانية  مكتبالك #كورونا  #سنموت_بعد_قليل  #لبنان_ينتفض	Neutral
3290	من اليابان .. 7 نصائح وقائية لتجنب عدوى فيروس كورونا المستجد  https://t.co/KAPtOHZeVF	Neutral
3291	اللهم ارفع عنا البلاء 🤲🏻 اللهم إنا لا حول لنا ولا قوة الا بك، اللهم إن كان غضب ف ارفعه عنا انت الحليم ،  وإن كان ابتلاء فأعنا على الصبر وحسن الدعاء،  اللهم عاملنا برحمتك وكرمك ولا تأخذنا بذنوبنا وتقصيرنا 💙  #ساعة_استجابة  #كورونا_الأردن  #حظر_التجول	Neutral
3292	- شوارع فاضية و هادئة - البيوت نظيفة و معقمة - مأكولات متنوعة - الاطفال تحت العناية المنزلية  - الزوجات يشوفون ازواجهم  - تلوث بيئي منخفض - الطوابير منظمة - مستشفيات متأهبة - شباب مسؤول و أعمال خيرية منتشرة - تضامن شعبي -لا اختلاط لا مصافحة - الكورونا ما جات تقتل جات تربي 👌🏻	Neutral
3293	لا داعي للهلع كورونا تحت السيطرة .. شو بتشبه جملة لا تخافوا الليرة مستقرّة 😷☹️ #سنموت_بعد_قليل	Neutral
3294	#كورونا في #لبنان .. سنموت بعد قليل 😷😷😷  https://t.co/wDe9zEF5lt	Neutral
3295	🔴-طوابير منظمة 🔴-مستشفيات متأهبة  🔴-اطقم طبية منضبطة و مستعدة  🔴-شباب مسؤول و اعمال خيرية منتشرة  🔴-تضامن شعبي  🔴-ملاهي مغلقة  🔴-ملاعب فارغة  🔴-نقص الالفاظ البذيئة  🔴-مساواة بين الفقراء و الاغنياء  🔴-لا اختلاط لا تقبيل لا مصافحة....... 🔴#كورونا	Neutral
3296	اللهم يامجيب الدعاء ياحي ياقيوم برحمتك نستغيث يارحمن يارحيم يارب يارافع ياقوي ياخافض ياعظيم يا نافع ارفع عنّا وازل هذه الغمه، يالطيف الطف بنا يا الله يارب اننا نتوب اليك وانت التواب الرحيم لا تجعل شهرك الكريم ينقضي الا وقد ازلت عنّا هذا الوباء وشفيت كل من تضرر منه.#كورونا	Neutral
3297	#الودائع موجودة لا داعي للهلع و #كورونا موجود لا داعي للهلع #سنموت_بعد_قليل	Neutral
3298	الزموا بيوتكم وأكثروا من التضرع الدعاء، فبذلك تساعدون على احتواء الوباء! #COVIDー19 #الحجر_الصحي #الحجر_المنزلي #وعينا_يحمينا #اقعد_في_دارك #كورونا #StayHome #Algerie #ريح_في_دارك #فيروس_كورونا #كلنا_البليدة #البليدة #البليدة_ستنتصر #البليدة_لن_تذبل #Blida	Neutral
3299	من مصدر موثوق الكورونا تفشى في لبنان و في الأيام المقبلة سنلحظ إرتفاع في عدد الإصابات، سنفروا بي أرواحكم! #سنموت_بعد_قليل #كورونا_لبنان #كورونا_الجديد #لبنان_يتكروان #لا_داعي_للهلع	Neutral
3300	@Tahani_3_ أنشأ الله يروح الوباء	Neutral
3301	"سلامتنا سعادتنا وغايتنا الامان لكم لأنكم أنتم أغلى ما نملك نسأل الله الأمن والسلامة سجل وانشر عروضك مجانا بدون عمولة  سلامتنا  https://t.co/RTTMA2JFdP #حاكمو_بلطجيه_الخيم مسؤول أميركي: ""سنغرق العالم"" بلقاح كورونا.. وهذا هو الموعد  https://t.co/MGO9xWnsMO  https://t.co/A7tXU0KzHh"	Neutral
3302	#ولي_العهد_محمد_بن_سلمان تعال انقذ المملكه والعالم من الكورونا تعال لنعقد صفقه الفتح  ترجع بالخياه الى حالتهاالطبيعيه عندي وصفه تقي العالم وتخلصه من الفيروس باذن الله وصفه طبيعيه ليست كليماويه يا ولي العهد تعال نعقد صفقه الفتح ليست كوصفه القرن اغلى منها بترليون مره عجل لتنقذ .	Neutral
3303	🎥 متى يجب لبس الكمامة وطريقة لبسها الصحيحة #الوقاية_من_كورونا  @LiveWellMOH  https://t.co/5owIUSFOXy	Neutral
3304	الكمامة لا تحتاجها في كل وقت.. هل تعرف متى يجب عليك لبسها ؟ #الوقاية_من_كورونا  #كورونا_الجديد  #كورونا #Covid19  https://t.co/YQLxdR2gu0	Neutral
3305	"""كاف"" يضع عدة إرشادات للاعبين لتجنب الإصابة بفيروس كورونا.. تعرف عليها  https://t.co/vHXRfLysXA"	Neutral
3306	@M__albugaily اول طبيب مصري لمواجهة تفشي فيرس#كورونا على خط النار توفي عشان يعالج واحد من امثالك رحمة الله عليه وتغمدة بواسع رحمته ويلهم أهله وذويه الصبر والسلوان  https://t.co/iVUAnUdRPx	Neutral
3307	#كوريا_ عندي وصفه طبيعيه ناجحه ١٠٠/١٠٠ تقضي على الكورونا بالمهد، انا جاهز ان اسلمها لكبار علماء الطب لكي يفحصوها تلفون للاستفسار 972522878900 انا جاهز ان اعقد صفقه مع العالم كله لاخراجهم من الفيروس بالوصفه الطبيعيه ، مجربه على البشر وعلى الحيوان .	Neutral
3308	عند الخروج من المنزل عليك اتباع سبل الوقاية الصحيحة: - اغسل يديك وعقمها باستمرار.  - ابتعد عن أماكن التجمعات  - لا تقترب من أحد واجعل مسافة لا تقل عن مترين  وتذكر دائمًا أن كبار السن، وأصحاب الأمراض المزمنة هم الأكثر عرضة للفيروس.. ساهم بحمايتهم. #كورونا #خلك_بالبيت  https://t.co/yhClrcR5Ok	Neutral
3309	إجراءات مطار بيروت لمنع دخول فيروس كورونا:  -معك كورونا ؟ -لا -حلوف طيب -وحياة إمي -اوكي تفضل اهلا وسهلا #أكلنا_خرا #كورونا #لبنان #بس_هيك #فيروس_كورونا	Neutral
3310	بخالص العزاء وصادق المواساة للأخ سلطان العتيبي في الفاجعة الكبيرة والمصاب الجلل بوفاة ٨ من أبنائه أسأل الله أن يربط على قلبه ويلهمه الصبر والسلوان وانا لله وانا اليه راجعون وحسبي الله ونعم الوكيل اخوك فراس الهاشمي  #سلطان_العتيبي #حريق_صباح_الاحمد #كورونا_الكويت	Neutral
3311	الوباء كالنَّار وأنتم وقودها تفرَّقوا حتى لا تجد النار ما يُشعلها فتنطفىء  . قالها عمرو بن العاص في طاعون عمواس #فيروس_كورونا #الحجر_المنزلي #الحجر_الصحي #فيروس_هانتا #خليك_في_البيت #Algerie	Neutral
3312	وزير الصحة د. باسل الصباح : إنا لله وإنا إليه راجعون، أعزي نفسي وكل الزملاء بوفاة الأخ/ د. طارق حسين من أطباء الأنف والأذن والحنجرة بمستشفى زين متأثرا بمضاعفات فيروس كورونا المستجد ، رحمه الله وألهم أهله ومحبيه الصبر والسلوان	Neutral
3313	يلا صارو ١٠ قرررربت🤗 #سنموت_بعد_قليل #كورونا #لبنان	Neutral
3314	حتى اهتمامنا بالكحول والكلور مبقاش زى الاول ...  #فرحة_البدايات #كورونا	Neutral
3315	اللهم بشرنا بزوال هذا الوباء وارفع عنّا هذا الابتلاء  وطهر الأرض منه واشفي مرضانا ومرضى  العالم اجمعين إنك الغفور الرحيم  اللهم  قلت وقولك الحق وما كان الله معذبهم وهم يستغفرون  فاللهم نستغفرك ونتوب إليك من جميع الذنوب🥀   #نصيحه_مصاب_بفيروس_كورونا	Neutral
3316	و بالمحبي و الإيمان راح نرجع نعمر لبنان! هيدي مش من مسرحية أو شعرات ابو الربع؟ 😅 #لا_داعي_للهلع #سنموت_بعد_قليل #كورونا_لبنان	Neutral
3317	العيد يوم الأحد لا أحد يروح عند أحد ولا أحد يسلم على أحد ولا أحد يلوم أحد فمرض الكورونا مايرحم أحد وسلامتكم ان شاء الله وصحة عيدكم كامل  https://t.co/IP6NRYnoTv	Neutral
3318	@ahmad590799 @s9sb أن شاء الله يروح الفيروس قبل رمضان	Neutral
3319	أتسائل ما الذي أصاب الجزائريين و ما هي الصدمة التي تلقتها قلوبهم حتى أصبحو لا يخافون شيئ.. فالعالم كله خائف من فيروس كورونا الا الجزائر تضحك عليه. هل حقا هذا الشعب عانى في حياته لدرجة انه يرى الموت و الحياة وجهان…  https://t.co/KQTktlAWwU	Neutral
3320	تخيل وزير قاعد في مكتبه ورا الشاشه محاوط نفسه بكحولات بيعقد اجتماعاته فيديو كونفرانفس تطبيقاً للإجراءات الاحترازيه عشان ياخد قرار ينزل الطلبه تمتحن في بلد مبقاش فيها سرير لعيان وفي عز ذروة الفيروس اللي هو قال عليهامشوفتش سخريه ولا تناقض زي كده!! Retweet  #اقالة_الوزير_3ث_متنزلش	Neutral
3321	نشاطركم الاحزان ال الحصيني في وفاة النسيب الغالي عطيه ساعد /ووالدتة اثر اصابتهم بمرض كورونا سائلا الله ان يتغمدهم بواسع رحمتة وان يلهم اهلهم الصبر والسلوام وانا لله وانا اليه راجعون	Neutral
3322	انا لله وانا اليه راجعون انتقل الى رحمة الله تعالى طبيب الانف والاذن والحنجرة الدكتور الخلوق / طارق حسين إثر اصابته بفيروس كورونا  اثناء تأديته واجبه في مستشفى زين  رحمه الله واسكنه فسيح جناته والهم اهله الصبر والسلوان  https://t.co/lU3VFBl8Pi	Neutral
3323	اللهم اكشف الغمة عن هذه الأمة يا ذا الفضل والمنة ، اللهم إنا نعوذ بك من البرص والجذام والجنون وسيء الأسقام ،اللهم احفظنا بحفظك واكلأنا برعايتك ولا تكلنا إلى أنفسنا طرفة عين، اللهم اجعل ما أصابنا من هذا الوباء تكفيراً لنا  يا سميع الدعاء ،وتقبل منا إنك أنت السميع العليم  #كورونا	Neutral
3324	"🔴 ""فيروس #كورونا يكره النقاب""!! عنوان مقال فى صحيفة فرنسية يقول:""المنتقبات لن يخفن من العدوى وهن اقل عرضة لكورونا لانهن لا يصافحن بالايدي ولا يقبلن ولا يعانقن وهذه هي الاحتياطات الموصى بها من طرف العلماء لتفادي الإصابة"". سبحانك ربي ما أعدلك  منقول للأهمية  https://t.co/ojR5sllgvR"	Neutral
3325	@Elhamaleid كورونا ليست وباء، بل مدرسة، علينا ان تعلم دروسها، حرصا على البشرية، وعلى حياتنا، ولعلها أكثر من علمنا أن أمر الله يطال العامة والخاصة، وأنه لا مفر منه.	Neutral
3326	ما هي أعراض #فقر_الدم في جسم الإنسان؟ الإجابة في الرابط:  https://t.co/GoWBeQyw1P  #صحتك_في_رمضان  #رمضان #السعودية #الامارات #قطر #Ramadan  #الجزائر #فيروس_كورونا	Neutral
3327	"""الله يلعن ابو الكورونا اللي سكرت المساجد وحرمتنا من صلاة التراويح ""  القائل :  فهد .. ٣٥ سنة مايصلي غير على النبي لما ينذكر جدامه 🤦🏻‍♂️"	Neutral
3328	#تعليم_مكه الكمامة لا تحتاجها في كل وقت.. هل تعرف متى يجب عليك لبسها ؟ #كورونا  https://t.co/opfp2Phpxi	Neutral
3329	فيه ناس صايعة برة طول اليوم و بليل يروح يشوف نتائج الكورونا ، فاكرنها انتخابات بروح امهم	Neutral
3330	الجزائر تعلن تعليق الرحلات الجوية والبحرية إلى أوروبا ومنع كبار السن والمرضى من دخول المساجد مع تسجيل 54 حالة إصابة جديدة بـ #فيروس_كورونا  #أخبار_العربي  https://t.co/TjbknX5nNd	Neutral
3331	أفضل علاج هو البقاء في المنزل.  #كورونا  #ريح_في_دارك  #كورونا_الجزائر  #الجزائر	Neutral
3332	أنا المتطوع أعلن تطوعي للعمل لخدمة الشعب العراقي في حال إستدعت الظروف أي عمل تطوعي مهما كان فيه مصلحة عامة و خصوصاً لا قدر الله إنتشار فيروس كورونا في أي مكان  #العراق #كورونا  https://t.co/VOvZFeH91p	Neutral
3333	تعلن #وزارة_الصحة عن وفاة مواطنة مصابة بمرض كورونا #كوفيد١٩ وتبلغ من العمر ٦٥ عاماً ليبلغ عدد الوفيات من هذا المرض #بالسلطنة إحدى وثلاثين (٣١) وفاة. وتتقدم #وزارة_الصحة إلى ذوي الفقيدة بخالص العزاء والمواساة سائلة الله سبحانه أن يلهم أهلها  وذويها الصبر والسلوان  https://t.co/3Lwsqjn2Xg	Neutral
3334	ثاني مغترب يمني وفاة بفيروس كورونا  خالص العزاء والمواساة للاخ أياد غانم المشيرعي  في وفاة  الاخ امير غانم المشيرعي رحمة الله عليه الذي وافته المنية اليوم في المدينة المنورة اثر تعرضه لفيرس كورونا  تغمد الله الفقيد بواسع رحمة والهم اهله وذويه الصبر والسلوان  https://t.co/llDGuru64k	Neutral
3335	اللهم اغفر لنا ما قدمنا وما اخرنا وما اسررنا وما اعلنا وما انت اعلم به منا .. اللهم اغفر لنا اجمعين بحولك وقوتك يا رب العالمين اللهم اغفر لصغيرنا وكبيرنا وذكرنا وانثانا وحينا وميتنا وعاملنا بعفوك اله الحق امين.. #الاستغفار_علاج_كورونا	Neutral
3336	الشوارع فاضية وهادئة البيوت نظيفة ومعقمة السيارات واقفة الحوادث خفّت تلوث بيئي منخفض مستشفيات متأهبة شباب مسؤول وأعمال خيرية منتشرة في كل مكان تضامن شعبي كبير القهاوي مسكرة الملاعب فاضية لا تجمعات ولا مصافحة .  ( الكورونا ما جت تقتل ،،،، جت تربي ) .	Neutral
3337	تخيل تبقي موسوس اساسا وييجي حوار الكورونا يكمل عليك، 😥😥	Neutral
3338	مالي ارى الناس في رُعبٍ يؤرقهم   من الكُورُونا كأن الموت قد وصلَا    يا خائفاً ةمن لقاء الموت مرتعداً  هل يمنع الخوف أمر الله إن نزلَا  َالموت كأساًُ وحتماً سوف نشربهُ  لا شك إنّا سنرحلُ مثل من رحلَا  فلا تموتوا بداء الخوف وابتسموا  لا ينتهي العمر حتى نَبلُغ الأجـــلا  #كورونا	Neutral
3339	أسأل الله العظيم رب العرش العظيم * أن يشافيك ويعافيك يابو أحمد * بعد ثبوت اصابة الاخ الغالي فهد المجليه بفايروس كورونا والان يحتاج الدعاء منكم * لا تنسونه من صالح دعائكم الله يشفيك ويشفي جميع مرضى المسلمين يارب @7b #كورونا_الكويت #حظر_كلي	Neutral
3340	بس وصل ال #كورونا على لبنان رجع الحساب 😒☹️ بعد ٥ ايام حظر 😧 #سنموت_بعد_قليل #لا_داعي_للهلع	Neutral
3341	@MokademLinda @ahyadenya1 واش يجيك من قناة العار غير أبواق النفاق من النظام الفاسد #تروح_كورونا_زيدو_نتوما  #العالقين_في_اسطنبول_مسؤولية_تبون	Neutral
3342	تنعي النقابة العامة للأطباء بمزيد من الحزن والأسي الدكتور سمير الغندور أستاذ جراحة العظام بطب قناة السويس والذي توفي متأثرًا بإصابة بفيروس كورونا المستجد سائلين المولي ان يتقبله من الشهداء ويسكنه فسيح جناته ويلهم أسرته الصبر والسلوان  https://t.co/zjmKnEruCe	Neutral
3343	الشعب طول اليوم في الشوارع وبالليل يروح يشوف نتايج الكورونا يحسسك انها انتخابات	Neutral
3344	عند الخروج من المنزل عليك اتباع سبل الوقاية الصحيحة: - اغسل يديك وعقمها باستمرار.  - ابتعد عن أماكن التجمعات.  - لا تقترب من أحد واجعل مسافة لا تقل عن مترين.   وتذكر دائمًا أن كبار السن، وأصحاب الأمراض المزمنة هم الأكثر عرضة للفيروس.. #الوقايه_من_كورونا  #صحة_حائل	Neutral
3345	الله يلعن الكورونا حرمتنا التراويح  بكر 25 سنة ما بصلي الا على النبي لما يشوف بنت حلوة...	Neutral
3346	٢٠٦ حالات #كورونا في لبنان ..  فلا داعي للهلع 🙈  سنموت بعد قليل	Neutral
3347	#تروح_كورونا_زيدو_أنتوما #العالقين_في_اسطنبول_مسؤولية_تبون #الحرية_لمعتقلي_الرأي  #دولة_مدنية_ماشي_عسكرية #فيروس_كورونا #COVID19dz #alger #Algeria #COVID2019  #حراك #Hirak #كورونا #Algérie #ماتسكتوناش ماذا قال كبار المجاهدين عن هواري بومدين ؟ https://t.co/cfhMy4je3g via @YouTube	Neutral
3348	أو أقرب حانوتي و شكراً على التعاون و الأعمار بيد الله ! 😅 #لا_داعي_للهلع #سنموت_بعد_قليل #كورونا_لبنان	Neutral
3349	نصائح هامة لتجنب الإصابة بـ #فيروس_كورونا يكشفها هانى الناظر  https://t.co/zrUGDrNgq4	Neutral
3350	@AL_Casber يروح الوباء وترجع الحياه زي قبل واحلى	Neutral
3351	عند الخروج من المنزل عليك اتباع سبل الوقاية الصحيحة: - اغسل يديك وعقمها باستمرار.  - ابتعد عن أماكن التجمعات.  - لا تقترب من أحد واجعل مسافة لا تقل عن مترين.  #كلنا_مسؤول  #الوقايه_من_كورونا  https://t.co/JgOJYs0qpN	Neutral
3352	#كورونا 👇 لا داع للهلع 🦹🏻‍♀️ سنموت بعد قليل  حسن كورونا 👎 #لبنان 💗	Neutral
3353	الوجـه الاخر لفيروس كورونا 💭✨ - بيوت معقمة ونظيفه- رجال ماكثين في بيوتهم مع عوائلهم  - اطفال تحت عنايه منزليه منظمه - وسائل نقل دون أكتظاظ - لا يوجد حوادث سير وازدحام خانق - تلوث بيئي قليل- مستشفيات منظمة - اعمال خيريه منتشرة- تضامن شعبي دولي- ملاهي ومراقص مغلقه- ملاعب وكوفيات	Neutral
3354	علاج فيروس الكورونا : إمضغ حصين من الثوم كل يوم عالريق  👈هذا لا يساعدك في شيء لكن سيبعد عنك الناس مسافة كافية..😅  #الجزائر #RMAMCI #مانشستر_سيتي #Algeria #ريال_مدريد_مانشستر_سيتي #ليبيا	Neutral
3355	ما بين أعراض #الإنفلونزا و #كورونا، كيف يمكنني التمييز، وهل أنا مصاب بكورونا؟  الإجابة في الرابط:   https://t.co/l1Ug9nSJrE  #صحتك_في_رمضان #رمضان #السعودية #الامارات #قطر #COVID19 #الجزائر #فيروس_كورونا #خليك_في_البيت #Ramadan	Neutral
3356	تخيل تبقي موسوس اصلا ويجي حوار كورونا ده يكمل عليك	Neutral
3357	#الشروق| نصائح لتجنب الإصابة بعدوى كورونا خلال التسوق التفاصيل👇  https://t.co/cc2yicXpjC #كورونا #فيروس_كورونا  https://t.co/gT9EXAavbY	Neutral
3358	يامنزل الشفاء ورافع البلاء ويامجيب الدعاء .. اللهم ارفع عنا البلاء والوباء والمِحن  اللهم احفظ بلادنا وبلاد المسلمين من كل مكروه اللهم أشفِ مرضانا وعافِ مبتلانا وأرحم موتانا  اللهم إنا نسألك نوراً في طريقنا وفرجاً لضيقنا ونوراً لقلوبنا وتيسيراً لأمورنا              #كورونا	Neutral
3359	الشعب يخرج يدور نهار كامل والعشية يروح يشوف نسبة الاصابات من الكورونا حاسبينها انتخابات منقول	Neutral
3360	"#الجزائر فارقت الحياة الدكتورة بوديسة ( 28 سنة ) طبيبة بمستشفى "" راس الواد"" في ولاية برج بوعريريج مع جنينها  (في الشهر السابع) متأثرة بإصابتها بفيروس كورونا وتم فتح تحقيق لعدم تمكينها من عطلة استثنائية رحمها الله برحمته الواسعة وصبّر زوجها وأهلها  إنا لله وإنا إليه راجعون  https://t.co/e6ok2MsCCD"	Neutral
3361	#قبلت_التحدي   انا المتطوع :حذيفه عبدالرحمن  أعلن تطوعي للعمل لخدمة الشعب العراقي  في حال استدعت الظروف أي عمل تطوعي مهما كان فيه مصلحة عامة.وخصوصا  لا قدر الله انتشار فيروس كورونا في اي مكان #انا_متطوع إذا إحتاج العراق يدٍ عاملة لتوزيع حاجيات المواطنين تحت الحجر الصحي يتبع...	Neutral
3362	#قبلت التحدي انا المتطوع حسام الحسن أعلن تطوعي للعمل لخدمة الشعب العراقي في حال استدعت الظروف أي عمل تطوعي مهما كان فيه مصلحة عامة.وخصوصا لا قدر الله انتشار فيروس كورونا في اي مكان #انا_متطوع إذا إحتاج العراق…  https://t.co/Q80fe9Uyz3	Neutral
3363	إجراءات مطار بيروت اليوم  قالولي معك كورونا ؟  لأ  حلوف؟ وحياة امي أهلاً و سهلاً نورت لبنان	Neutral
3364	#سطيف وفاة طبيبة حامل في الشهر الثامن هي و جنينها   جنازة الطبيبة بوديسة ذات 28 سنة هي وجنينها في الشهر الثامن الفقيدة توفيت بسبب وباء كورونا في سطيف، الجزائر اين كانت تمارس مهنتها.  انا لله وانا اليه راجعون  https://t.co/eDDFuzpHJz	Neutral
3365	نصائح لتجنب التقاط العدوى بفيروس كورونا من الملابس  https://t.co/AAcVdQufau	Neutral
3366	#حبيب_الحبيب مالي ارى الناس في رُعبٍ يؤرقهم   من الكورونا كأن الموت قد وصل يا خائفاً من لقاء الموت مرتعداً هل يمنع الخوف أمر الله  إن نزلَ  َالموت كأساًُ وحتماً سوف نشربهُ لا شك إنّا سنرحل مثل من رحل  فلا تموتوا بداء الخوف وابتسمو ؟ لا ينتهي الـــعمر حتى نَبلُـغ الاجل	Neutral
3367	بعون الله الودود، لن تهزم الكورونا مدينة الورود. #COVID19dz #COVIDー19 #وعينا_يحمينا #الحجر_المنزلي #اقعد_في_دارك #الحجر_الصحي #فيروس_كورونا_المستجدّ #coronavirusalgerie #خليك_في_البيت #حظر_كامل #Algerie #ريح_في_دارك #فيروس_كورونا	Neutral
3368	#الصحوة | تعلن #وزارة_الصحة عن وفاة مقيم مصاب بمرض كورونا #كوفيد١٩ يبلغ من العمر ستّين عاماً ليبلغ عدد الوفيات من هذا المرض #بالسلطنة إثنتا عشرة وفاة. وتتقدم #وزارة_الصحة إلى ذوي الفقيد بخالص العزاء والمواساة سائلة الله سبحانه أن يلهم أهله وذويه الصبر والسلوان.  https://t.co/G14qlmHT09	Neutral
3369	"""الله يلعن ابو الكورونا اللي قفلت المساجد وحرمتنا من صلاة التراويح ""  محمود .. ٣٥ سنة مش بيصلي غير على النبي لما يشوف بنت حلوه بس"	Neutral
3370	تخيل لا قدر الله يجيلك كورونا قبل ما تتجوز دي تبقي مأساة ، بعد إذن نهاية العالم يا شباب ملحقتش اتكاثر.  - الدحيح 28/3/2020  https://t.co/OhvHgXTiK0	Neutral
3371	اذا  قالو افصخي  نقابك نبي نفحصك   انا : #فحص_كورونا  https://t.co/69mIQkk89S	Neutral
3372	يلي ناوي يعمل شي يعمله بال 2020 لأن شكلو ما في2021 #كورونا_لبنان #فيروس_كورونا #لا_داعي_للهلع #سنموت_بعد_قليل	Neutral
3373	أنا مريض #حساسية_صدرية وأعاني من الدرقية، هل سأصاب بــ #كورونا؟  الإجابة في الرابط:  https://t.co/cnuaiXBNf6  #صحتك_في_رمضان #رمضان #السعودية #الامارات #قطر #COVID19 #الجزائر #فيروس_كورونا #خليك_في_البيت #Ramadan	Neutral
3374	"""الله يلعن كورونا اللي قفلت المساجد وحرمتنا من صلاة التراويح"" شريف 22سنة لا يصلي إلا على النبي عندما تمر بجانبه فتاة جميلة"	Neutral
3375	@AL_Casber يروح الكورونا يارب قبل رمضان 🥺♥️	Neutral
3376	#ولي_العهد_محمد_بن_سلمان_ عندي وصفه طبيعيه ناجحه ١٠٠/١٠٠ تقضي على الكورونا بالمهد، انا جاهز ان اسلمها لكبار علماء الطب لكي يفحصوها تلفون للاستفسار 972522878900 انا جاهز ان اعقد صفقه مع العالم كله لاخراجهم من الفيروس بالوصفه الطبيعيه ، مجربه على البشر وعلى الحيوان .	Neutral
3377	مركز #تعزيز_الصحة بجامعة المؤسس يطلق حملة توعوية عن عدوى #فيروس_كورونا بلغة الإشارة ٤/٥ ماذا تفعل عند ظهور الأعراض التنفسية ؟ متى يجب عليك لبس الكمامة ؟ لبس القفازين في الأماكن العامة  #فيروس_كورونا #الوقايه_من_كورونا  #كلنا_مسؤول  #المستشفى_الجامعي @kauhp1  @kauweb  @mohe_sa  https://t.co/u0x92mH3IV	Neutral
3378	ما هي أسباب #ثر_الحليب؟ و ما تشخيصه؟ و ما علاجه؟ الإجابة في الرابط:  https://t.co/dQRgZTJizg  #صحتك_في_رمضان  #رمضان #السعودية #الامارات #قطر #Ramadan  #الجزائر #فيروس_كورونا	Neutral
3379	من صغرنا وهم يحشون راسنا  الوقاية خير من العلاج الوقاية خير من العلاج الوقاية خير من العلاج  كبرنا وعرفنا أن وزارة الصحة الكويتية  لا وقاية و لاعلاج  #كورونا_في_الكويت #فيروس_كورونا  https://t.co/dVan8rYakk	Neutral
3380	سننجو بوعينا,ان الوقاية خير من العلاج,طالما لا يوجد علاج,فلنلتزم بسبل الوقاية #كورونا_السودان #كوفيد_19 #كورونا	Neutral
3381	🔴 عاجل 🔴 كورونا يعلن مغادرته لبنان بشكل نهائي والسبب : الله لا يعلِّق حدا بلسان اللبنانية  #فيروس_كورونا #سنموت_بعد_قليل  #لا_داعي_للهلع  #لبنان  #وزارة_الصحة  #كورونا	Neutral
3382	@NancyAnnan7 إجراءات مطار بيروت معك كورونا؟.. لا حلوف وحيات إمي يلعن ام الكذاب  يلعن امي اذا عم كذب أهلا وسهلا فيك نورت لبنان	Neutral
3383	@BBCArabic @Ania27El أتساءل ما الذي أصاب الشعب #الجزائري و ما هي الصدمة التي تلقتها قلوبهم حتى أصبحوا لا يخافون شيئا ... العالم كله خائف من فيروس #كورونا إلا الجزائر كأنه شيء عادي   هل حقا هذا الشعب عان في حياته لدرجة أنه يرى الموت و الحياة وجهان لعملة واحدة .. !!	Neutral
3384	عند الخروج من المنزل عليك اتباع سبل الوقاية كـ - اغسل يديك وعقمها باستمرار.  - ابتعد عن أماكن التجمعات.  - لا تقترب من أحد واجعل مسافة لا تقل عن مترين.  وتذكر دائمًا أن كبار السن، وأصحاب الأمراض المزمنة هم الأكثر عرضة للفيروس..  #احمي_نفسك  #احمي_مجتمعك #كورونا #يونيسف  #نوهاد	Neutral
3385	إن هذه الأيام تتطلب الكثير من الصبر و الصمت. #شمس_التبريزي #كورونا_في_العراق	Neutral
3386	العيد يوم #الأحد عشان ما أحد يروح عند أحد ولا أحد يسلم على أحد ولا أحد يبوس أحد .. لأنَّ #الكورونا لا ترحم أحد.. #منقول #عيد_الفطر   #تقبل_الله_منَّا_ومنكم_الطاعات	Neutral
3387	عند الخروج من المنزل عليك اتباع سبل الوقاية الصحيحة: - اغسل يديك وعقمها باستمرار.  - ابتعد عن أماكن التجمعات.  - لا تقترب من أحد واجعل مسافة لا تقل عن مترين.  . #رفع_الحظر #كوفيد_19 #كورونا  @Hamdania_today @LiveWellMOH	Neutral
3388	شهداء ..الجيش الابيض...   * ان لله وإنا إليه راجعون  رحم الله الدكتور اشرف عدلى ابن قنا  الذى توفى متأثرا بإصابته بفيروس كورونا بمستشفى الصداقه بأسوان ..!!!   رحمة الله عليه .  و الهم أهله الصبر و السلوان ...  https://t.co/RiBI2kN4zI	Neutral
3389	@DoseMbs ان شاء الله يروح الوباء قبل ٢٠	Neutral
3390	#ليبيا وفاة محمود جبريل ( رئيس تحالف القوى الوطنية ) متأثرا بعد إصابته بفيروس كورونا بدولة مصر  نسأل الله أن يغفر له و يرحمه ويسكنه فسيح جناته ويلهم أهله الصبر والسلوان.  إنا لله وإنا إليه راجعون.  https://t.co/82zBdg24lG	Neutral
3391	"Day 74 of 365 💜 الموضوع مبقاش مُضحك إطلاقاً .. ياريت ندعي "" اللَّهُمَّ إِنِّا أَعُوذُ بِكَ مِنَ الْبَرَصِ، وَالْجُنُونِ، وَالْجُذَامِ، وَمِنْ سَيِّئِ الأَسْقَامِ"" #كورونا #تعليق_الدراسة_في_مصر"	Neutral
3392	اللهم إنك سبحانك قلت وقولك الحق ادعوني استجب لكم ،، اللهم إننا نسألك رحمتك التي وسعت كل شئ ان ترحمنا وتكشف الضر وتصرف عنا هذا الوباء #كورونا وعن المسلمين وسائر خلقك ، اللهم احفظ بلادنا وولاة امرنا واحبابنا وعلماؤنا ورجال امننا والعاملين على  راحتنا في سائر القطاعات  #السعوديه	Neutral
3393	عند الخروج من المنزل عليك اتباع سبل الوقاية الصحيحة: -اغسل يديك وعقمها باستمرار.  -ابتعد عن أماكن التجمعات.  -لا تقترب من أحد واجعل مسافة لا تقل عن مترين. وتذكر دائمًا أن كبار السن، وأصحاب الأمراض المزمنة هم الأكثر عرضة ل #فيروس_كورونا .. ساهم بحمايتهم.   https://t.co/GdFRcaIPqS	Neutral
3394	الف مبروك للبشريه إنجازات #الإمارات العظمى زاد من نباح الكلاب السلوقية في #قطر.. لا يتمنون الخير للبشريه ويتهجمون على بلادنا وقادتنا حسبي الله ونعم الوكيل عليهم  #كورونا #كوفيد_19 #علاج_كورونا #محمد_بن_زايد_عزنا_وفخرنا #مركز_أبوظبي_للخلايا_الجذعية #مركز_الخلايا_الجذعية_الإماراتي  https://t.co/YbtjoViBfT	Neutral
3395	تابع... - مستشفيات متأهبة - شباب مسؤول و أعمال خيرية منتشرة - تضامن شعبي -القهاوي مسكره - الملاعب فاضية -لا اختلاط  لا مصافحة .......  - الكورونا ما جات تقتل  جات تربي👌	Neutral
3396	متى يجب عليك غسل اليدين لـ #الوقايه_من_كورونا .. #فريق_سالك_التطوعي  https://t.co/LwxeuD9eLs	Neutral
3397	- مستشفيات متأهبة - شباب مسؤول و أعمال خيرية منتشرة - تضامن شعبي -القهاوي مسكره - الملاعب فاضية -لا اختلاط  لا مصافحة  #الكورونا ما جات تقتل  جات تربي👌	Neutral
3398	رئيس الدولة⁩ ، ومحمد بن راشد⁩ ، ومحمد بن زايد⁩ ، يهنئون شعب الإمارات⁩ والمقيمين على الإنجاز العلمي الخاص بتطوير علاج كورونا⁩.  #كورونا #ملتزمون_يا_وطن #أنا_أتعهد_أن_ألتزم #لا_تشلون_هم #حصنتك_باسم_الله_يا_وطن #الإمارات_وطن_الإنسانية.  https://t.co/5XuYW7KCkS	Neutral
3399	الكمامة لا تحتاجها في كل وقت..  هل تعرف متى يجب عليك لبسها ؟  #الوقاية_من_كورونا  #غرفة_الحدود_الشمالية   @SaudiMOH  https://t.co/lhfywU1m0x	Neutral
3400	كورونا إن زي هاوس.. سنموت بعد قليل #كورونا_لبنان	Neutral
3401	#تعليم_صبيا #مكتب_تعليم_هروب #كلنا_مسؤول #الوقاية_من_كورونا #التعليم_عن_بعُد #الدراسة_مستمرة #منظومة_التعليم_الموحدة عند الخروج من المنزل عليك اتباع سبل الوقاية الصحيحة: - اغسل يديك وعقمها باستمرار.  - ابتعد عن أماكن التجمعات.  - لا تقترب من أحد واجعل مسافة لا تقل عن مترين	Neutral
3402	مالي أرى الّناس في رُعبٍ يؤرقهم   من الكورونا كأن الموت قد وصلَ        يا خائفاً من لقاء الموتِ مرتعداً هل يمنع الخوف أمرَ الله  إن نزلَ؟  َالموتُ كأساً وحتماً سوفَ نشربهُ  لا شك إنّا سنرحلُ مثل من رحلَ  فلا تموتوا بداءِ الخوف وابتسموا لا ينتهي الـــعمرُ حتى نَبلُـغ الأجلَ  منقول	Neutral
3403	بوناطيرو لقالكم الدواء ولا مازال! كورونا راحت في أفريل ولا مزال! دّاوكم لأوروبا تشوفوا نسبة الفقر ولا مازال! كليتوا اللحم ب800 دج ولا مزال! إسترجعولكم الأموال المسروقة ولا مزال! حطوا الإنجليزية مكان الفرنسية ولا مزال! يادرا القبايل قسموا البلاد ولا مزال!  #تباّ_لكم  https://t.co/uGQlWMT6G4	Neutral
3404	انتقل الممرض #خالد_الحسيني الى رحمة الله بعد اصابته بفايرس #كورونا    نسأل الله ان يجعل ما اصابه في ميزان حسناته وان ينزله منازل الشهداء وان يجعل قبره روضة من رياض الجنة وان يلهم ذويه الصبر والسلوان .   #الممرض_خالد_الحسيني  https://t.co/Jfs04cx0mZ	Neutral
3405	@radioalgerie_ar@ندائي إلى سيادة الرئيس عبد المجيد تبون، نحن ثلاثة رئساء مصالح مؤسسة المذابح والمسمكة لولاية الجزائر قدمنا شكوى رسمية للنائب العام ضد فساد مدير المؤسسة تم فصلنا نهائيا من العمل منذسنة ونحن نعيش وباء الفقر أخطر من هاذا الوباء رجائنا بالله ثم عليكم لرد الإعتبار  https://t.co/0JYRfMR6NS	Neutral
3406	مع #فلنتنفس بعمق ويقين وطمأنينه نحرص على الكلمات نحرص على الدعاء وهي افضل علاج و وقايقة . بسم الله اللذي لا يضر مع اسمه شيء في الارض ولا في السماء وهو السميع العليم . قل أعوذ بكلمات الله التامات من شر ما خلق #حملة_فلنتنفس_للوقاية_منالكورونا #كورونا_الاردن #كورونا_مصر	Neutral
3407	#لا_داعي_للهلع سنموت بعد قليل 💃💃💃  إجري فيكم وبقم تبعكم وبالحج والحجيج ودينكم كله وكل أديانكم حتى ما يزعل حدا 💃💃💃 #كورونا_لبنان	Neutral
3408	بروتوكول العلاج يعطي نتائج مرضية في الجزائر ⛔ 10-04-2020 عدد الحالات 58 ⛔ أمس 11-04-2020 عدد الحالات 55 ⛔ اليوم 12-04-2020 عدد الحالات 131 عدد الحالات التي شفيت منذ بداية الوباء 591 حالة الحمد لله🙏  https://t.co/SGfwUwMgZ0	Neutral
3409	@geniius2 يااااارب💔❤️، الله يبلغنا رمضان حنا ومن نحب بأحسن حال،ويزيل الوباء عنا وعن المسلمين اجمعين	Neutral
3410	القاعدة الأكثر فعالية لعدم إنتشار  #فيروس_كورونا وللإنتصار عليه هي :   “ أن نتعامل مع أي شخص على أنه  مصاب  وتتصرف أنت مع كل الأشخاص على أنك مصاب“ #الجزاير #كورونا  #الجزائر #فعاليات_الحجر_المنزلي #COVIDー19 #restecheztoi #ريح_في_داركم #coronavirus #StayHome #Algerie #Algeria  https://t.co/V8wdrdGYwG	Neutral
3411	@jet_aviator بل الليمون له دور كبير في قتل الفيروسات والجراثيم، ومن أسباب علاج #كورونا_الجديد شرب فيتامين C وهو مركز في الليمون، كما أن الليمون يقوي مناعة الجسم لأنه يحوّله من حامضي إلى قاعدي وكذلك خل التفاح، والوسط القاعدي لا تدخله الأوبئة والأمراض	Neutral
3412	نعم نختلف لكن لا شماته في الموت  وفاة رئيس الوزراء الليبي السابق والاقتصادي  الدكتور #محمود_جبريل متأثرا بإصابته بفيروس كورونا ، نسأل الله أن يغفر له و يرحمه ويجعل مثواه الجنة ، وأن يلهم أهله وذويه جميل الصبر والسلوان.  إنا لله وإنا إليه راجعون  https://t.co/SijkbEN6Ra	Neutral
3413	شكلنا وصلنا عالقليل وما حسّينا 🙄🤦🏻‍♀️ #سنموت_بعد_قليل #كورونا #كورونا_لبنان #انقبر_انضب_بالبيت #اعلنوا_حالة_طوارئ	Neutral
3414	#عمان_لايف| ارتفاع وفيات كورونا بالسلطنة الى 43 حالة  . تعلن وزارة الصحة عن وفاة مواطن مصاب بمرض كورونا ويبلغ من العمر 44 عاماً ليبلغ عدد الوفيات من هذا المرض بالسلطنة ثلاث وأربعين (43) ، سائلين الله سبحانه أن يلهم أهله  وذويه الصبر والسلوان  https://t.co/zZU85Oq42a	Neutral
3415	فيروس #كورونا سيكون له علاج ، ولكن فيروس الفقر لا علاج له ،،	Neutral
3416	@ALG_Presidency بوناطيرو لقى الدواء ولا مزال ؟  كورونا راحت شهر أفريل ولا مزال ؟  داوكم لأوروبا باه تشوفو لفقر ولا مزال ؟  كليتو اللحم نتاع 800 دج ولا مزال ؟  استرجعوا الأموال المنهوبة ولا مزال ؟  دارولكم الانجليزية في بلاصة الفرنسية ولا مزال ؟  يادرا القبايل قسموا لبلاد ولا مزال ؟	Neutral
3417	@ALG_Presidency سيادة الرئيس، بعد التحية والتقدير، نحن ثلاثة رئساء مصالح مؤسسة المذابح والمسمكة لولاية الجزائر قدمنا شكوى رسمية للنائب العام ضد فساد مدير المؤسسة تم فصلنا نهائيا من العمل منذ سنة ونحن نعيش وباء الفقر ،رجائنا بالله ثم عليكم لرد الإعتبار لنا وإعادة إدماجنا  https://t.co/c4Fz97zBVk	Neutral
3418	@News_Ejazah أفضل حل للازمه إلي حنا فيها هو تنجيح الطلاب و الطالبات  خاصه أن عدد المصابين بفايروس كورونا في تزايد و البعض ما عنده اجهزه كافيه أو ما عنده مصاريف للنت  فا أفضل حل لجميع الحالتين : نجاح الطلاب والطالبات و اعتبار هاذي السنة  سنة استثنائية.	Neutral
3419	علاج فيروس الكورونا :  - إمضغ فصين من الثوم هذا لا يساعدك فشي ، لاكن سيبعد عنك الناس بمسافة كافية . #كورونا	Neutral
3420	#كورونا اللهم ان كذا هذا المرض بسبب ذنوبنا فإنا نستغفرك ونتوب إليك وأنت الغفور الرحيم وان كان ابتلاء لترى مدى صبرنا وانت اعلم فخفف عنا ورحم ضعفنا  بضعفنا وتقصيرنا وقلة صبرنا.... ولا حول ولا قوة لنا لا بك يامن رحمته وسعة كل شيء ويامن لايعجزه شيء 🤲🤲🤲😔	Neutral
3421	مرتو تسيق #اقعدوا_في_بيوتكم  #ريح_في_دارك #ريح_في_داركم #كورونا  #كوفيد_19 #الجزائر #الحجر_الصحي #الحجر_المنزلي  https://t.co/LclsKZ2KLA	Neutral
3422	لو مضطرتنزل وتتعامل اليومين دول يبقي تاخد حذرك وماتنساش تقول الدعاء ده وانت خارج ✋ تحصنت بذي العزة والجبروت،واعتصمت برب الملكوت،وتوكلت علي الحي الذي لايموت،اللهم اصرف عنا هذا الوباء وقنا شر الداء ونجِنا من الكورونا والبلاء بلطفك ومنِك وكرمك يا لطيف يا خبير، إنك على كل شيء قدير🙏	Neutral
3423	حزورة اليوم: من أين نصادر البلاء و المصايب و الكرائب أكثر؟  #سنموت_بعد_قليل #لا_داعي_للهلع #لبنان_ينتفض #كورونا  نعم..	Neutral
3424	إجراءات مطار بيروت:✈️ -معك كورونا؟ -لا -حلوف -والله -أهلا و سهلا نوّرت لبنان 😍	Neutral
3425	بسم الله الذي لا يضر مع اسمه شيء في الأرض ولا في السماء وهو السميع العليم  بسم الله الذي يحفظ العباد من شر كل داء  بسم الله الذي يصرف عن عباده كل بلاء ووباء  إنه سميع قريب مجيب الدعاء  .  #كورونا_في_الكويت #ب_جده  #علاج_كورونا	Neutral
3426	لا تلمسوا العين أو الفم.. الصحة تصدر 5 نصائح لتفادي الإصابة بفيروس كورونا  https://t.co/1myL29zOxc	Neutral
3427	(لا مفر من كورونا) -    https://t.co/eqi4vcvCsu  https://t.co/hah2d7IRP9	Neutral
3428	#اخبار -  https://t.co/Bh7Dmkuo5d خبراء الصحة يقدمون نصائح جديدة لتجنب الإصابة بفيروس كورونا بعد تفشى المرض	Neutral
3429	طبيب مغربي يُقدم نصائح ذهبية لتفادي الإصابة بفيروس كورونا  https://t.co/FrHZtaSP6y #مجتمع	Neutral
3430	عاجل : الصين تدعو رعاياها لمغادرة لبنان فوراً #كورونا_لبنان #سنموت_بعد_قليل  #لا_داعي_للهلع  #وزارة_الصحة  #لبنان	Neutral
3431	إجراءات مطار بيروت: معك كورونا؟ لا حلوف وحياة إمي أهلاً وسهلاً نورت لبنان #كورونا	Neutral
3432	#نصيحة_مع_سدو متى يجب استعمال الكمامة *إذاكنت بصحة جيدة،فليس عليك أن ترتدي كمامة إلاإذا كنت ترعى شخص تُشتبه إصابته بفيروس كورونا *ضع كمامة إذاكنت تعاني السعال أوالعطس. *لاتكون الكمامات فعالةإلاإذا اقترنت بالمدوامة على تنظيف اليدين إمابفركهما بمطهر كحولي أوبغسلهما بالماءوالصابون  https://t.co/7EfIsl6tsQ	Neutral
3433	👌لفتة تربوية ...  قال رسول الله صلى الله عليه وسلم ما من عبد يقول في صباح كل يوم ومساء كل ليلة بسم الله الذي لا يضر مع اسمه شيء في الأرض ولا في السماء وهو السميع العليم ثلاث مرات لم يضره شيء (هذا علاج الكورونا 👆)	Neutral
3434	وتضيق دنيانا فنحسب أننا سنموت يأساً أو نموت نحيبا وإذا بلطف الله يهطل فجأةً يربي من اليبس الفتات قلوبا #الشافعي  #فيروس_كورونا  https://t.co/RNr8LiN8yH	Neutral
3435	هل مجففات الأيدي فعَّالة في القضاء على مرض فيروس كورونا؟  كلا، بل لحماية نفسك من هذا الفيروس، يجب المداومة على تنظيف اليدين بفركهما بمُطهِّر كحولي أو غسلهما بالماء والصابون. وبعد تنظيف اليدين، يجب تجفيفهما تمامًا بمحارم ورقية أو بمجففات الهواء الساخن.  #وقاية_الإمارات #WeqayaUAE  https://t.co/85WQcenLKS	Neutral
3436	#وزارة_الصحة_السعودية: الكمامة لا تحتاجها في كل وقت.. هل تعرف متى يجب عليك لبسها ؟ #الوقاية_من_كورونا  https://t.co/gM0CR13Bdi	Neutral
3437	-مستشفيات متأهبة  -أطقم طبية منضبطة و مستعدة  -شباب مسؤول وأعمال خيرية منتشرة  -تضامن شعبي  -ملاعب فارغة  -نقص الألفاظ البذيئة  -مساواة بين الفقراء و الأغنياء  -لاإختلاط لا تقبيل لا مصافحة  كورونا لم تأت لتقتل فقط بل نظمت مجتمع بأكمله.	Neutral
3438	إجراءات مطار بيروت: 👨‍✈️:معك كورونا  🙍‍♂️: لأ 👨‍✈️: حلوف 🙍‍♂️: وحياة إمي 👨‍✈️: أهلا وسهلا نورت لبنان ✋✋ #كورونا_لبنان  https://t.co/9N7ju1sIef	Neutral
3439	لتجنب الاصابة بمرض كورونا القاتل عليك بتطبيق ما يلي : ١- تجنب الأماكن المزدحمة مثل (الدوام). ٢- تجب المشاوير التي ليس لها داعي مثل (الدوام). ٣- تجنب الأماكن المغلقة مثل (الدوام).	Neutral
3440	الواحد مبقاش عارف خلاص دا برد ولا كورونا 👩‍🦯	Neutral
3441	مبقاش فارق معايا ترجع حياتنا الطبيعية امتى قد ان ربنا ميوجعش قلبي على حد من حبايبنا ف اللهم بلغنا نهاية أزمة الكورونا لا فاقدين ولا مفقودين يارب	Neutral
3442	تسجيل ١٢٢٣ إصابة جديدة بفيروس كورونا في السعودية . عند الخروج من المنزل عليك اتباع سبل الوقاية الصحيحة: - اغسل يديك وعقمها باستمرار.  - ابتعد عن أماكن التجمعات.  - لا تقترب من أحد واجعل مسافة لا تقل عن مترين.  وتذكر إنك مسؤل.. ساهم بحماية مجتمعك #٣_رمضان	Neutral
3443	تخيل تبقي موسوس ويجيلك كورونا دا 🤦🏽‍♂️	Neutral
3444	تعلن وزارة الصحة عن وفاة مواطن مصاب بمرض كورونا ⁧#كوفيد_١٩⁩ ويبلغ من العمر ثمانين عاماً ليبلغ عدد الوفيات من هذا المرض بالسلطنة إحدى وعشرين وفاة. وتتقدم وزارة الصحة إلى ذوي الفقيد بخالص العزاء والمواساة سائلة الله سبحانه أن يلهم أهله وذويه الصبر والسلوان.  https://t.co/GejLJMeAM9	Neutral
3445	قواعد هامة لتجنب الإصابة بفيروس #كورونا خارج المنزل  https://t.co/axqX7v8wex #صحة  https://t.co/PBMDFGsHIo	Neutral
3446	اكيد ضلعي أنا المتطوع مصطفى حسين أعلن تطوعي للعمل لخدمة الشعب العراقي في حال إستدعت الظروف أي عمل تطوعي مهما كان للمصلحة العامة و خصوصاً لا قدر الله إنتشار فيروس كورونا في أي مكان و أتحدى جميع متابعيني ومن يرى هذه التغريدة بقبول التحدي هل قبلتم التحدي؟ أعيدوا التغريدة وتحدوا💪	Neutral
3447	*اللهم بشرنا بزوال هذا الوباء وارفع عنّا هذا الإبتلاء*  *وطهر الأرض منه واشفي مرضانا ومرضى*  *العالم اجمعين إنك الغفور الرحيم*  *اللهم*  *قلت وقولك الحق وما كان الله معذبهم وهم يستغفرون*  *اللهم* *نستغفرك ونتوب اليك من كل ذنب وخطيئة ونعود اليك عوداً جميلاً*   #كورونا_الاردن	Neutral
3448	عند الخروج من المنزل عليك اتباع سبل الوقاية الصحيحة: - اغسل يديك وعقمها باستمرار.  - ابتعد عن أماكن التجمعات.  - لا تقترب من أحد واجعل مسافة لا تقل عن مترين.  وتذكر دائمًا أن كبار السن، وأصحاب الأمراض المزمنة هم الأكثر عرضة للفيروس.. ساهم بحمايتهم. #الوقاية_من_كورونا  https://t.co/luN8ZE9H6s	Neutral
3449	تخيل وزير قاعد في مكتبه ورا الشاشه محاوط نفسه بكحولات بيعقد اجتماعاته فيديو كونفرانفس تطبيقاً للإجراءات الاحترازيه عشان ياخد قرار ينزل الطلبه تمتحن في بلد مبقاش فيها سرير لعيان وفي عز ذروة الفيروس اللي هو قال عليها ! مشوفتش سخريه ولا تناقض زي كده!!  #ياريس_بديل_غير_النزول_3ث	Neutral
3450	الحكمةإنه أول يوم العيدحظر بس للسيارات هو عنصرالمفاجأة الفيروس بكون لابس أواعي العيد ورايح يعيد على خواته بالمحافظات فمش رح يلقى سيارة يطلع فيهافيضطر يروح مشي ورح يتعب ويبيت عنددار أخته مش رح يصحى ثاني يوم احنا بنتحرك بالسيارات ثاني يوم ع نظافة  أنتوا   شو بفهمكم بإدارة الأزمات	Neutral
3451	شهيد الوطن   كان متطوع في جمعيه صباح الاحمد اصيب في #فيروس_كورونا توفى اليوم ودفنه غداً الخميس   رحم الله ضاري السحلول العازمي واسكنه فسيح جناته والهم اهله الصبر والسلوان إنا لله وانا اليه راجعون	Neutral
3452	إنا لله وإنا اليه راجعون  خالص التعازي والمواساه لابن العم:  هاني بن صالح الظاهري وإخوته   في وفاة شقيقهم (زامل) إثر إصابته بفايروس #كورونا ..  أسأل الله أن يرحمه ويغفر له ويسكنه فسيح جناته ويلهم أهله وذويه الصبر والسلوان.	Neutral
3453	📣📣📣 #خليك_في_البيت الوقاية خير من       العلاج  الا مع #كورونا  🙏الوقاية خير لانه  🙏🙏لا يوجد             🙏🙏 علاج #Nazar  https://t.co/X338kODe94	Neutral
3454	#جمعية_عبدالله_المبارك  تنعي بكل حزن اخونا الموظف   خالد خلف عبدالموجود  والذي انتقل الي رحمة الله متأثرا بإصابته بفيروس كورونا اليوم الجمعة، سائلين المولي ان يتغمده في فسيح جناته ويلهم اهله الصبر والسلوان	Neutral
3455	خلال الساعات القادمة ستصل طائرات من ايران  #سنموت_بعد_قليل    #لا_داعي_للهلع  #خليك_بالبيت  #كورونا_لبنان	Neutral
3456	الاسم: الدولة اللبنانية المهنة: لا داعي للهلع   #سنموت_بعد_قليل #كورونا	Neutral
3457	إن هذه الأيام تتطلب الكثير من الصبر، والصمت.!😪 نحن و #كورونا	Neutral
3458	الموضوع مبقاش هزار خلاص  محتاجين نيجي علي نفسنا شويه أسبوعين بس هنلزم بيتنا عشان نساعد علي انحسار الوباء و نمنع انتشاره    #خليك_في_البيت  ادعم #حظر_التجول  https://t.co/eOS6z5IXzW	Neutral
3459	#رمضان في زمن #كورونا.. 10 نصائح لتجنب الإصابة بالوباء القاتل  #Covid_19  #Ramadan #Ramadan2020  https://t.co/uylW8xaUgR	Neutral
3460	أنا المتطوع ياسر لؤي  أعلن تطوعي للعمل لخدمة الشعب العراقي في حال إستدعت الظروف أي عمل تطوعي مهما كان فيه مصلحة عامة و خصوصاً لا قدر الله إنتشار فيروس كورونا في أي مكان و أتحدى جميع متابعيني ومن يرى هذه التغريدة بقبول التحدي هل قبلتم التحدي؟ أعيدوا التغريدة وتحدو💪  https://t.co/15Xgv2VgKY	Neutral
3461	نصائح لتجنب العدوى من  #فايروس #كورونا_المستجد  https://t.co/eumFtpCwLe  https://t.co/trMS7QkNjq	Neutral
3462	لاما هو انا مبقاش باكل حواوشي ب ٣جنيه وتقولي حاسب الفيروس هيموتك	Neutral
3463	هي كل يعزل نفسه و يتعامل كأنه مصاب و يتعامل مع الناس كأنهم مصابين.  #ريح_في_داركم  #حالة_الطوارئ_يا_تبون  #الجزائر  #كورونا_فيروس	Neutral
3464	صغاري وأحبابي 🌹 يؤسفني توديعكم بهذه الطريقة ف أنتم يا متميزون تستحقون الأفضل والأجمل دائماً ولكن لارد لقضاء الله وقدرة ،فلنردد معاً هذا الدعاء دوماً : * اللهم الطف بنا واصرف عنا الوباء، واحمنا واحفظنا وقنا من شر الداء، ونجنا من كورونا ومن كل بلاء”.* #خليك_في_البيت	Neutral
3465	"هذة هي الطريقة الأفضل لتجنب الإصابة بفيروس ""كورونا"" !  https://t.co/Sr8x6rhBOX"	Neutral
3466	نحنا أكيد بي #لبنان ما عم يعرفوا يكتشفوا أنا أكيد من هالشي بس #لا_داعي_للهلع  #سنموت_بعد_قليل #كورونا_لبنان #منظمة_الصحة_العالمية	Neutral
3467	"فيروس الكورونا ملوش علاج عند العالم الا عند المسلمين وبلغنا رسولنا الكريم بكدا ، وقال لنا من يقول "" بسم الله الذي لا يضر مع اسمه شئ في الارض ولا في السماء وهو العزيز الحكيم "" ثلاث مرات في الصباح والمساء لم يصبه شئ وان اصابه شئ كان من الشهداء 🤍"	Neutral
3468	نصائح لتجنب عدوى فيروس كورونا عند السفر  https://t.co/AtdVF9BCJT  https://t.co/Jj4kqvvIhW	Neutral
3469	#الوقايه_من_كورونا  غسل اليدين بالماء والصابون تجنب أماكن الازدحام البقاء في المنزل وعدم الخروج الا للضرورة في حالة الخروج الرجاء: الالتزام بترك مسافة لا تقل عن متر بينك والاخرين، عدم لمس الوجة باليدين، غسل اليدين أو استعمال المعقم	Neutral
3470	"""من أين أنتم؟"" والإجابات 🤣 صدمة الرئيس الفرنسي Emmanuel Macron مع البروفسور #DidierRaoult حين سمع جنسيات الباحثين في المعهد الاستشفائي الجامعي""إي أش أو ميديتيرانيه""في مدينة مرسيليا أمس الخميس هؤلاء الباحثيين كلهم شباب هم يعملون على اكتشاف لقاح #فيروس_كورونا #ALGER #COVIDー19"	Neutral
3471	🔆 تحديث هام: متى يجب عليك لبس الكمامة 🇸🇦  #فيروس_كورونا_المستجدّ #كورونا_السعودية  https://t.co/tAvltufi2j	Neutral
3472	"مخرج ""#محمد_علي_رود"" يعتذر: الله سينجيني من خطأي كما نجى يونس من بطن الحوت .  #رؤية_الإمارات #عين_في_كل_مكان #كورونا #الجميع_مسؤول_عن_الجميع #معاً_قادرين #خلك_في_البيت #لا_تشلون_هم #ملتزمون_يا_وطن #عطاء_في_عملي_وسلامه_في_بيتي  https://t.co/Fka8SMTdWx"	Neutral
3473	#كورونا_السعوديه #جدة  اللهم خفف عني ثقل هذه الأيام وازرقني قوة الصبر واشرح صدري وأنزع منه ما استثقلته نفسي وأرح قلبي وارزقني فأنت اعلم بما تحتاجه نفسي♥️.  ⠀	Neutral
3474	عزاء واجب لصديقتنا الغاليه، @NadaAhlawya1 في وفاة جوز خالتها و امه، اثر اصابتهم بالمرض الملعون، كورونا، داعين المولي عز وجل ان يرحمهم ويحتسبهم شهداء، وان يلهم اهلهم وزويهم الصبر والسلوان، لا اراكم الله مكروها في عزيز لديكم، انا لله وانا اليه راجعون،🙏🙏	Neutral
3475	اتساءل ما الذي اصاب الجزائريون وما هي الصدمة التي تلقتها قلوبهم حتى اصبحوا لا يخافون شيء فالعالم كله خائف من فيروس كورونا الا الجزائر تضحك عليه 🤔 هل حقا هذا الشعب عانى في حياته لدرجة انهم يرون الموت والحياة هم وجهان لعملة  واحدة ! #الحراك_مستمر  #CODVID19italia #كورونا  #Algerie	Neutral
3476	قالو الصين جواها ضحايا  دا فيها فيرس كورونا قتال طب احنا عرفنا لييه نهاية ياموت ياعلاج يكون فعال لكن فيرسنا في صحابنا ملوش علاج طبع الاندال 🎵🎶	Neutral
3477	اضرب والريح تصيح  سنموت معك ⛔🤣🤦‍♂️😷🤕🤒😭😵 #سنموت_بعد_قليل  #كورونا_لبنان  https://t.co/6xP6Mhtcfi	Neutral
3478	🔴 شوارع نظيفة 🔴 بيوت معقمة 🔴 نساء ماكثات بالبيوت 🔴 مأكولات شهية متنوعه 🔴 أطفال تحت العناية المنزلية 🔴 شعب مسالم 🔴 طوابير منظمة 🔴 مستشفيات متأهبة 🔴 شباب مسؤول 🔴 تضامن شعبي 🔴 ملاهي مغلقة 🔴 نقص الالفاظ البذيئة 🔴 لا اختلاط ولا فوضى  🔴 كورونا جاءت لتربي لتنظف لتطهر 👌	Neutral
3479	#Algeria #COVID19DZ #CoronavirusAlgeria  #الجزائر #كورونا_الجزائر  #فيروس_كورونا  #الحجر_الصحي #وعينا_يحمينا  #اقعد_في_داركم #اقعد_في_دارك   45 حالة مؤكدة جديدة و 20 حالة وفاة جديدة في الجزائر   https://t.co/9pybvV8XNB	Neutral
3480	أسأل الله العظيم رب العرش العظيم * أن يشافي ويعافي أخواني الغالين * حمد علي شويش اللميع و عبدالرحمن مبارك الحضيري * بعد ثبوت اصابتهم بفايروس كورونا والان يحتاجون الدعاء منكم * لا تنسونهم من صالح دعائكم الله يشفيهم ويشفي جميع مرضى المسلمين يارب #الكويت_تحارب_كورونا #كوفيد_19	Neutral
3481	ندائي إلى فخامة الرئيس عبد المجيد تبون، نحن ثلاثة رئساء مصالح مؤسسة المذابح والمسمكة لولاية الجزائر قدمنا شكوى رسمية للنائب العام ضد فساد مدير المؤسسة تم فصلنا نهائيا من العمل منذ سنة ونحن نعيش وباء الفقر أخطر من هاذا الوباء الذي إبتلى به الله العالم، رجائنا بالله ثم عليكم  https://t.co/QlKxmAXidJ	Neutral
3482	اللهم ربنا قلت وقولك الحق: (إِنَّما قَوْلُنا لِشَيْءٍ إِذا أَرَدْناهُ أَن نَّقُولَ لَهُ كُن فَيَكُونُ) اللهم فالقول قولك، والأمر بيدك، وقد حلّ بنا الوباء، وعمنا البلاء، وعظم علينا الكرب وانقطع الرجاء، فاللهم أنت رجاؤنا نستغيث برحمتك فارحمنا، وأنت ملاذنا نتوسل بقوتك فعافنا #كورونا	Neutral
3483	قال رسول الله -صلى الله عليه وسلم-: “ما من عبد يقول في صباح كل يوم ومساء كل ليلة: “بسم الله الذي لا يضر مع اسمه شيء في الأرض ولا في السماء وهو السميع العليم، ثلاث مرات، لم يضره شيء”.  هذا علاج الكورونا👆   #كورونا_السعوديه	Neutral
3484	تخيل يجيلك كورونا قبل ما تتجوز دي تبقي مأساة ، بعد إذن نهاية العالم يا شباب ملحقتش اتكاثر.  - احمد الغندور  https://t.co/sHpfNrwGvu	Neutral
3485	"حذر أطباء يابانيون من أن استخدام معقمات الأيدي بالكحول لا يحمي من خطر الإصابة بفيروس كورونا، كونها تزيل البكتيريا النافعة التي تلطف الجلد وتصد مسببات الأمراض. التحذير نقلته صحيفة ""إكسبريس"" البريطانية عن شركة يابانية متخصصة في إنتاج المواد الكيماوية.   https://t.co/G5nzxFK3wx  https://t.co/EO7g8ANJfK"	Neutral
3486	🔴-تلوث بيئي منخفض  🔴-طوابير منظمة  🔴-مستشفيات متأهبة  🔴-اطقم طبية منظبطة و مستعدة  🔴-شباب مسؤول و اعمال خيرية منتشرة 🔴-تظامن شعبي  🔴-ملاهي مغلقة  🔴-ملاعب مغلقة فارغة  🔴-نقص الألفاظ البذيئة  🔴-مساواة بين الفقير و الغني  🔴-لا اختلاط   عصر الكورونا  ..	Neutral
3487	@LatestinKw @Arab_Gym @DrJenan_Alharbi خلونا نتعافى من كورونا اول ليش مستعجلين ؟!!!🥺	Neutral
3488	"لو مضطر تنزل وتتعامل اليومين دول يبقي تاخد حذرك متنساش تقول الدعاء ده وانت خارج ""تحصنت بذي العزة والجبروت واعتصمت برب الملكوت، وتوكلت علي الحي الذي لا يموت اللهم اصرف عنا هذا الوباء وقنا شر الداء ونجِنا من الكورونا والبلاء بلطفك ومنِك وكرمك يا لطيف يا خبير، إنك على كل شيء قدير"""	Neutral
3489	اللهم يامنزل الشفاء ورافع البلاء ويامجيب الدعاء . اللهم ارفع عنا البلاء والوباء والمِحن .اللهم احفظ بلادنا وبلاد المسلمين من كل مكروه .اللهم اشفى مرضانا وعافي مبتلانا وارحم موتانا . اللهم إنا نسألك ضياءً في طريقنا وفرجاً لضيقنا ونوراً لقلوبنا وتيسيراً لأمورنا #كورونا_الكويت	Neutral
3490	"#فيروس_كورونا 🦠 ""على أمل أن تمُر هذه الأيام بسلام وتغربُ شمـسٌ وتشرق أخرى بلا تلوّث ووباء""  🌾نهاركم مبارك إنشاء الله 🥀🌼🌸  #ريح_في_داركم 🏡 #COVID19dz ☣️ #الجزائر 🇩🇿  #وعينا_يحمينا 🗣 #الحجر_الصحي🧘‍♂️#كلنا_مسؤول ✊  #بيتك_حياتك 🚹 #حظر_التجوال_في_الجزائر 🚷"	Neutral
3491	الحل في #الجزائر هو اعلان حالة الطوارئ  #فيروس_كورونا  #ريح_في_داركم	Neutral
3492	لا ما هو انا مبقاش باكل رغيف كبده بنص جنيه وتقولي حاسب فيه فيروس هيموتك  https://t.co/ebiHyMDvaS	Neutral
3493	الحمدالله على كل حال تم تأكيد إصابة أمي بفايروس كورونا دعواتكم يشافيها ويشافي جميع المصابين لاتنسونهم من الدعاء 💛.	Neutral
3494	#الولايات_المتحده 1.7 مليون اصابه بالولايات المتحده ، عندي وصفه تخلصكم من الكورونا خلال ساعه باذن الله ، لقد خصصتم 2.2 ترليون لمكافحه الكورونا ، افتح حساب لي عندكم وحولهم لحسابي ومثلهم معم وادعوني لاحضر مع الوصفه لكي اسلمها لكبار علماء الطب تلفون 972522878900 ناجحه ١٠٠/١٠٠ .	Neutral
3495	ده مبقاش موسم كورونا ده بقا موسم الخطوبه	Neutral
3496	#شرطة_أبوظبي توفر تصاريح للخروج خلال أوقات عمل #برنامج_التعقيم_الوطني .  #رؤية_الإمارات #عين_في_كل_مكان #كورونا #الجميع_مسؤول_عن_الجميع #معاً_قادرين #خلك_في_البيت  #لا_تشلون_هم #ملتزمون_يا_وطن #عطاء_في_عملي_وسلامه_في_بيتي  https://t.co/1vLBpIG7oO	Neutral
3497	#امراءوملوك _ العالم عندي وصفه تخلص العالم من الكورونا جاهز ان اسلمها لكبار علماء الطب بالعالم تعالوا لنعقد صفقه الفتح المبين صفقه تعيد الحياه الاقتصاديه والصحيه والعاديه الى طبيعتها وتعيد عجله الحياه تلفون972522878900 عبدالله سلامه فلسطين .	Neutral
3498	لجنة رصد ومتابعة تفشي وباء كورونا في الجزائر 🔴 تسجيل 90 إصابة جديدة  🔴 ارتفاع عدد المصابين إلى 2160 حالة 🔴 تسجيل 10 وفيات جديدة 🔴 إرتفاع عدد الوفيات إلى 336 🔴 تسجيل 17 حالة شفاء جديدة 🔴 ارتفاع ععد المتعفين إلى 708  https://t.co/wwnCIJYqI3	Neutral
3499	جراد محلّي محطوط على كورونا #كورونا_لبنان #سنموت_بعد_قليل	Neutral
3500	عند الخروج من المنزل عليك اتباع سبل الوقاية الصحيحة: - اغسل يديك وعقمها باستمرار.  - ابتعد عن أماكن التجمعات.  - لا تقترب من أحد واجعل مسافة لا تقل عن مترين.  #الوقاية_من_كورونا  #كلنا_مسؤول @haqledu @haqlis @shahahzd @tabuk_edu  https://t.co/0io5GNTeIC	Neutral
3501	#فيروس #كورونا_الجديد  احمي نفسك ومن تحب..  متى يجب عليك ارتداء #الكمامة ؟  #متحدون_لرعايتكم #الوقاية_من_كورونا  #Covid19  https://t.co/mZUc3P6Y5G	Neutral
3502	ما هي أفضل الطرق الطبيعية لـ #تبييض_أسنانك؟ الإجابة في الرابط:  https://t.co/CpJscXkV6f  #صحتك_في_رمضان  #رمضان #السعودية #الامارات #قطر #Ramadan  #الجزائر #فيروس_كورونا	Neutral
3503	@Benguennak السلطة الجزائرية تستغل ظرف الكورونا لممراستهم التعسفية ضد الشعب الجزائري  #تروح_كورونا_زيدو_أنتوما  #العالقين_في_اسطنبول_مسؤلية_تبون	Neutral
3504	متى يجب لبس الكمامة ؟  #فيروس_كورونا_المستجد  #الوقايه_من_كورونا  #مستشفى_المملكة  https://t.co/kHrwjYZHyx	Neutral
3505	#كورونا   تتطلب هذه الأيام الكثير من الصبر ، والصمت ، والتجاهل.. وهذا الي حاصل 😌	Neutral
3506	@elsbe3y1 @Fdana00001 @KUWAIT_MOH ويبون الوباء يروح 👏🏻	Neutral
3507	@News_Ejazah علاج الكورونا وغيرها من الأمراض:  بِسْم الله الذي لا يضر مع اسمه شيء في الأرض ولا في السماء وهو السميع العليم  بِسْم الله الذي لا يضر مع اسمه شيء في الأرض ولا في السماء وهو السميع العليم  بِسْم الله الذي لا يضر مع اسمه شيء في الأرض ولا في السماء وهو السميع العليم	Neutral
3508	@derradjihafid نحن ثلاثة رئساء مصالح مؤسسة المذابح والمسمكة لولاية الجزائر قدمنا شكوى رسمية للنائب العام ضد فساد مدير المؤسسة تم فصلنا نهائيا من العمل منذ سنة ونحن نعيش وباء الفقر أخطر من هاذا الوباء الذي إبتلى به الله العالم حسبنا الله ونعم الوكيل في كل ظالم	Neutral
3509	الشعب طول اليوم فى الشوارع وباليل يروح يشوف نتايج الكورونا فاكرنها إنتخابات .! 🤔	Neutral
3510	لا تنسوا الدعاء في #صلاة_الفجر لدولة  الإمارات يحفظها الله من شرور الحاقدين ويحفظ قيادتها الرشيدة حفظها الله وبارك فيها #الإمارات_وطن_يستحق_الدعاء #كورونا #كوفيد_19  #محمد_بن_زايد #مركز_أبوظبي_للخلايا_الجذعية #مركز_الخلايا_الجذعية_الإماراتي  #الامارات_تطور_علاج_كورونا  https://t.co/PHMdPDTg3R	Neutral
3511	@viesuperflue2 فايسبوك ومارك زواف 🤭🤭  #تروح_كورونا_زيدو_أنتوما #العالقين_في_اسطنبول_مسؤولية_تبون	Neutral
3512	البقاء لله انا لله وانا اليه راجعون توفي الي رحمه الله الدكتور جمال أخصائي الحميات بقنا الحصوايه إثر إصابتة بالعدوى لفيروس كورونا رحمة الله رحمة واسعة واسكنة الله فسيح جناتة والهم الله الصبر والسلوان شهداء الواجب كل التحية والاحترام لخط الدفاع الأول لفيروس كرونا	Neutral
3513	قصيده للخائفين من كورونا *مالي ارى الناس في رُعبٍ يؤرقهم*من الكورونا كأن الموت قد وصلَ*يا خائفاً من لقاء الموت مرتعداً*هل يمنع الخوف أمر الله  إن نزلَ*الموتكأساًُوحتماً سوف نشربهُ*لا شك إنّا سنرحلُ مثل منرحلَ*فلاتموتوابداءالخوفوابتسموا*لا ينتهي الـــعمر حتى نَبلُـغ الاجلَ	Neutral
3514	متى يجب عليك غسل اليدين؟ 🤔 . @majmaah_edu  #كلنا_مسؤول #انفوجرافيك_منار_سدير #كورونا  https://t.co/6SMTDLAp0r	Neutral
3515	مالي ارى الناس في رُعبٍ يؤرقهم   من الكورونا كأن الموت قد وصلَ        يا خائفاً من لقاء الموت مرتعداً هل يمنع الخوف أمر الله  إن نزلَ  َالموت كأساًُ وحتماً سوف نشربهُ لا شك إنّا سنرحلُ مثل من رحلَ  فلا تموتوا بداء الخوف وابتسمو ؟ لا ينتهي الـــعمر حتى نَبلُـغ الاجل تحياتي🙋‍♂🌷	Neutral
3516	"""الله يلعن ابو الكورونا اللي سكرت المساجد وحرمتنا من صلاة التراويح ""  القائل : شخص عمره ٣٥ سنة ولا يوم صلى غير على النبي لما ينذكر جدامه 🤦🏻‍♂️"	Neutral
3517	💓همسة محب💓  أبيات أعجبتني:-   مالي أرى الناس في رعب يؤرقهم   من الكورونا كأن الموت قد وصل        يا خائفا من لقاء الموت مرتعدا هل يمنع الخوف أمر الله إن نزل؟  َالموت كأسا وحتما سوف نشربه لا شك إنا سنرحل مثل من رحل  فلا تموتوا بداء الخوف وابتسموا لا ينتهي العمر حتى نبلغ الأجل  https://t.co/mSXLdCoD6y	Neutral
3518	- مستشفيات متأهبة  - اطقم طبية منظبطة و مستعدة  - شباب مسؤول و اعمال خيرية منتشرة  - تضامن شعبي  - ملاعب فارغة  - نقص الالفاظ البذيئة  - مساواة بين الفقراء و الاغنياء  - لا اختلاط لا تقبيل لا مصافحة.  - كورونا لم تأت لتقتل فقط بل نظمت مجتمع بأكمله..	Neutral
3519	#الامارات عندي وصفه طبيعيه ناجحه ١٠٠/١٠٠ تقضي على الكورونا بالمهد، انا جاهز ان اسلمها لكبار علماء الطب لكي يفحصوها تلفون للاستفسار 972522878900 انا جاهز ان اعقد صفقه مع العالم كله لاخراجهم من الفيروس بالوصفه الطبيعيه ، مجربه على البشر وعلى الحيوان .	Neutral
3520	@News_Ejazah اهم شي يروح الوباء وكل شي يزين باْذن الله	Neutral
3521	يا منزل الشفاء ورافع البلاء ويا مجيب الدعاء . اللهم ارفع عنا البلاء والوباء والمحن. اللهم احفظ بلادنا وبلاد المسلمين من كل مكروه اللهم اشفى مرضانا وعافي مبتلانا وارحم موتانا اللهم إنا نسألك ضياءً في طريقنا وفرجاً لضيقنا ونوراً لقلوبنا وتيسيراً لأمورنا #وباء_كورونا #فيروس_كورونا	Neutral
3522	صدام عم ينكت عن #الكورونا  #سنموت_بعد_قليل  https://t.co/joWsZQyyUw	Neutral
3523	وزارة الصحة : @OmaniMOH  تسجل حالة الوفاة الثامنة  لوافد مصاب بمرض كورونا (كوفيد 19 ) ويبلغ من العمر 53 عاماً. تغمد الله الفقيد بواسع رحمته وأسكنه فسيح جناته ونسأل الله العلي القدير أن يلهم أهله الصبر والسلوان💔🙏🏻.  #خليكم_في_البيت	Neutral
3524	#عمان_لايف | تعلن وزارة الصحة عن وفاة مقيم مصاب بمرض كورونا يبلغ من العمر ثلاثة وأربعين عاماً ليبلغ عدد الوفيات من هذا المرض بالسلطنة ١٦ وفاة، سائلين الله سبحانه أن يلهم أهله وذويه الصبر والسلوان #يوم_الجمعة  https://t.co/EoZHQpa06N	Neutral
3525	تعلن #وزارة_الصحة عن وفاة مواطن مصاب بمرض كورونا #كوفيد١٩ ويبلغ من العمر ٧٠ عاماً ليبلغ عدد الوفيات من هذا المرض بالسلطنة ثمان وعشرين (٢٨) وفاة. وتتقدم وزارة الصحة إلى ذوي الفقيد بخالص العزاء والمواساة سائلة الله سبحانه أن يلهم أهله  وذويه الصبر والسلوان.  https://t.co/qnen729aWM	Neutral
3526	الوقاية من  #فيروس_كورونا   -  المداومة على غسل اليدين جيدًا بالماء والصابون أو المواد المطهرة الأخرى.  -استخدام المنديل عند السعال أو العطس وتغطية الفم والأنف به  -تجنب ملامسة العينين والأنف والفم باليد قد المستطاع  - تجنب الاحتكاك بالمصابين قدر الإمكان  -ضرورة مراجعة الطبيب	Neutral
3527	@LiveWellMOH @SABIC @Qq_itocv9  إشاعة ❌❌❌ البخور يقتل فايروس كورونا  إشاعة❌❌❌ الليمون علاج فعال لفايروس كورونا  لا للإشاعات  وخذ العلم من وزارة الصحة وجهة الاختصاص . .. . #فوازير_عش_بصحة	Neutral
3528	طبيب من ولاية #معسكر يصاب ب #الكورونا وينتقد ظروف #العزل_الصحي  #الجزائر #كورونا #كوفيد_19 #ريح_في_دارك #اقعد_في_دارك #الحجر_المنزلي #الحجر_الصحي #وهران #Algérie #algeria #corona #covid_19 #confinement #oran #mascara  https://t.co/hz5HAQOSnt	Neutral
3529	قالو لهم : ممنوع التجمعات  قالو : لا عادي احنا اهل  كورونا : اهااا دامهم اهل مرح اييهم	Neutral
3530	قالولهم: ممنوع التجمعات قالو: لاعادي نحن هل كورونا: اهاا خلاص مانجيكمش مدامكم هل.	Neutral
3531	حمار واحد سارح كفاية ليلعن أخت المزرعة من أساستها، كيف إذا مزرعة فيها ٦ ملايين حمار سارح؟  #لبنان #لا_داعي_للهلع #سنموت_بعد_قليل #كورونا_لبنان #كورونا_الجديد #لبنان_يتكروان	Neutral
3532	الكمامة لا تحتاجها في كل وقت.. هل تعرف متى يجب عليك لبسها ؟ #الوقاية_من_كورونا  #كورونا_الجديد  @oihm1 @health1438  https://t.co/5gs1e9gYGX	Neutral
3533	التباعد الاجتماعي يعد من أسرع الطرق للوقاية من #كورونا ..  لحماية نفسك وعائلتك ومجتمعك ووطنك #خليك_في_البيت  https://t.co/7BxFcEdGTz	Neutral
3534	مالي ارى الناس في رُعبٍ يؤرقهم   من الكُورونا كأن الموت قد وصلَا    يا خائفاً من لقاء الموت مرتعداً هل يمنع الخوف أمر الله إن نزلَا  َالموت كأساًُ وحتماً سوف نشربهُ لا شك إنّا سنرحلُ مثل من رحلَا  فلا تموتوا بداء الخوف وابتسموا لا ينتهي العمر حتى نَبلُغ الأجـــلا #الحظر_الشامل	Neutral
3535	9 أمور ينبغي تطبيقها لحماية نفسك وعائلتك من فيروس #كورونا  #الاردن24 #جو24 #عمان #Jordan #الاردن  https://t.co/3B24UuYYWa	Neutral
3536	مالي أرى الناس في رُعبٍ يؤرقهم .. من الكُوروُنا كأنَّ الموتَ قد وصَلا يا خائفاً من لقاءِ..الموتِ مرتعداً ..... لايمنع الخوف..أمر الله إن نَزلا الموتُ كأساً وحتماً..سوف نشربه .... لا شك إنَّا سنرحل مثل من رحلا فلا تموتوا بداء الخوف وإبتسموا ..... لاينتهي العمرُ حتى نبلغَ الأجلا	Neutral
3537	أنا المتطوع محمد حسن أعلن تطوعي للعمل لخدمة الشعب العراقي في حال إستدعت الظروف أي عمل تطوعي مهما كان فيه مصلحة عامة و خصوصاً لا قدر الله إنتشار فيروس كورونا في أي مكان و أتحدى جميع متابعيني ومن يرى هذه التغريدة بقبول التحدي هل قبلتم التحدي؟ أعيدوا التغريدة وتحدو💪 #العراق #كورونا  https://t.co/zUZv9d9NJW	Neutral
3538	- مستشفيات متأهبة - شباب مسؤول وأعمال خيرية منتشرة - تضامن شعبي -القهاوي مسكرة - الملاعب فاضية -لا اختلاط  لا مصافحة  - الكورونا ما إجت تقتل إجت تربي👍  #خليك_بالبيت	Neutral
3539	@saudalmukhled ان شاء الله ١٩ الشهر يروح الوباء	Neutral
3540	دا مبقاش موسم كورونا بقا موسم تزاوج.	Neutral
3541	للنقاش:  أتساءل ما الذي أصاب الجزائريين ؟!  و ما هي الصدمة التي تلقتها قلوبهم حتى أصبحوا لا يخافون شيئ !؟ .. فالعالم كله خائف من فيروس كورونا الا الجزائر تضحك عليه. هل حقا هذا الشعب عانى في حياته لدرجة انه يرى الموت و الحياة وجهان لعملة واحدة..!! ..أريد إجابات...  https://t.co/PJhoIpD9bO	Neutral
3542	الثنائي الشيعي أخدو وزارتين :  الصحة إجا #كورونا 🤧 الزراعة إجا #جراد 🦗  منيح ما اخدو الدفاع 💣  كانت ولعت الحرب العالمية الثالثة متل م الله واحد 🤦🏻‍♂🤦🏻‍♂🤦🏻‍♂ #سنموت_بعد_قليل #لا_داعي_للهلع #كورونا_لبنان	Neutral
3543	بسبب فيروس  كورونا 😷   🇨🇳: لا خروج من المنزل  🇮🇹: لا دراسة لا عمل 🇱🇾 :خالق الرأس قاطعة	Neutral
3544	@elkhabarlive هذا الزواف اخطر من الكورونا	Neutral
3545	الشعب كله خارج بره طول اليوم  وبليل يروح يشوف نتائج الكورونا  فاكرها انتخابات 😏😏	Neutral
3546	نصائح مهمة لتجنب الإصابة بفيروس كورونا@Media_M_E @oihm1 @moe_gov_sa @health1438 المرشدة الصحية : نجية الحجوري  https://t.co/4G82AjfNot	Neutral
3547	اللهم بشرنابزوال هذا الوباءوارفع عنّا هذاالإبتلاء وطهرالأرض منه واشفي مرضانا ومرضى المسلمين اجمعين إنك الغفورالرحيم اللهم إنك قلت وقولك الحق وما كان الله معذبهم وهم يستغفرون اللهم إنا نستغفرك ونتوب اليك من كل ذنب وخطيئة ونعود اليك عوداً جميلاً #نجوم_الأمل_للدعم #فيروس_كورونا	Neutral
3548	#افتحوا_مستشفيات_الجيش توفير مستشفيات عزل للأطباء في مختلف المحافظات إلغاء بروتوكول المسحات، وتوفير وزارة الصحة مسحات للأطباء فندق في كل محافظة يعزل فيه الأطباء حتى لا ينقلون العدوى لأسرهم توفير ممرات ومداخل خاصة تستقبل مصابي فيروس كورونا في المستشفيات #تضامنا_مع_الجيش_الابيض	Neutral
3549	@i3zizv عادي اهم شي الوباء ذا يروح  https://t.co/daj2VDfGLS	Neutral
3550	الشعب كله برا طول اليوم وبليل يروح يشوف نتائج الكورونا ، فاكرها انتخابات  https://t.co/FVLuYOI2h3	Neutral
3551	الحين كورونا في علاج له ولا لا	Neutral
3552	مستشفيات متاهبة - شباب مسؤول و أعمال خيرية منتشرة - تضامن شعبي -القهاوي مسكرة - الملاعب فاضية -لا اختلاط  لا مصافحة  - الكورونا ما إجت تقتل  إجت تربي👌	Neutral
3553	الشعب كله صايع برة طول اليوم وبالليل يروح يشوف نتايج الكورونا ، فاكرينها انتخابات 😂	Neutral
3554	تخيل تبقا مستني  الكورونا تخلص  وبعد م تخلص وتجي تنزل،تتنزل ع دروس ٣ث.	Neutral
3555	كورونا - الحلقة الخامسة: لا مفر من كورونا  https://t.co/3QetLQevNm via @YouTube	Neutral
3556	عندما تختنق بسبب الكورونا ، سيقومون بإدخال تلك القطعة المعدنية  في حلقك لتوسيع الحلقوم بعدها يدخلون ذلك الانبوب ليصل الى رئتيك ويضخون الأوكسجين البارد فيهما.  بعدها تصاب بصداع شديد من صوت فلتر الأوكسجين.  لتجنب كل هذا #إجلس_بالبيت دعواتكم ان الله يخلصنا من هذا الوباء  https://t.co/AfJWGt79UF	Neutral
3557	#لا_داعي_للهلع  ما حدا يخاف من #كورونا بالنهاية نحن مش #الصين حتى تطول عنا إن شاء الله ٣ أيام وبتقضي علينا كلنا #سنموت_بعد_قليل  #وزير_الصحه #لبنان	Neutral
3558	#كورونا  اللهم بشرنا بزوال هذا الوباء وارفع عنا هذا الإبتلاء وطهر الأرض منه واشف مرضانا ومرضى العالم أجمعين إنك الغفور الرحيم... اللهم قلت وقولك الحق وما كان الله معذبهم وهم يستغفرون... فاللهم نستغفرك ونتوب إليك من جميع الذنوب            مساء الخير 🌸  https://t.co/jz50RBsrfI	Neutral
3559	🔴-مستشفيات متأهبة 🔴-اطقم طبية منظبطة و مستعدة 🔴-شباب مسؤول و اعمال خيريةمنتشرة 🔴-تضامن شعبي 🔴-ملاعب فارغة 🔴-نقص الالفاظ البذيئة 🔴-مساواة بين الفقراء و الاغنياء 🔴-لااختلاط لا تقبيل لامصافحة  🔴#كورونا نظمت مجتمع بأكمله.بعض المصائب يبعثهاالله لتهذبنا فاستقيموا يرحمكم الله.	Neutral
3560	مالي أرى الناس في رُعبٍ يؤرقهم          من كورونا كأن الموت قد وصلَا يا خائفاً من لقاء الموت مرتعداً        هل يمنع الخوف أمر الله إن نزلَا َالموت كأساًُ وحتماً سوف نشربهُ        لا شك إنّا سنرحلُ مثل من رحلَا فلا تموتوا بداء الخوف وابتسموا        لا ينتهي العمرحتى نَبلُغ الأجلا	Neutral
3561	"سيذهب الوباء ومعه البلاءبإذن الله وسيأتي رمضان ومعه الفرج بأمر الله تفاءلوا بالخيرتجدوه.وإن حدَّثوك عن أمر مخيف،فحدثهم عن رب لطيف بعباده""اللهم هيّئ قلوبنالرمضان كماترضى أنتَ سبحانك.اللهم ولاتحرمنا فيه أصوات الصلوات في المساجداللهم ارفع عنا البلاء ياأرحم الراحمين #وقايه_vs_كورونا"	Neutral
3562	الفيروس مش بيروح المولات ولا الأسواق ولا بيركب مواصلات ولا بيصيب ممثلين ولا بيدخل مكان تبع الجيش الفيروس بيحب يروح الجيم وبيصلي في المسجد بإختصار ..ده فيروس رياضي متدين ملتزم ..من المسجد للتمرين ومن التمرين للمسجد😠😕	Neutral
3563	إجراءات مطار بيروت معك كورونا؟.. لا حلوف وحيات إمي أهلا وسهلا فيك نورت لبنان	Neutral
3564	السبب الوحيد لبقاء العصابة هو فيروس كورونا #تروح_كورونا_زيدو_أنتوما  #العالقين_في_اسطنبول_مسؤولية_تبون	Neutral
3565	كورونا بالصين بعد أأمن من لبنان🙄 #سنموت_بعد_قليل  #كورونا	Neutral
3566	@MOISaudiArabia @SaudiNews50 بفضل الله ثم ولاة امرنا اعزهم الله سيذهب وباء كورونا وسيذهب معه البلاء بإذن الله ابشر سمعا وطاعة يا سيدي لاجل الوطن نفدا بروحنا وقلبنا للوطن 🕋🇸🇦  ويارب ارجع بسلامه لي امي  ربي يحميها ويحفظها يارب 🤲😞🤲	Neutral
3567	@alghid___ متى يروح ذا الكورونا	Neutral
3568	الله يجيب الخير ... حياتك و حياة غيرك بين يديك #كورونا #الجزائر #الحجر_الصحي #ريح_في_داركم #شد_دارك #Alger #algerie #coronavirus #COVIDー19  #COVID19	Neutral
3569	@amal555535 الله يسترنا بستره حنا وياكم و يكفينا شر هذا الوباء الله. يفكنا منه عاجل غير اجل	Neutral
3570	@MarzouqAlghanim مهما نتكلم بحق المرحوم الدكتور طارق حسين مخيمر عما انجزه وشارك اخوانه الابطال من اطباء في انقاذ المرضى من فيروس كورونا المستجد بدولة الكويت الحبيبه لا نستطيع ان ننطق بكلم غير ان ندعوا الله ان يغفر له ويدخله جنات الفردوس الاعلى ولاهله الصبر والسلوان وان لله وان اليه راجعون	Neutral
3571	#الوقاية_من_كورونا عند الخروج من المنزل عليك اتباع سبل الوقاية الصحيحة: - اغسل يديك وعقمها باستمرار.  - ابتعد عن أماكن التجمعات.  - لا تقترب من أحد واجعل مسافة لا تقل عن مترين.  وتذكر دائمًا أن كبار السن، وأصحاب الأمراض المزمنة هم الأكثر عرضة للفيروس.. ساهم بحمايته #كلنا_مسؤول	Neutral
3572	#اوقفو_رحلات_اوروبا #CODVID19 #coronavirus #Covid_19 #pandemia #كورونا #تبون #CoronaVirusUpdate #كوفيد_19 #الجزائر #تعليق_العمره #Trump #كورونا_الجزائر يا حكومة الجزائر علقوا الرحلات لاوروبا لانها بؤرة الوباء اليوم. لو كان الوباء عندنا لعلقوا الرحلات من مدة طويلة.	Neutral
3573	تخيل تبقي موسوس اصلا وتيجي الكورونا بقي وتكمل عليك	Neutral
3574	🔴الشروع في استخدام دواء جديد لفيروس كورونا في الجزائر.... بالاك فيروس جديد منافس لكورونا !!! تاكدوا يرحم والديكم ما ناش ناقصين مشاكل😖 #ريح_في_دارك	Neutral
3575	@omar_kaliid يروح الوباء وترجع الحياه كما كانت وافضل	Neutral
3576	تنعى #رابطة_أطباء_النساء_والولادة_الكويتية الزميل الدكتور/ طارق حسين سائلين المولى عز وجل أن يرحمه و يسكنه فسيح جناته و يلهم ذويه الصبر و السلوان  #كورونا_الكويت	Neutral
3577	الشعب كله صايع بره طول اليوم وب الليل يروح يشوف نتائج الكورونا،فاكرنها انتخابات😕  https://t.co/s85IP5noFd	Neutral
3578	متى يجب علينا لبس الكمامة !؟ #كورونا #تعليم_مكه  https://t.co/7mfpJuWCZ4	Neutral
3579	#فحص_كورونا  اذا قالو لك فصخي نقابك نبي نفحصك.  https://t.co/BqsvlsavZ9	Neutral
3580	دابكة بين النيزك وال #كورونا والعهد القوي فايت بالحيط. #سنموت_بعد_قليل #لا_داعي_للهلع #لبنان	Neutral
3581	@vnx5_ إن شاء الله بس يروح الوباء	Neutral
3582	#فيروس_كورونا. للوقاية من  #فيروس_كورونا  يجب الاهتمام بالنظافة الشخصية و الحرص على غسل اليدين بالماء والصابون بشكل منتظم واستخدام المواد المعقمة والمطهرة عند السعال أو العطس، تجنب ملامسة الفم والأنف والعينين بالأيدي ، والحرص على ارتداء الكمامات في الأماكن العامة والمزدحمة  https://t.co/1b2iLQcm1C	Neutral
3583	#كورونا اللهم بشرنا بزوال هذا الوباء وارفع عنّا هذا الابتلاء وطهر الأرض منه يا كريم . اللهم اشفي مرضانا ومرضى العالم أجمعين إنك ولي ذلك والقادر عليه . اللهم إنك قلت وقولك الحق { وما كان الله معذبهم وهم يستغفرون } اللهم إنّا نستغفرك ونتوب إليك من كل ذنب وخطيئة . #كلنا_مسؤول #حائل	Neutral
3584	#فيروس_كورونا 🦠 العشرية السوداء في تسعينيات.   #ريح_في_داركم 🏡 #COVID19dz ☣️ #الجزائر🇩🇿  #وعينا_يحمينا 🗣 #الحجر_الصحي🧘‍♂️#كلنا_مسؤول ✊  #بيتك_حياتك 🚹 #حظر_التجوال_في_الجزائر 🚷	Neutral
3585	#يوم_الجمعه اللهم في اخر الجمعه من شعبان اللهم بشرنا بزوال هذا الوباءّ، وأرفع عنا هذا الإبتلاءّ، وطهَر الأرض منه، واجعلنا نصوم رمضان ونحن في امان وعافيه حنا في وجهك يالله  https://t.co/aSZOKU6bSH	Neutral
3586	أتساءل ما الذي أصاب الجزائريين، وما هي الصدمة التي تلقتها قلوبهم حتى أصبحوا لا يخافون شيئا،فالعالم كله خائف من فيروس كورونا الا الجزائر تضحك عليه . هل حقا هذا الشعب عانى في حياته لدرجة أنهم يرون الموت والحياة وجهان لعملة واحدة ❗  #Souhila_In_Can	Neutral
3587	حتي اهتمامنا بالكحول والكلور مبقاش زي الأول ..! #فرحة_البدايات #معا_نعزل_كورونا #الواد_نشات_الطيز	Neutral
3588	الشعب كله صايع بره طول اليوم وبليل يروح يشوف نتيجة الكورونا فاكرينها نتيجة انتخابات	Neutral
3589	"- افضل علاج لفيروس الكورونا 👇 قال رسول الله صلى الله عليه وسلم: "" ما من عبد يقول في صباح كل يوم ومساء كل ليلة : { بسم الله الذي لا يضر مع اسمه شيء في الأرض ولا في السماء وهو السميع العليم، ثلاث مرات، لم يضره شيء}. 🤲"	Neutral
3590	"بقلوب مؤمنة بقضاء الله وقدره وببالغ الحزن والأسى تلقينا نبأ وفاة جد أبناء المغرد السعودي الشهير ""موجز الأخبار"" متأثراً بفيروس #كورونا. . نسأل الله العلي القدير أن يتغمد الفقيد بواسع رحمته ويسكنه فسيح جناته ويلهم أهله وذويه الصبر والسلوان. @KSA24  .  https://t.co/3MY2fLVOnM"	Neutral
3591	صحة مكة تنعي الممرض الحسيني الذي توفي صباح أمس إثر إصابته  بفيروس كورونا نسأل الله أن يتغمده بواسع رحمته وأسكنه فسيح جناته وأن يلهم أهله وذويه الصبر والسلوان وإنا لله وإنا إليه	Neutral
3592	اللهم اغفر لي خطيئتي وجهلي،وإسرافي في أمري،وما أنت أعلم به مني،اللهم اغفر لي جدي وهزلي،وخطئي وعمدي وكل ذلك عندي،اغفر لي ما قدمت وما أخرت وما أسررت وما أعلنت وما أنت أعلم به مني،أنت المقدم وأنت المؤخر ، وأنت على كل شيء قدير  #المشاهير_الحثاله #السناب #الحجز_المنزلي #كورونا	Neutral
3593	مقال في الصحافه الفرنسيه: لاخوف على المنقبات لانهن الأقل عرضه لفيروس كورونا حيث أنهن لا يتبادلن القبل للتحيه او يتصافحون بالايدي او الأحضان وفوق ذلك كل جسدهن مستور ونظيفه بالوضوء المستمر وهي النصائح التي اطلقتها المتخصصون لتفادي العدوى الحمدلله على نعمة الإسلام.	Neutral
3594	#شرطة_دبي تعدل عمل #الرادارات وتحذر من هذه #المخالفات بعد استئناف #النشاط_الاقتصادي .  #رؤية_الإمارات #عين_في_كل_مكان #كورونا #الجميع_مسؤول_عن_الجميع #معاً_قادرين #خلك_في_البيت  #لا_تشلون_هم #ملتزمون_يا_وطن #عطاء_في_عملي_وسلامه_في_بيتي  https://t.co/DTW7hA0lzC	Neutral
3595	الكمامة لا تحتاجها في كل وقت.. هل تعرف متى يجب عليك لبسها ؟  ⁧#كورونا_مصر #تعليم_مكه  https://t.co/rrtOFtyOWI	Neutral
3596	الله لا يوفقك يا الصيني الله لا يوفقك يا الصيني   من زماااان مشتهي كنتااااكي بس كورونا 😔	Neutral
3597	انا ما خوفني غير انه تكون: لا داعي للهلع  تبع وزير الصحة متلها متل موضوع الليرة بخير تبع حاكم مصرف لبنان  #كورونا #سنموت_بعد_قليل #فيروس_كورونا #Corona #الليرة	Neutral
3598	متى يجب عليك غسل اليدين ⁉️ . . . #الوقايه_من_كورونا  #جمعية_طهور  https://t.co/So0awimCmk	Neutral
3599	#جائحة_كورونا  مالي أرى الناسَ في رُعبٍ يؤرقهم من الكُرُونا كأن الموت قد وصلَا ياخائفاً من لقاء الموتِ مرتعداً هل يمنعُ الخوف أمر الله إن نزلَا  َالموت كأساًُ وحتماً سوف نشربهُ لا شك إنّا سنرحلُ مثل من رحلَا فلا تموتوا بداء الخوف وابتسموا لاينتهي العمر حتى نَبلُغ الأجلا  * منقول	Neutral
3600	تخيل وزير قاعد في مكتبه ورا الشاشه محاوط نفسه بكحولات بيعقد اجتماعاته فيديو كونفرانفس تطبيقاً للإجراءات الاحترازيه عشان ياخد قرار ينزل الطلبه تمتحن في بلد مبقاش فيها سرير لعيان وفي عز ذروة الفيروس اللي هو قال عليها ! مشوفتش سخريه ولا تناقض زي كده!!  #تاجيل_3ث_وبديل_للخريجين	Neutral
3601	صحيفة فرنسية :  لاخوف على المنقبات فهن الأقل عرضة لفيروس #كورونا،حيث أنهن لايتبادلن القُبل للتحية أويصافحن بالأيدي أوالأحضان وأجسامهن مستورة وهي النصائح التي أطلقها المختصون لتفادي العدوى وكذلك نقلها .   اللهم أعز الإسلام والمسلمين بالأمس كانوا يحاربون #النقاب والان يمدحونه  https://t.co/87Nr4Y67h8	Neutral
3602	مالي أرى الناس في رُعبٍ يؤرقهم من الكُورُونا كأن الموت قد وصلَا    يا خائفاً من لقاء الموت مرتعداً هل يمنع الخوف أمر الله إن نزلَا  َالموت كأساًُ وحتماً سوف نشربهُ لا شك إنّا سنرحلُ مثل من رحلَا  فلا تموتوا بداء الخوف وابتسموا لا ينتهي العمر حتى نَبلُغ الأجـــلا  سترك يا رب  https://t.co/02972kmgG8	Neutral
3603	مجرد فضول🤔👈 واش راكم تعملوا في هذا الحجر؟! #بيتك_حياتك #ريح_في_دارك #خليك_في_البيت #الحجر_المنزلي #الحجر_الصحي #كورونا_فيروس #فيروس_كورونا #الكورونا #كورونا  #COVID19dz #Covid_19 #coronavirus #البليدة #البليدة_لن_تذبل #كلنا_البليدة #ريح_في_داركم	Neutral
3604	انا لله وانا اليه راجعون ان العين لتدمع وان القلب ليحزن وانا على فراقك يابوصالح لمحزنون  انتقل الى رحمة الله القائد البطل محمد صباح البكري  رحمه الله وغفر له والهم اهله الصبر والسلوان احد أبطال وقادة قوات العمالقه في الساحل  سبب الوفاه فيزوس كورونا	Neutral
3605	قاعدة الإنتصار على الكورونا:  أن تتعامل مع أي شخص على أنه مصاب  و تتصرف أنت مع كل الأشخاص على أنك مصاب.  (وزير الصحة الصيني)  #فيروس_كورونا #حالة_الطوارئ_يا_تبون   #ريح_في_داركم #COVIDー19	Neutral
3606	بعد ثبوت أصابة الاخ الغالي عبدالعزيز مفلح المحجان #بفايروس كورونا أسأل الله العظيم رب العرش العظيم أن يشافيك ويعافيك يابو سلمان  والان يحتاج الدعاء منكم * لا تنسونه من صالح دعائكم الله يشفيك ويشفي جميع مرضى المسلمين يارب #كورونا_الكويت #حظر_كلي #وزير_الصحه	Neutral
3607	#كلنا_مسؤول  علاج مرض كورونا هو البقاء في المنازل وعدم الخروج والتقيد بتعليمات والالتزام بمنع حظر التجول وترك مسافة لا تقل عن متر ونص بينك وبين الاخرين في الطوابير عند المحلات التجاريه او الصرافات والمداومه على غسل اليدين بالماء والصابون كل اربع ساعات .	Neutral
3608	@wehbimalakk بدا استخدامو عدنا في الجزائر وماتو اليوم اربعة هدا فيروس ثاني مش لقاح	Neutral
3609	خالص العزاء لأسرة الزميل الفقيد أ.د.جعفر قاسم مساعد العميد للشؤون الأكاديمية في كلية العلوم الصحية بسبب إصابته بفايروس الكوفيد-19، وقد توفت والدته رحمها الله قبله بنفس السبب. عرفناه مجتهداً في عمله طيب الخلق، رحمه الله واسكنه فسيح جناته، والهم ذويه الصبر والسلوان .	Neutral
3610	@comlineadel @Agent5414 هو بوصبع لزرق و انت و كورونا خاوة خاوة يا مبردع	Neutral
3611	@oudfawaz لو عارف هيك كنت جيت ع #لبنان قبل الصين 🤓  #كورونا #سنموت_بعد_قليل #لا_داعي_للهلع	Neutral
3612	تلقينا ببالغ الحزن والأسى خبر وفاة أول طبيبة مغربية بسبب فيروس #كوفيد_19 ، الدكتورة مريم أصياد يومه السبت 4 أبريل2020 بمدينة الدار البيضاء، رحم الله الفقيدة وغفر لها ورزق أهلها الصبر والسلوان، وتعازينا لأسرتها الصغيرة وللأسرة الصحية قاطبة، وإنا لله و إنا إليه راجعون #المغرب	Neutral
3613	مالي أرى الناس في رُعبٍ يؤرقهم   من الكورونا كأن الموت قد وصلا      يا خائفاً من لقاء الموت مرتعداً هل يمنع الخوف أمر الله إن نزلا  الموت كأس وحتماً سوف نشربهُ لا شك إنّا سنرحلُ مثل من رحلا  فلا تموتوا بداء الخوف وابتسموا؟ لا ينتهي العمر حتى نَبلُـغ الأجلا	Neutral
3614	لتجنب الاصابة بڤيروس كورونا   1-تجنب الاماكن المزدحمة مثل مكان العمل  2-تجنب الذهاب والخروج بدون سبب مثل الذهاب الى العمل  3-تجنب الاقتراب من الناس في الاماكن المغلقة مثل مكان العمل  ودمتم سالمين	Neutral
3615	علاج فيروس الكورونا: إمضغ حصين من الثوم هذا لا يساعدك في شيء لكن سيبعد عنك الناس مسافة كافية. #شبعرفني #فيروس_كورونا	Neutral
3616	مالي أرى الناس في رُعب يؤرقهم من كُورونا كأن الموت قد وَصلا   يا خائفا من لقاء الموت مرتعدا هل يمنع الخوف أمر الله إن نزلَا  َالموت كأسا وحتماً سوف نشربهُ لا شك إنا سنرحلُ مثل من رحلَا  فلا تموتوا بداء الخوف وابتسموا لاينتهي العمر حتى نَبلُغ الأجلا	Neutral
3617	إذ Corona قبل ما تفقدونا 😷😷 #كورونا #سنموت_بعد_قليل #لبنان	Neutral
3618	مالي ارى الناس في رُعبٍ يؤرقهم       من الكُورُونا كأن الموت قد وصلَا  يا خائفاً من لقاء الموت مرتعداً     هل يمنع الخوف أمر الله إن نزلَا  َالموت كأساًُ وحتماً سوف نشربهُ      لا شك إنّا سنرحلُ مثل من رحلَا  فلا تموتوا بداء الخوف وابتسموا      لا ينتهي العمر حتى نَبلُغ الأجـــلا	Neutral
3619	@AljawazatKSA السلام عليكم ورحمة الله وبركاته كنت عايز اتأكد عندي الزوجة والابن لديهم تأشيرة زيارة عائلية ولديهم حجز طيران من القاهرة الي الطائف يوم الخميس القادم بتاريخ 12 مارس هل يمكنهم دخول المملكة اذا لديهم شهادة صحية لتحليل PRC لفيروس الكورونا يؤكد خلوهم من الفيروس نرجو الافادة؟	Neutral
3620	#كورونا  اللهم بشرنا بزوال هذا الوباء وارفع عنا هذا الابتلاء وطهر الأرض منه واشفي مرضانا ومرضى المسلمين اجمعين إنك الغفور الرحيم. اللهم قلت وقولك الحق {وما كان الله معذبهم وهم يستغفرون}. فاللهم نستغفرك ونتوب إليك من جميع الذنوب والمعاصي.	Neutral
3621	@KSA24 الله يرحم المتوفين بواسع رحمته ويسكنهم فسيح جناته ويلهم أهلهم  وذويهم الصبر والسلوان وإنا لله وإنا إليه راجعون  ،،، #يوم_الجمعة  #كورونا  #وفيات كرونا	Neutral
3622	عندما تختنق بسبب الكورونا ، سيقومون بإدخال تلك القطعة المعدنية  في حلقك لتوسيع الحلقوم بعدها يدخلون ذلك الانبوب ليصل الى رئتيك ويضخون الأوكسجين البارد فيهما.  بعدها تصاب بصداع شديد من صوت فلتر الأوكسجين.  لتجنب كل هذا #إجلس_بالبيت #كورونا	Neutral
3623	مجففات الأيدي ليس فعالة في القضاء على فيروس كورونا المستجد. لحماية نفسك من الفيروس الجديد يجب المداومة على تنظيف اليدين بفركهما بواسطة مطهر كحولي أو غسلهما بالمادء والصابون. وبعد تنظيف اليدين يجب تجفيفهما تماماً بمحارم ورقية أو بمجففات الهواء الساخن.  https://t.co/JeGwxt83ES	Neutral
3624	#سنموت_بعد_قليل و #لا_داعي_للهلع...  #yalla يمكن، نحنا جيل الحرب، إذا متنا #كورونا_للوطن منرتاح ومنريح وبيخلق #لبنان_الجديد  🇱🇧	Neutral
3625	اللهم بشرنا بزوال هذا الوباء وارفع عنا هذا الإبتلاء وطهر الأرض منه واشفي مرضانا ومرضى المسلمين انك انت الغفور الرحيم ، اللهم انك قلت وقولك الحق( وماكان الله معذبهم وهم يستغفرون )اللهم انا نستغفرك ونتوب اليك من جميع الذنوب ،فارفعه عناوعن بلدنا وعن سائر بلاد المسلمين #الكويت_كورونا	Neutral
3626	"مقال في الصحافة الفرنسية : لا خوف على المنقبات لأنهن الأقل عرضة  لفيروس كورونا، حيث أنهن لايتبادلن القبل لتحية أو يصافحو بالأيدي أو الاحضان  وفوق ذلك على كل جسدهن مستور وهي النصائح التي أطلقها المتخصصون لتفادي  العدوى "". والمنافقون لازالوا حاقدين على الإسلام  https://t.co/kXtx2vSVyx"	Neutral
3627	للتوعيه...  عندما تختنق بسبب الكورونا ، سيقومون بإدخال تلك القطعة المعدنية  في حلقك لتوسيع البلعوم بعدها يدخلون ذلك الانبوب ليصل الى رئتيك ويضخون الأوكسجين البارد فيهما.  بعدها تصاب بصداع شديد من صوت فلتر الأوكسجين.  #لتجنب_كل_هذا_إلزم_بيتك.  https://t.co/SxhieXEkG2	Neutral
3628	طاقم #طبي مناوب يؤكد:  لا يوجد أي إمكانيات في #المستشفيات #الجزائرية لمواجهة #الكورونا #الحجر_المنزلي  #الحجر_الصحي #ريح_في_دارك  #ريح_في_الدار  #اقعد_في_دارك   #الجزائر #Algérie #aleria #corona  https://t.co/EsJWf4pKN3	Neutral
3629	#ريح_في_داركم  #حالة_الطوارئ_يا_تبون #كورونا_الجزائر_سنقاتل #COVIDー19 الكورونا يهدد مؤسسات البلاد الدستورية  https://t.co/qoA1z0T070	Neutral
3630	الله يلعن الكورونا حرمنا من مباريات كرة القدم  - واحد بشجع الميلان	Neutral
3631	"مركز كليفلاند الطبي الأمريكي : "" دواء ريمديسيفير ""  1 - فعال ويسيطر على فيروس كورونا . 2 - ينجح بتقليل مدة الشفاء ل 4 أيام .  قريباً ستعود الحياة  #هديه_رفعه_الصيعري_لزوجها"	Neutral
3632	تخيل تبقا موسوس اصلا ويجي حوار الفيروس ده يكمل عليك #كورونا_مصر	Neutral
3633	نصائح للممارس الصحي لتجنب الاصابة أو نقل عدوى #كورونا  https://t.co/ozuo4zGfp5	Neutral
3634	بالصين اي حيوان يلاقونه            ياكلونه   وبالهند اي حيوان يلاقونه           يعبدونه   وبالكويت اي حيوان يلاقونه                             ينتخبونه     عرفتوا ليش  الكورونا الحين 😩😩😩😩😩😩😩	Neutral
3635	#نداء_وطني ومطلب 42 مليون جزائري إلى السيد الرئيس تبون نريد تطبيق الحجر الصحي الشامل علي كامل التراب الوطني أي في 48 ولاية لمدة 10 أيام للخروج من أزمة فيروس كورونا بأخف الأضرار ⁦🇩🇿⁩	Neutral
3636	@MarzouqAlghanim * البقاء لله عزوجل وخالص العزاء وصادق المواساه لأسره الخليفه المطيرى بوفاه أبنهم نافع المطيرى بعد أصابته بفيروس كورونا الصينى وخالص العزاء لكل شعب الكويت الكريم وأسال الله عزوجل أن يلهم أسرته الصبر والسلوان وأنا لله وأنا أليه راجعون	Neutral
3637	الحكومه و من حولها مستعدين يضحوا بكل الشعب اللبناني بس المهم ايران ما تزعل  #عهد_سنموت_بعد_قليل  #لا_داعي_للهلع #كورونا_لبنان  #COVID2019	Neutral
3638	#فيروس_كورونا 🦠  في المخبزة الناس كامل تشري في الخبز وفي السوبيرات الناس كامل تشري في السميد    أحيانا أظن بلي الشعب راهو ياكل الكسرة بالخبز 🤔  #ريح_في_داركم 🏡 #COVID19dz ☣️ #الجزائر  🇩🇿  #وعينا_يحمينا 🗣 #الحجر_الصحي 🧘‍♂️ #كلنا_مسؤول ✊ #بيتك_حياتك 🚹 #حظر_التجوال_في_الجزائر 🚷	Neutral
3639	جمعية التمريض الكويتية   تنعي الممرض روبرت مانريال توفى متأثرة بفيروس كورونا   نسأل الله أن يغفر له ويرحمه وان يجعل كل ماقدمته في ميزان حسناته  كما نتقدم لأسرته بخالص العزاء  نسألكم الدعاء له ولزملائنا الذين يقفون سدا منيعا أمام كورونا  لا تنسونا من دعائكم  #كرونا  https://t.co/uolRj0TBnn	Neutral
3640	الحجر الصحي هو الحل يا مغترب عاون بلادك #Covid_19  #StayAtHome  #Algeria  #ريح_في_داركم  #قعدوا_بالبيت  #الجزائر	Neutral
3641	*وفاة مواطن مصاب بمرض كورونا ⁧#كوفيد١٩⁩ يبلغ من العمر (٦٧)عاماً ليبلغ عدد الوفيات من هذا المرض ⁧بالسلطنة⁩ (١٣)وفاة. وتتقدم وزارة الصحة إلى ذوي الفقيد بخالص العزاء والمواساة سائلة الله سبحانه أن يلهم أهله وذويه الصبر والسلوان*	Neutral
3642	@DeadlineWH يا عالم يا نسوولين عندي وصفه تخلصكم من الكورونا وترجع بالاقتصاد وبعجله الحياه الى طبيعتها تعالوا نعقد صفقه الفتح العظيم 972522878900 لصفقه الفتح العظيم قصه تتعلق بالامير محمد بن سلمان .	Neutral
3643	تعلمنا ان الوقاية خير من العلاج  وعلمنا فيروس كورونا  ان الوقاية خير اذ انه  لا يوجد علاج .	Neutral
3644	نصائح حول كيفية استلام طلبات المطاعم لتجنب الإصابة بفيروس #كورونا #صحيفة_الخليج  https://t.co/R6uMX3boYs	Neutral
3645	تخيل يجيلك #كورونا قبل ما تتجوز دي تبقي مأساة ، بعد إذن نهاية العالم يا شباب ملحقتش اتكاثر.  - #الدحيح 28/3/2020 #المباحث_راجعين_بفولورز  https://t.co/Xwi8MRejUT	Neutral
3646	#المتوسطة_الثانوية_الأولى_الوجه  #ادارة_تعليم_تبوك  #فيروس_كورونا   @4hz8k9X9GqnyQ6q @oihm1 @edualwajh @AffairsEducati  @alkuair @alwajhedu   ٥-يُنصح ايضابإلقاء المنديل المستعمل في سلة المهملات،  ٦-يجب على بالمصاب غسل يديه بالماء والصابون.	Neutral
3647	ما هي أفضل الطرق لعلاج #البلغم؟ الإجابة في الرابط:  https://t.co/enIapjK57b  #صحتك_في_رمضان #رمضان #السعودية #الامارات #قطر #COVID19 #الجزائر #فيروس_كورونا #خليك_في_البيت #Ramadan	Neutral
3648	الكورونا له علاج أما الجهل لا علاج له	Neutral
3649	متعافون من “كورونا” يقدمون نصائح مهمة لتجنب الإصابة بالفيروس  https://t.co/Ptw2RhV1Ct	Neutral
3650	@DjamelArtsite حتى يروح الكورونا ان شاء الله شكرا	Neutral
3651	تراجع كبير في عدد الإصابات بفيروس #كورونا في #الجزائر، حيث سجلت 45 حالة وهو عدد قليل مقارنة بالأرقام التي سجلت مؤخرا...  https://t.co/BldK12OqA9	Neutral
3652	#من_مصلحتنا_كجزايريين أن نحترم #الحجر_الصحي أو ستكون العواقب وخيمه.  #بـ31ـوعلام 👤  #ريح_في_داركم 🏡 #COVID19dz  #الجزائر 🇩🇿 #فيروس_كورونا ☣️ #وعينا_يحمينا  #كلنا_مسؤول ✊ #بيتك_حياتك 🚹 #حظر_التجوال_في_الجزائر 🚷	Neutral
3653	أحزنني خبر وفاة صديقي بمرض #كورونا أبويزن غسان صباح #الشارقه قبل بضعة أيام كان نعم الرجل ونعم الصديق أسأل الله أن يلهم ذويه الصبر والسلوان وأن يغفرله ويرحمه  (إنا لله وإنا إليه راجعون)	Neutral
3654	تخيل انت موسوس اصلا ويجى حوار  الكورونا ده يكمل عليك بقا .	Neutral
3655	#وزير_الصحه عندي وصفه تخلص البلاد من الكورونا خلال ساعه باذن الله ، صلوني بمبار علماء الطب اشرخ لهم ما عندي . 0522878900 . وصفه ناجحه ١٠٠/١٠٠ .	Neutral
3656	هل يجب لبس الكمامة كل الوقت عند مخالطة الناس؟  #الوقاية_من_كورونا  #كلنا_مسؤول  https://t.co/S8hLpKmjgB	Neutral
3657	نصائح لأصحاب الأمراض المزمنة والأطفال لتجنب الإصابة بفيروس #كورونا  #COVID19 #coronavirus للمزيد..  https://t.co/vekx4MQTCe  إعداد: #محمد_سويلم  https://t.co/2YE9P5sGB1	Neutral
3658	الأكثر خطورة بفيروس كورونا هو عدم ظهور أية أعراض عند الاصابة في بعض الحالات، وهذا يعني أنك قد تكون حاملا للفيروس وناقلا للعدوى وأنت لا تعلم. لحماية نفسك وحماية أرواح المحيطين بك والنظام الصحي بأكمله، #خليك_بالبيت  #صحتك_بتهمنا #فيروس_كورونا #الأردن #كورونا_الأردن #كوفيد19_الأردن  https://t.co/5SmQruBwpH	Neutral
3659	مبقاش فارق معايا ترجع حياتنا الطبيعه أمتى ع قد ان ربنا ميوجعش قلبي على حد من حبايبنا فاللهم بلغنا نهايه أزمة كورونا لا فاقدين ولا مفقودين يا الله👐	Neutral
3660	تخيل تبقا مستني الكورونا تخلص وبعد م تخلص وتيجي تنزل، تنزل على دروس ٣ث.	Neutral
3661	"""اغسل إيديك ونام كتير"".. 5 نصائح من ""الصحة"" لتجنب الإصابة بـ""كورونا""   https://t.co/0IlCxzDXOo"	Neutral
3662	@EdyCohen عندنا علاج كورونا يا كوهين    هذا هو العلاج     جربه  وصدقنى  مش هيصيبك شئ  بسم الله الذي لا يضر مع أسمه شئ في الأرض ولا في السماء وهو السميع العليم  ،، اعوذ بكلمات الله التامات من شر ما خلق  ،،،	Neutral
3663	تطبيق التعليمات الصحية والممارسات الوقائية الصحيحة يضمن بيئة عمل خالية تماماً من أية مسببات لانتشار الفيروس.  #الوطني_للإعلام #خلك_في_البيت #ملتزمون_يا_وطن #عطاء_في_عملي_وسلامه_في_بيتي #معاً_ضد_كورونا #معاً_سنهزم_كورونا #لا_تشلون_هم #الإمارات  https://t.co/MXReLoDiXm	Neutral
3664	1هل رجعوا الأموال المنهوبة ولا مزال؟  2 القبايل قسمو لبلاد ولا مزال؟  3 هل بدلو الفرنسية بالإنجليزية ولا مزال؟  4 بوناطيرو لقا الدوا ولا مزال؟ 5 كورونا راحت في افريل ولا مزال؟ 6 كليتو اللحم تاع ثمانيين الف ولا مزال؟ 7 داوكم اوروبا باش نڨيزيتو  و نشوفو نسبة الفقر ولا مزال؟ #18m  https://t.co/Hz1g8OIo60	Neutral
3665	علاج #فيروس_كورونا: إمضغ حصين من الثوم هذا لا يساعدك في الشفاء لكن سيبعد عنك الناس مسافة كافية حتى لا تصاب😂😂😷😷 #كورونا_لبنان	Neutral
3666	"لا حياة لمن تنادي الله المستعان ""الكورونا ولا انتوما يا نظام الكوكايين"" #تروح_كورونا_زيدو_أنتوما #العالقين_في_اسطنبول_مسؤولية_تبون #الحرية_لمعتقلي_الرأي  #دولة_مدنية_ماشي_عسكرية  #Freealgeria  #AlgeriaWindOfChange  #COVID19dz #alger #Algeria #حراك #كورونا #Algérie #ماتسكتوناش  https://t.co/BEYiDJxMXc"	Neutral
3667	@News_Ejazah ان شاء الله يروح عنا الوباء	Neutral
3668	#كورونا : الصين : لا خروج من المنازل إيطاليا : لا دراسة لا عمل لا مباريات السعودية : لا حج لا عمرة ليبيا : لا داعي للقلق 🚶🚶🚶	Neutral
3669	رب اغفر لي خطيئتي وجهلي وإسرافي في أمري كله وما أنت أعلم به مني،اللهم اغفر لي خطاياي وعمدي وجهلي وهزلي وكل ذلك عندي اللهم اغفر لي ما قدمت وما أخرت وما أسررت وما أعلنت،انت المقدم وأنت المؤخر وأنت على كل شيء قدير. #رمضان #البشاره #كورونا #يوم_الجمعه #ساعه_اجابه_دعاء_استغفار	Neutral
3670	متى يجب عليك غسل اليدين؟  #فيروس_كورونا #المركز_التخصصي_الطبي #SMC #وزارة_الصحة #كورونا_الجديد #الوقاية_من_كورونا #Covid19 #كلنا_مسؤول  https://t.co/eIZfhRuLD1	Neutral
3671	بعض الناس: قالوا لهم: ممنوع التجمعات قالو: لاعادي نحن أهل كورونا: اهاا خلاص ماجيكم دامكم أهل	Neutral
3672	وزارة الصحة .. الكمامة لا تحتاجها في كل وقت.. هل تعرف متى يجب عليك لبسها ؟ #الوقاية_من_كورونا  #كورونا_الجديد  #كورونا #Covid19  https://t.co/pB76ECOQYi	Neutral
3673	@ontha___kw لا مو كورونا لان لقو له علاج لازم اولع فيها	Neutral
3674	#كورونا أعاد ضبط الكون  شوارع نظيفة و هادئة  بيوت معقمة  إجتماع الأسر في البيوت  ماكولات شهية و متنوعة اطفال تحت العناية المنزلية سيارات مركونة إنعدام حوادث السير تلوث بيئي منخفض  طوابير منظمة مستشفيات متأهبة  مساواة بين الفقراء و الاغنياء  لا اختلاط ولا تقبيل  😊ودمتم سالمين	Neutral
3675	اللهم اعنا على صوم #شهر_رمضان وعلى قيامة بأكمل وجه ،، اللهم واكتبنها من عتقائه من النار ،، اللهم قلت وكلامك حق   ( ادعوني استجب لكم ) اللهم انا نسألك بأسمائك الحسنى ان ترفع عن الوباء #كورونا وعافي كل جسد مصاب ،، واغفر لموتانا وموتى المسلمين انك على كل شي قدير	Neutral
3676	الحراك حبس 😅ياو الحراك ولا فيروس 😂 #يا_حنا_يا_نتوما #تحيا_الجزائر_ديمقراطية #الحراك_مستمر	Neutral
3677	@SF_SKD تكفوون هذا اب عمره 50 عند عياله الان قبل كورونا كان فالسجن وبعد كورونا راح يرجع للسجن والله تكفووون همتكم خلونا نفرحه مع ليلة العيد هو وعياله ♥️♥️♥️ رقم الفاتورة : 197804931  https://t.co/09VhV3eZJh	Neutral
3678	أخي المواطن أختي المواطنة  لنكون شركاء في هزيمة #كورونا بالثقة بالله والوعي والنظافة وإتباع الإرشادات الصادره عن #وزارة_الصحة عند الخروج من المنزل عليك اتباع سبل الوقاية الصحيحة: - إغسل يديك وعقمها باستمرار.  - إبتعد عن أماكن التجمعات.  -  إجعل مسافة لا تقل عن مترين  https://t.co/SLgvu4O7yR	Neutral
3679	ينصح باتّباع التعليمات التالية لحماية نفسكِ وأسرتكِ من مرض كورونا: •غسل اليدين جيدًا وباستمرار بالماء والصابون أو المواد المطهّرة الأخرى، خصوصًا بعد السعال أو العطس، واستخدام دورات المياه، وقبل وبعد التعامل مع الأطعمة وإعدادها.  https://t.co/AZ3NG57oje	Neutral
3680	😷علاج فيروس الكورونا:😷  إمضغ فصين من الثوم!!!🤔  معقولة يستشفي من الكرونا ؟!!🙄🤔  لا يشفي على الإطلاق و لكن يساعد في إبعاد الناس عنك مسافة كافية....  https://t.co/P3YsWtaFzM	Neutral
3681	- مستشفيات متأهبة  - شباب مسؤول و اعمال خيرية منتشرة  - تضامن شعبي  ملاعب فارغة  نقص الالفاظ البذيئة  مساواة بين الفقراء و الاغنياء  - لا اختلاط لا تقبيل لا مصافحة. كورونا لم تأت لتقتل فقط بل نظمت مجتمع بأكمله. أحيانا بعض المصائب يبعثها الله لتهذبنا فاستقيموا واعتدلوا يرحمكم الله  https://t.co/Rn0dWzki9D	Neutral
3682	#كورونا_في_الكويت عندي وصفه تنقذ الكويت من الوبأ وتنقذ اقتصاد العالم وترجع الحياه الى طبيعتها وصفه ناجحه ١٠٠/١٠٠ مجربه على البشر وعلى الحيوان تلفون 972522878900 حاهز ان اذهب الى اخر العالم لانقاذ الكويت على امير الكويت الاتصال معي لنعقد صفقه الثلاثه قرون الصحه الاقتصاد والخياه .	Neutral
3683	وهذه ترجمة المقال للعربية : {المنتقبات لن يخفن من العدوى وهن اقل عرضه لكرونا لانهن لا يصافحن بالايدي ولا يقبلن ولا يعانقن وهده هي الشروط او بالاحرى الاحتياطات الموصى بها من طرف العلماء لتفادي الاصابة..الى نساء العالم كله...ارتدو النقاب فهو أأمن وسيلة ضد الكورونا.}  https://t.co/y8s33TcwOA	Neutral
3684	إنا لله وإنا إليه راجعون توفى إلى رحمة الله تعالى  لواء أ.ح/ شفيع عبد الحليم داود مدير إدارة المشروعات الكبرى بالهيئة الهندسية للقوات المسلحة متأثراً بإصابته بفيروس كورونا  ربنا يتغمده برحمته ويلهم أهله الصبر والسلوان ..  https://t.co/gsDfYPCoRB	Neutral
3685	هذا ما عليكَ فعله لتجنّب الإصابة بفيروس #كورونا    https://t.co/hrauIp8Y7s	Neutral
3686	#خلونا_نفرحهم_بالعيد اللّهُم كما بلغتنا رمضان ارفع عنّا  البلاء و الوباء وعن بلادنا وبلاد   المسلمين أجمعين ،اللهم اعد   علينا رمضان اعواما عديدة  اللهم اغفر لنا ولوالدينا 🤲🏻  🚩🚩🚩🌺🌺🌺✋🏻✋🏻✋🏻	Neutral
3687	5 نصائح من الصحة السعودية لتجنب فيروس كورونا  https://t.co/J30EebX2yT	Neutral
3688	بما انه لا هناك علاج ل فايروس كورونا ..نصيحتي هي ..العلاج الوحيد هو الوقاية خير من قنطار علاج.	Neutral
3689	علاج فيروس الكورونا: إمضغ فصين من الثوم هذا لا يساعدك في شيء لكن سيبعد عنك الناس مسافة كافية.	Neutral
3690	#تعزية صور المرحوم شكاي عباس الذي توفي صبيحة اليوم إثر تعرضه لفيروس كورونا القاتل تعازينا الخالصة لعائلته رحمه الله وأسكنه فسيح جناته وألهم أهله وذويه الصبر والسلوان وانا لله وانا اليه راجعون  https://t.co/TsmK7PVy2A	Neutral
3691	متى يجب غسل اليدين #الوقاية_من_كورونا  #كلنا_مسؤول  #غرفة_جازان  #وزارة_الصحة @SaudiMOH  https://t.co/lYLgkhUQtl	Neutral
3692	#نداء_وطني ومطلب 42 مليون جزائري إلى السيد الرئيس تبون نريد تطبيق الحجر الصحي الشامل علي كامل التراب الوطني أي في 48 ولاية لمدة 10 أيام للخروج من أزمة فيروس كورونا بأخف الأضرار #بارطاحي__في_كل_المجموعات_الجزائرية⁦🇩🇿⁩ شارك المنشور يرحم والديكم  https://t.co/flEjFdvItx	Neutral
3693	عندما تختنق بسبب الكورونا سيقومون بإدخال تلك القطعة المعدنية  في حلقك لتوسيع البلعوم بعدها يدخلون ذلك الانبوب ليصل الى رئتيك ويضخون الأوكسجين البارد فيهما.  بعدها تصاب بصداع شديد من صوت فلتر الأوكسجين.  #لتجنب_كل_هذا_إلزم_بيتك.  https://t.co/g5GoGe77nQ	Neutral
3694	#وزير_الصحة : إنا لله وإنا إليه راجعون، أعزي نفسي وكل الزملاء بوفاة الأخ/ د. طارق حسين مخيمر ، من أطباء الأنف والأذن والحنجرة في م. زين متأثرا بمضاعفات فيروس كورونا المستجد. رحمه الله وألهم أهله ومحبيه الصبر والسلوان.  @Drbaselalsabah  https://t.co/BX3cWjBGgI	Neutral
3695	فيه ناس صايعة برة طول اليوم و بليل يروح يشوف نتائج الكورونا ، تفكرها انتخابات.!	Neutral
3696	عند الخروج من المنزل عليك اتباع سبل الوقاية الصحيحة:  - اغسل يديك وعقمها باستمرار.  - ابتعد عن أماكن التجمعات.  - لا تقترب من أحد واجعل مسافة لا تقل عن مترين.  وتذكر دائمًا أن كبار السن، وأصحاب الأمراض المزمنة هم الأكثر عرضة للفيروس.. ساهم بحمايتهم.  #كورونا	Neutral
3697	ببالغ الحزن وعظيم الأسى تلقيت نبأ وفاة الكاتب المفكر والمناضل الجسور الوالد الأستاذ /على بن عبدالله الواسعي  وذلك على اثر إصابته بفيروس كورونا  تغمد الله الفقيد بواسع الرحمة والمغفرة وأسكنه فسيح جناته ، وألهم أهله وذويه وكافة محبيه الصبر والسلوان  إنا لله وإنا إليه راجعون.  https://t.co/8eWdQaBgzE	Neutral
3698	اللهم ماعجز عنه الأطباء فأنت رب الأطباء لايعجزك شيء اللهم اشف كل نفس ذاقت طعم الألم من مرض وأرزقنا الصبر عند الابتلاء والعافيه اللهم اسكب في جسده نهرا من الراحة يسري في اوردته ربي ارح ثم هون ثم اشف كل نفس لايعلم بوجعها الا انت #Corona #كورونا	Neutral
3699	اللهم بشرنا بزوال هذا الوباء وارفع عنا هذا الأبتلاء.  اللهم قلت وقولك الحق(وما كان الله معذبهم وهم يستغفرون) اللهم إنا نستغفرك ونتوب إليك من جميع الذنوب.  #كورونا	Neutral
3700	@_elll8 يارب يروح الكورونا بسرعه	Neutral
3701	سيذهب الوباء ومعه البلاء بإذن الله تعالى  سيأتي رمضان ومعه الفرج بأمر الله تفائلوا بالخير تجدوه ..  و إن حدثوكم عن أمر مخيف فحدثوهم عن رب لطيف،  {فَمَا ظَنّكم بِرَبّ العَالمِين}  اسعدالله ايامكم بذكرالله،  #_كورونا_ ستنجلي بإذن لله قبل رمضان بمشئية الواحد الأحد	Neutral
3702	#كورونا #ليبيا رحم الله الدكتور محمود #جبريل، وألهم أهله ومحبيه الصبر والسلوان.  إنا لله وإنا إليه راجعون	Neutral
3703	هل مجففات الأيدي فعَّالة في القضاء على مرض فيروس كورونا؟  كلا، مجففات الأيدي ليست فعَّالة في القضاء على مرض كوفيد-19 لحماية نفسك يجب المداومة على تنظيف اليدين بفركهما بمُطهِّر كحولي أو غسلهما بالماء والصابون. وبعد تنظيف اليدين، يجب تجفيفهما تمامًا بمحارم ورقية أو بمجففات الهواء.  https://t.co/8clz8fZeXB	Neutral
3704	رحم الله الدكتور محمود جبريل رئيس وزراء ليبيا الأسبق الذي توفي في القاهرة بعد إصابته بفيروس كورونا ، كان رجلاً فاضلاً ، وعالماً كبيراً ، أسأل الله أن يشمله برحمته ويسكنه جنته ويلهم أهله وذويه الصبر والسلوان .	Neutral
3705	مسطول  قالو ليهو رايك في وباء الكورونا شنو؟ قال والله ذي جوائز سوداني وMTN  نسمع بالفائزين وماحصل شفناههم	Neutral
3706	#فوازير_عش_بصحة الله أكبر.  @Qq_itocv9  إشاعة ❌❌❌ البخور يقتل فايروس كورونا  إشاعة❌❌❌ الليمون علاج فعال لفايروس كورونا  لا للإشاعات  وخذ العلم من وزارة الصحة وجهة الاختصاص . .. . #فوازير_عش_بصحة	Neutral
3707	دعاء عظيم للتحصّن من كل مكروه بسمِ الله الذي لا يضُرُّ مع اسمه شيءٌ، في الأرض، ولا في السماء، وهو السميعُ العليمُ #الدعاء #فايروس_كورونا #كورونا #علاج #فيروس_كرونا #corona  https://t.co/iuhNS0gzAg	Neutral
3708	"#لبنان وزير الصحة عن #كورونا : ""اِن الموت لنا عادة وكرامتنا من عند الله الشهادة"" #لا_داعي_للهلع #سنموت_بعد_قليل  #coronavirus #COVID19"	Neutral
3709	"""الله يلعن ابو الكورونا اللي صكرت المساجد وحرمتنا من صلاة التراويح ""  فواز .. 21 سنة ما يصلي غير على النبي لما يشوف بنت حلوه بس"	Neutral
3710	حذر أطباء يابانيون من أن استخدام معقمات الأيدي القائمة على الكحول لا يحمي من خطر الإصابة بفيروس كورونا، كونها تزيل البكتيريا النافعة التي تلطف الجلد وتصد مسببات الأمراض.	Neutral
3711	المنتقبات لن يخفن من العدوى وهن اقل عرضة لـ كرونا لأنهن. لا يصافحن بالايدي. ولا يقبلن. ولا يعانقن. وهذه هي الشروط. او بالاحرى الاحتياطات الموصى بها من طرف العلماء لتفادي الاصابة. الى نساء العالم كله ارتدو النقاب فهو ءامن وسيلة ضد الكورونا.	Neutral
3712	إجراءات مطار بيروت: -معك كورونا ؟  -لا -حلوف -وحياة إمّي -أهلا و سهلا نوّرت لبنان 🙂 (منقول )🤔🤔🤔🤔	Neutral
3713	- يعد الثوم طعامًا صحيًا ومع ذلك، لا توجد أي بيّنة تثبت أن تناول الثوم يقي من العدوى بفيروس كورونا . - لا تقضي المضادات الحيوية على الفيروسات، بل تقضي على البكتيريا فقط. -لا يوجد حتى يومنا هذا لقاح ولا دواء محدد للوقاية من فيروس كورونا أو علاجه.	Neutral
3714	أقعد في دارك #ريح_في_داركم 🏡 #COVID19dz ☣️ #الجزائر🇩🇿#فيروس_كورونا 🦠 #وعينا_يحمينا 🗣 #الحجر_الصحي🧘‍♂️#كلنا_مسؤول ✊ #بيتك_حياتك 🚹 #حظر_التجوال_في_الجزائر 🚷	Neutral
3715	#كورونا_الجديد اللهم اغفر لي خطيئتي وجهلي، وإسرافي في أمري وما أنت أعلم به مني، اللهم اغفر لي جدي وهزلي وخطأي وعمدي وكل ذلك عندي، اللهم اغفر لي ما قدمت وما أخرت، وما أسررت وما أعلنت وما أنت أعلم به مني، أنت المقدم وأنت المؤخر وأنت على كل شيء قدير	Neutral
3716	عم تتخايلو اجا الكورونا وما عنا ميشال عون ببعبدا ! #سنموت_بعد_قليل #كورونا	Neutral
3717	لاء مهو انا مبقاش انا وصحابي بناكل حواوشي من ابو خمسه جنيه من عند الزعيم تلوث وتيجي انتي تقولي حاسبي  في فيروس هيموتك!!	Neutral
3718	أتسائل ما الذي أصاب الجزائريين و ما هي الصدمة التي تلقتها قلوبهم حتى أصبحو لا يخافون شيئ.. فالعالم كله خائف من فيروس كورونا الا الجزائر تضحك عليه.  هل حقا هذا الشعب عانى في حياته لدرجة انه يرى الموت و الحياة وجهان لعملة واحدة..!!..اريد اجابات  #من__الداخل #والخارج  https://t.co/uZhlNXWoMx	Neutral
3719	- الطوابير منظمة - مستشفيات متأهبة  - شباب مسؤول و اعمال خيرية منتشرة - تضامن شعبي -القهاوي مسكرة - الملاعب فاضية -لا اختلاط  لا مصافحة  - الكورونا ماجت تقتل  جت تربي👌👌👌	Neutral
3720	تعلن #وزارة_الصحة عن وفاة مقيم مصاب بمرض كورونا #كوفيد١٩ يبلغ من العمر ٥٧ عاماً ليبلغ عدد الوفيات من هذا المرض #بالسلطنة ستاً وعشرين (٢٦) وفاة. وتتقدم #وزارة_الصحة إلى ذوي الفقيد بخالص العزاء والمواساة سائلة الله سبحانه أن يلهم أهله  وذويه الصبر والسلوان  #عمان_تواجه_كورونا  https://t.co/WimqS3tznd	Neutral
3721	عند الخروج من المنزل عليك اتباع سبل الوقاية الصحيحة: - اغسل يديك وعقمها باستمرار - ابتعد عن أماكن التجمعات - لا تقترب من أحد واجعل مسافة لا تقل عن مترين   وتذكر أن كبار السن، وأصحاب الأمراض المزمنة هم الأكثر عرضة للفيروس.. ساهم بحمايتهم  #الوقاية_من_كورونا  #رفع_الحظر  https://t.co/Q48oPnvoNs	Neutral
3722	الشعب كله برة طول اليوم و بليل يروح يشوف نتائج الكورونا فاكرها انتخابات	Neutral
3723	مزرعة مفلسة+كورونا = اوفريرا   #كورونا_للوطن #لا_داعي_للهلع  #سنموت_بعد_قليل  #كورونا	Neutral
3724	أفضل حل للازمه إلي حنا فيها هو إلغاء الترم خاصه أن عدد المصابين بفايروس كورونا في تزايد و البعض ما عنده اجهزه كافيه أو ما عنده مصاريف للنت  فا أفضل حل لجميع الحالتين : إلغاء هذا الترم و اعتماد درجات الفصل الأول #الغاء_الاختبارات	Neutral
3725	1)داوكم لاروبا تشوفوا شحال الفقر ولا مازال؟ 2)كورونا راحت في أفريل ولا مازال؟ 3)بوناطيرو لقى لكم الدواء ولا مازال؟  4)كليتو اللحم متاع 80 ألف ولا مازال؟ 5)دارو لكم لونقلي في بلاصة الفرنسي ولا مازال؟ 6)رجعوا لكم الدراهم المعروفين ولا مزال؟ 7)القبائل قسموا البلاد ولا مزال؟	Neutral
3726	متى يجب عليك غسل اليدين لمواجهة خطر فيروس #كورونا  #كلنا_مسؤول #خليك_في_البيت   ⁦⬇️⁩⁦⬇️⁩  https://t.co/kZk4lhnKtq	Neutral
3727	بسبب #كورونا  الصين :لا خروج من المنزل ايطاليا : لا دراسة ولا عمل السعودية : لا عمرة #الجزائر: لا داعي للقلق	Neutral
3728	🇺🇸 : سنموت جميعًا 🇮🇹 : لا يمكننا النجاة 🇸🇦 : أبي شحننننتتي.                                                          #المسيح_الدجال #أبو_طلال_الحمراني #العودة_بعد_كورونا	Neutral
3729	الله يلعن كورونا حتحرمنا من صلاة التراويح في المسجد -محمد 25 سنة ما بصلي على النبي الا اذا شاف بنت حلوه	Neutral
3730	ما لي أرى الناس في رعب يؤرقهم من الكورونا كأن الموت قد وصلا يا خائفًا  من لقاء الموت مرتعدا هل يمنع الخوف أمر الله إن نزلا الموت  كأسًا  وحتما سوف تشربه لاشك إنا سنرحل مثل من رحلا فلا تموتوا بداء الخوف وابتسموا لاينتهي العمر حتى تبلغ الأجلا• #الزم_بيتك #التزم_بأنظمة_وزارة_الصحه	Neutral
3731	#كورونا_السعوديه  اللهم خفف عني ثقل هذه الأيام وازرقني قوة الصبر واشرح صدري وأنزع منه ما استثقلته نفسي وأرح قلبي وارزقني فأنت اعلم بما تحتاجه نفسي♥️.  ⠀	Neutral
3732	تخيل تبقا مستني الكورونا تخلص وبعد ما تخلص وتيجي تنزل تنزل على دروس ٣ث	Neutral
3733	هام ......   علاج فيروس الكورونا:  إمضغ فصين من الثوم  هذا لا يساعدك في شيء  لكن سيبعد عنك الناس  مسافة كافية.	Neutral
3734	📍متى يجب علينا لبس الكمامة ؟  . #فيروس_كورونا . #الوقاية_من_كورونا  https://t.co/8gbjpMOcNS	Neutral
3735	الوجـه الاخر لفيروس كورونا 💭✨ - بيوت معقمة ونظيفه ، - رجال ماكثين في بيوتهم مع عوائلهم، - اطفال تحت عنايه منزليه منظمه، - وسائل نقل دون أكتظاظ، - لا يوجد حوادث سير وازدحام خانق، - تلوث بيئي قليل، - مستشفيات منظمة، - اعمال خيريه منتشرة، - تضامن شعبي دولي، - ملاهي ومراقص مغلقه،	Neutral
3736	حتى اهتمامنا بالكحول والكلور مبقاش زي الأول ..!  #فرحة_البدايات  #كورونا_مصر #كورونا_الجديد #كورونا	Neutral
3737	هذه الأيام تطلب الكثير مِن الصبر والصمت  #يوم_الجمعة #كوفيد_19	Neutral
3738	إنا لله وإنا إليه راجعون إنتقل إلى رحمة الله تعالي  #ضاري_غنيم السحلول العازمي  بسبب اصابته بفايروس كورونا  وهو كان من أوائل المتطوعين في جمعية صباح الأحمد التعاونية  نسأل الله له الثبات عند السؤال وان يلهمنا واهله الصبر السلوان	Neutral
3739	#كورونا اللهم بشرنا بزوال هذا الوباء وارفع عنّا هذا الابتلاء   وطهر الأرض منه واشفي مرضانا ومرضى   العالم اجمعين إنك الغفور الرحيم   اللهم   قلت وقولك الحق وما كان الله معذبهم وهم يستغفرون   فاللهم نستغفرك ونتوب إليك من جميع الذنوب	Neutral
3740	الصين يشوفون اي حيوان ياكلونه الهند يشوفون اي حيوان يعبدونه الكويت يشوفون اي حيوان ينتخبونه  #خالد_كورونا #كرونا_في_الكويت	Neutral
3741	بعد قعدة البيت الطويلة و بس إرجع شوف رفقاتي لازم كل واحد منن يذكرني بي أسمه و قديش صرلي بعرفه تفادياً للإحراج! #لا_داعي_للهلع #سنموت_بعد_قليل #كورونا_لبنان #خليك_بالبيت #فعاليات_الحجر_المنزلي	Neutral
3742	ده مبقاش موسم كورونا ده بقا موسم التزاوج	Neutral
3743	تخيل تبقا مستنى الكورونا تخلص وبعد م تخلص وتيجي تنزل، تنزل ع دروس ٣ث !	Neutral
3744	@1hamor كورونا لا بد ان يظهر له علاج.  الاخوان علاجهم البتر فقط	Neutral
3745	مالي أرى الناس في رعب يؤرقهم   من الكورونا كأن الموت قد وصلا    يا خائفا من لقاء الموت مرتعدا هل يمنع الخوف أمر الله إن نزلا  الموت كأسا وحتما سوف نشربه لا شك إنا سنرحل مثل من رحلا  فلا تموتوا بداء الخوف وابتسموا لا ينتهي العمر حتى نبلغ الأجلا ...	Neutral
3746	متى يجب عليك لبس #الكمامة؟   #كورونا #كورونا_الجديد #الوقايه_من_كورونا  https://t.co/FrtEjPkBO8	Neutral
3747	ختنق بسبب الكورونا ، سيقومون بإدخال تلك القطعة المعدنية في حلقك لتوسيع الحلقوم بعدها يدخلون ذلك الانبوب ليصل الى رئتيك ويضخون الأوكسجين البارد فيهما. بعدها تصاب بصداع شديد من صوت فلتر الأوكسجين. لتجنب كل هذا ...! #خليك_في_حوشك  https://t.co/2aPqb15LDK	Neutral
3748	@HHW58 يارب يروح الوباء بسرعه	Neutral
3749	ريحوا في داركم  #حالة_الطوارئ_يا_تبون  #فيروس_كورونا #ريح_في_داركم #الجزائر #العالم_الحزين  https://t.co/VzQOb55jIs	Neutral
3750	«تحصنت بذي العزة، واعتصمت برب الملكوت، وتوكلت على الحي الذي لا يموت، اللهم اصرف عنا الوباء، بلطفك يا لطيف، إنك على كل شيء قدير»، ناصحةً بترديد هذا الدعاء قبل النوم وعند الاستيقاظ منه. #COVID2019 #Algérie #covid19dz #البليدة_الوريدة_عمرها_ماتذبال	Neutral
3751	#الوتر_والدعاء_سلاحنا_من_كورونا شعر الشافعي وتضيق دنيانا فنحسب أننا        سنموت يأسا أو نموت نحيبا وإذا بلطف الله يهطل فجأة         يربي من اليبس الفتات قلوبا قل للذي ملاء التشاؤم قلبه           ومضى يضيق حولنا الافاقا سر السعادة حسن ظنك بالذي         خلق الحياة وقسم الارزاقا	Neutral
3752	لقد وقعنا في الفخ! 😅 #لا_داعي_للهلع #سنموت_بعد_قليل #كورونا_لبنان	Neutral
3753	عند الخروج من المنزل عليك اتباع سبل الوقاية الصحيحة: - اغسل يديك وعقمها باستمرار.  - ابتعد عن أماكن التجمعات.  - لا تقترب من أحد واجعل مسافة لا تقل عن مترين.  وتذكر دائمًا أن كبار السن، وأصحاب الأمراض المزمنة هم الأكثر عرضة للفيروس.. ساهم بحمايتهم. #الوقاية_من_كورونا  #كلنا_مسؤول  https://t.co/6LF0ZdW560	Neutral
3754	كورونا ليست وباء، بل مدرسة، علينا ان تعلم دروسها، حرصا على البشرية، وعلى حياتنا، ولعلها أكثر من علمنا أن أمر الله يطال العامة والخاصة، وأنه لا مفر منه. #salman_bin_hamad #مناف_القحطاني #كورونا_كوفيد19…  https://t.co/609LkCQA9H	Neutral
3755	اتساءل ما الذي اصاب الشعب الجزائري و ما هي الصدمة التي تلقتها قلوبهم حتي أصبحوا لا يخافون شيء... العالم كله خائف من فيروس كورونا الا الجزائر وكأنه شيء عادي ، هل هذا الشعب عانئ في حياته لدرجة انه يرئ الموت والحياة وجهان لعملة واحدة .!! ☹️🙏✊🏿	Neutral
3756	مالي أرى الناس في رُعبٍ يؤرقهم         من الكُورُونا كأن الموت قد وصلَا يا خائفاً من لقاء الموت مرتعداً       هل يمنع الخوف أمر الله إن نزلَا َالموت كأساًُ وحتماً سوف نشربهُ       لا شك إنّا سنرحلُ مثل من رحلَا فلا تموتوا بداء الخوف وابتسموا       لا ينتهي العمر حتى نَبلُغ الاجل	Neutral
3757	🔴  عاجل 🔴     كورونا يعلن مغادرته لبنان بشكل نهائي والسبب هو الله لا يعلق حدا بلسان اللبنانية 😎   #سنموت_بعد_قليل #كورونا_لبنان  #كورونا	Neutral
3758	#نصايح_لتفادي_كورونا  اللهُم أكفنا وأبعد عنا شرّ الأمراض والأوبئة  اللهُم أصرف عنّا هذا الوباء، وقِنا شر الداء بلطفك  اللهُم أحفظنا وأحفظ جميع المسلمين يا رب العالمين 🙏🏻.	Neutral
3759	لكي لا تصاب بالجنون أو الاكتئاب من هذه الأحداث الغريبة المتصاعدة، حافظ على أورادك وصلواتك ومناجاتك وثقتك بربك..  د/سلمان العودة. فك الله أسره #كورونا	Neutral
3760	@ALG_Presidency سيادة الرئيس، بعد التحية والتقدير، نحن ثلاثة رئساء مصالح مؤسسة المذابح والمسمكة لولاية الجزائر قدمنا شكوى رسمية للنائب العام ضد فساد مدير المؤسسة تم فصلنا نهائيا من العمل منذ سنة ونحن نعيش وباء الفقر أخطر من هاذا الوباء الذي إبتلى به الله العالم، رجائنا بالله ثم ع  https://t.co/g3jWHHmO3G	Neutral
3761	ما هي الحالات التي يجب فيها لبس الكمامة؟  وما هي الطريقة الصحيحة للبسها ؟  #الوقاية_من_كورونا  #كلنا_مسؤول    https://t.co/1Wxcx10GON	Neutral
3762	طرد الجنرال عبد الحميد غريس من مستشفى في سويسرا #البليدة   #الجزائر #الحراك_الشعبي #كورونا #كوفيد_19 #ريح_في_دارك #اقعد_في_دارك #الحجر_المنزلي #الحجر_الصحي #Algérie #algeria #corona #covid_19 #confinement #blida	Neutral
3763	10 نصائح لتجنب فيروس كورونا قبل دخول المنزل  https://t.co/KanXBwv0Xi	Neutral
3764	"عن عثمان بن عفان رضي الله عنه قال: قال رسول الله صلى الله عليه وسلم: "" ما من عبد يقول في صباح كل يوم ومساء كل ليلة : { بسم الله الذي لا يضر مع اسمه شيء في الأرض ولا في السماء وهو السميع العليم، ثلاث مرات، لم يضره شيء}. #علاج_كورونا #خلك_في_البيت"	Neutral
3765	لو مضطر تنزل من البيت لازم تاخد حذرك وماتنساش تقول هذا الدعاء وانت خارج ✋ تحصنت بذي العزة والجبروت ، واعتصمت برب الملكوت ، وتوكلت علي الحي الذي لا يموت ، اللهم اصرف عنا هذا الوباء وقنا شر الداء ونجِنا من الكورونا والبلاء بلطفك ومنِك وكرمك يالطيف ياخبير، إنك على كل شيء قدير 🤲	Neutral
3766	#كورونا_لبنان إجراءات مطار بيروت: - معك #كورونا؟ - لا - حلوف - وحياة إمّي - أهلا و سهلا نوّرت #لبنان 2020	Neutral
3767	متى يجب عليك لبس الكمامة؟ 1/ اذا كنت تشكو من عطاس وكحة  2/ تعتني بشخص مصاب #كورونا #الوقايه_من_كورونا @twaslalrss  https://t.co/1kvUCCZHYY	Neutral
3768	مع نزول المطر اللهم بشرنا بزوال هذا الوباء وارفع عنّا هذا الابتلاء اللهم ارحم موتانا وموتا المسلمين واشفي مرضانا ومرضى المسلمين إنك الغفور الرحيم اللهم قلت وقولك الحق وما كان الله معذبهم وهم يستغفرون فاللهم نستغفرك ونتوب إليك #دعاء #الكويت_تحارب_كورونا #البنوك_تأجل_الأقساط  https://t.co/qW4Mfsixqf	Neutral
3769	الكمامة ليست للجميع .. تعلم معنا متى يجب عليك لبس الكمامة ؟ #كلنا_مسؤول #فيروس_كورونا  https://t.co/kvVdRRQeGC	Neutral
3770	لن نستطيع مواجهة هذه الأزمات سوى بتكاتفنا معاً!  #ريح_في_داركم🏡#COVID19dz☣️#الجزائر🇩🇿 #فيروس_كورونا🦠#وعينا_يحمينا🗣#الحجر_الصحي🧘‍♂️ #كلنا_مسؤول✊#بيتك_حياتك🚹#حظر_التجوال_في_الجزائر 🚷  https://t.co/nJuHoeRaPJ	Neutral
3771	اللهم خفف عنا ثقل هذه الأيام .. وارزقنا قوة الصبر وانشراح الصدر، وانزع منه ما استثقلته نفوسنا وارح قلوبنا يالله #الاردن #كورونا	Neutral
3772	#النقاب لاخوف على المنقبات لأنهن الأقل عرضة لفيروس كورونا،حيث أنهن لايتبادلن القُبل للتحية أويصافحون بالأيدي أوالأحضان وفوق ذلك كل جسدهن مستوروهي النصائح التي أطلقتهاالمتخصصون لتفادي العدوى اللهم أعز الإسلام والمسلمين أمس كانو يحاربون النقاب والان يمدحونه #كرونا_الجديد	Neutral
3773	"الله أكبر هنيئا لكن مقال صحفي باللغة الفرنسية يقول : لاخوف على المتنقبات لأنهن الأقل عرضة لفيروس كورونا حيث أنهن لايتبادلن القبل للتحية أو يصافحون الأيدي أو الأحضان وفوق ذلك كل جسدهن مستور#وهي النصائح التي أطلقها المتخصصون لتفادي العدوى  سبحان الله العظيم ""أفغير دين الله يبغون""  https://t.co/fcNg1aXCmA"	Neutral
3774	مالي أرى الناس في رُعبٍ يؤرقهم من الكورونا كأن الموت قد وصلَ يا خائفاً من لقاء الموت مرتعداً هل يمنع الخوف أمر الله  إن نزلَ َالموت كأساًُ وحتماً سوف نشربهُ لا شك إنّا سنرحلُ مثل من رحلَ فلا تموتوا بداء الخوف وابتسموا لا ينتهي العمر حتى نَبلُـغ الأجلَ  جمعةمحفوفة بالغفران والتوكل	Neutral
3775	السلام عليكم ..  عندي لكم علاج لكورونا الجديد مجاناً   العلاج:  -بسم الله الذي لا يضر مع اسمه شيء في الأرض، ولا في السماء، وهو السميع العليم.  ٣ مرات صباحاً + ٣ مرات مساءً .   وبالله التوفيق ♡  #كورونا #CoronaVirusUpdate @SaudiMOH	Neutral
3776	@katyperry وصلكم كورونا نتوما ولا مزال ؟	Neutral
3777	لاحول ولاقوة الا باالله وإنّا لله وإنّا إليه راجعون اللهم اغفر له وأرحمه وتجاوز عنه  وأدخله في جنّاتك الفردوس الاعلى  وألهم أهله وذويه الصبر والسلوان #كورونا_في_الكويت  #فيروس_كورونا	Neutral
3778	ينعى رئيس وأعضاء مجلس إدارة #جمعية_الجهراء التعاونية وكافة العاملين فيها  بوفاة زميلهم / أحمد نجيب (أبوغسان) موظف قسم الصيانة والذي وافته المنيه متأثراً بإصابته بفيروس #كورونا سائلين الله العلي القدير ان يتغمد الفقيد بواسع رحمته ، ويلهم اهله وذويه الصبر والسلون  https://t.co/XSU9axSaYP	Neutral
3779	"""إنا لله وإنا إليه راجعون توفي الدكتور طارق حسين مخيمر، من أطباء الأنف والأذن والحنجرة فى مستشفى زين  بالكويت متأثرا بمضاعفات فيروس كورونا المستجد. رحمه الله وألهم أهله ومحبيه الصبر والسلوان"".  https://t.co/chkJ0WkgJE"	Neutral
3780	الله يلعن الكورونا حرمتنا من كرة القدم  - وحدة مزه تشجع ميلان 😜😜	Neutral
3781	#covid_19 #corona القاعدة الذهبية : تعامل مع أي شخص على أنه مصاب وتصرف مع الأشخاص على أنك مصاب . . #ريح_في_داركم #Algerie #حالة_الطوارئ_يا_تبون	Neutral
3782	نكتة اليوم 😷😅 بس جد اضحك او إبكي مش عارف ؟ #كورونا_لبنان  #لا_داعي_للهلع  #سنموت_بعد_قليل  #لبنان_ينتفض  #لا_ثقة  #انتخابات_نيابية_مبكرة  https://t.co/1ELUzKAWLr	Neutral
3783	"رحم الله الدكتور #طارق_حسين_مخيمر ""مصري"" الجنسية من أطباء الأنف والأذن والحنجرة والذي كان في الصفوف الامامية في مستشفى جابر متأثرا بمضاعفات فيروس كورونا المستجد ،، اللهم ارحمه واغفر له والهم اهله وذويه الصبر والسلوان."	Neutral
3784	وزارة الصحة : @OmaniMOH  تسجل حالة الوفاة العاشرة  لمواطن مصاب بمرض كورونا (كوفيد 19 ) ويبلغ من العمر 74 عاماً. تغمد الله الفقيد بواسع رحمته وأسكنه فسيح جناته ونسأل الله العلي القدير أن يلهم أهله الصبر والسلوان💔🙏🏻.  #خليكم_في_البيت	Neutral
3785	6 خطوات لتجنب الإصابة بفيروس كورونا المستجد. #كورونا المستجد #المجلة_الطبية #لصحتك  https://t.co/SYJ2XCM45m	Neutral
3786	@NAJEMABDULLAH1 @aldosiri_2019 الخطأ هو ان تعطيهم ورقة رسمية من الدولة وعليها ختم تأكد خلوهم من الفيروس بناء على فحص غير معتمد واثبت فشله!  الأولى إن كانت ترغب في ان تعطيهم مثل هذة الشهادة ان يكون فحص PCR أو لا تعطيهم شهادة من الأساس وتطلب من دولهم فحصهم  لا نريد ان نفقد مصداقيتنا	Neutral
3787	إنا لله وإنا إليه راجعون إنتقل إلى رحمة الله تعالى  ضاري غنيم السحلول  بسبب اصابته بفايروس كورونا  نسأل الله له الرحمه والمغفره والثبات عند السؤال وان يلهم اهله الصبر والسلوان             #متطوع_جمعية_صباح_الاحمد #صحيفة_العوازم🇰🇼	Neutral
3788	@TebbouneAmadjid سيادة الرئيس من حقنا توجيه السؤال لحضرتكم، و نحن نحلم بجزائر جديدة، جزائر تبنى بالعلم، و يقومها العدل، جزائر العمائم فيها تحط على رؤوس الأتقياء المخلصين،  العالم بوناطيرو و هو يحمل بين جعبته و داخل محفظته العلمية، دواء 💊 من صنع اياد جزائرية عراقية، يقول أنها تعالج بما يسمى كوفيد	Neutral
3789	@mohamedzitout زيطوط كورونا خاوة خاوة	Neutral
3790	@AJbelahodood @ChahdaJalal على الأقل فيروس كورونا العالم يشتغل لإنتاج علاج له . لكن فيروس قطرونا اللي استشرى في مذيعي الجزيرة لا يوجد له علاج ولم يعمل أحد في العالم لصنع علاج له.	Neutral
3791	شوارع فاضية و هادئ. البيوت نظيفة و معقمة العائله مجتمعه بالبيوت الأكل طبخ بيت  الاولاد تحت العناية المنزلية المركزة الحوادث خفت تلوث بيئي منخفض مستشفيات متأهبة شباب مسؤول أعمال خيرية منتشر تضامن شعبي القهاوي مسكرهالملاعب فاضية لا اختلاط  لا مصافحة الكورونا ما جات تقتل  جات تربي👌	Neutral
3792	بعد الاصابة بفايروس #كورونا لا قدر الله، ستصاب بالاختناق وسيقوم الكادر الطبي المعالح بإدخال تلك القطعة المعدنية👇🏽في حلقك لتوسيع البلعوم بعدها يدخلون ذلك الانبوب👇🏽ليصل الى رئتيك ويضخون الأوكسجين البارد فيهما.  بعدها تصاب بصداع شديد من صوت فلتر الأوكسجين.  #لتجنب_كل_هذا_إلزم_بيتك  https://t.co/MyKl4QZlJl	Neutral
3793	في زمن كورونا   🇺🇸 : سنموت جميعًا 🇮🇹 : لا يمكننا النجاة 🇸🇦 : أبي شحننننتتي	Neutral
3794	الوقاية خير لانه لا يوجد علاج  #كورونا	Neutral
3795	وزير الصحة قال #لا_داعي_للهلع... وصل #فيروس_كورونا على #لبنان. حاكم مصرف لبنان قال #لا_داعي_للهلع بموضوع الليرة! صارت #الليرة_اللبنانية ب ٢٥٠٠ والله يستر من الجاي ⁧#سنموت_بعد_قليل	Neutral
3796	فيديو | نصائح هامة لتجنب الإصابة بفيروس #كورونا المستجد أثناء التنقل في المواصلات العامة.. تعرف عليها   #COVID19  #وقاية_وأمان   https://t.co/nALUxbFx0v	Neutral
3797	وصول الكورونا إلى لبنان...  سنموت بعد قليل 😲🙄	Neutral
3798	@Tyu7h14gmpdXUc9 ان شاء الله يروح هذا الوباء وتقدر تزوره	Neutral
3799	*الجانب المشرق لفيروس كورونا  نسبة وفيات حوادث السير إنخفضت إلى ٠ %.  لا يوجد أي عمل إرهابي.  الشوارع نظيفة و هادئة.  البيوت معقمة ونظيفة.  النساء مضبوطات ومستورات بالبيوت.  مأكولات صحية شهية و متنوعة.  أطفال تحت العناية المنزلية الجميلة.  السيارات مركونة للضرورة فقط. ١ _يتبع👇	Neutral
3800	اللهم بشرنا بزوال هذا الوباء وارفع عنّا هذا الابتلاء وطهر الأرض منه واشفي مرضانا ومرضى  العالم اجمعين إنك الغفور الرحيم   اللهم قلت وقولك الحق وما كان الله معذبهم وهم يستغفرون   فاللهم نستغفرك ونتوب إليك من جميع الذنوب #كورونا_السودان #COIVD19	Neutral
3801	- مستشفيات متأهبة - شباب مسئول و أعمال خيرية منتشرة - تضامن شعبي -القهاوي مغلقه - الملاعب فاضية -لا اختلاط لا مصافحة  ✋🏻 الكورونا لم تأتي لتقتل بل جاءت تربي .	Neutral
3802	@LiveWellMOH @SABIC إشاعة الليمون علاج فعال لفايروس كورونا لا للإشاعات   تاكد من وزارة الصحة وجهة الاختصاص..  . . #فوازير_عش_بصحة	Neutral
3803	عليك اتباع سبل الوقاية الصحيحة: - اغسل يديك وعقمها باستمرار.  - ابتعد عن أماكن التجمعات.  - لا تقترب من أحد واجعل مسافة لا تقل عن مترين.   وتذكر دائمًا أن كبار السن، وأصحاب الأمراض المزمنة هم الأكثر عرضة للفيروس.. ساهم بحمايتهم. #خليك_بالبيت 🏠#عمان_تواجه_كورونا 🦠 #كوفيد_19  https://t.co/f2TleiN12K	Neutral
3804	الكمامات يلي بدا تحمينا من #الكورونا يلي جايي من #الصين  ساقبو made in #china  يا لسخرية القدر #لبنان #بيروت #كورونا_في_لبنان #كورونا #سنموت_بعد_قليل  #لبنان_ينتفض	Neutral
3805	كورونايكره لمنقبات عنوان جريدة فرنسية الترجمة المنقبات لن يخفن من العدوى، وهن الأقل عرضة لكورونا لأنهن لا يصافحن ولا يُقبِّلن ولا يعانقن، وهذه هي الشروط أو بالأحرى الاحتياطات الثلاثة الموصى بها من طرف العلماء لتفادي الإصابةإلى نساء العالم تدين النقاب فهو العلاج  الوحيد ضد كورونا  https://t.co/jN0vqKBguB	Neutral
3806	كيف تنظف #هاتفك لتجنب الإصابة بفيروس #كورونا  https://t.co/DFciHR5nzd  https://t.co/efz83e9uwr	Neutral
3807	الوقاية من كورونا | متى يجب ارتداء الكمامة للوقاية من فيروس كورونا | فيديو    https://t.co/MvSkyXNNSH	Neutral
3808	عند الخروج من المنزل عليك اتباع سبل الوقاية الصحيحة: - اغسل يديك وعقمها باستمرار.  - ابتعد عن أماكن التجمعات.  - لا تقترب من أحد واجعل مسافة لا تقل عن مترين.  وتذكر دائمًا أن كبار السن، وأصحاب الأمراض المزمنة هم الأكثر عرضة للفيروس.. #الوقاية_من_كورونا  #كلنا_مسؤول  https://t.co/SfLiOr4kcU	Neutral
3809	بيان صادر عن وزارة الصحة :  ضهروا وين ما بدكم عمركن ما ترجعوا ..  مظبوط هالحكي ياكبير؟ @Hamad_hassan20  #لا_داعي_للهلع #سنموت_بعد_قليل #كورونا_لبنان	Neutral
3810	#كلنا_مسؤول يقول الشاعر مالي ارى الناس في رعب يؤرقهم   من الكورونا كأن الموت قد وصلَا    يا خائفاً من لقاء الموت مرتعدا هل يمنع الخوف أمر الله إن نزلَا  َالموت كأسا وحتماً سوف نشربهُ لا شك إنَا سنرحل مثل من رحلَا  فلا تموتوا بداء الخوف وابتسموا لا ينتهي العمر حتى نبلغ الأجـــلا	Neutral
3811	الشعب كله صايع  بره طول اليوم وبليل يروح يشوف نتايج الكورونا فاكرهاا انتخابات	Neutral
3812	إنا لله وإنا إليه راجعون ولا حول ولا قوة إلا بالله العلي العظيم إنتقل إلى رحمة الله تعالي بعد معاناه مع فايروس كورونا العم / أحمد سالم ، جار عزيز و صاحب واجب، رحمة الله عليه رحمة واسعة و ألهم أهله الصبر والسلوان وأن يعظم أجرهم إنا لله وإنا إليه راجعون .  https://t.co/cahLj8p7fj	Neutral
3813	@aawsat_News  https://t.co/mVQ4vYIDcV فريق طبي جزائري عراقي يكتشف علاج كورونا للأسف حكومتنا الجزائرية  البشعة   تماطل وطلبت منهم ملف في حين أن عدد الوفيات يزداد كل يوم أملنا أن يتم إستخدام هذا الدواء لعلاج المرضى من فضلكم قومو بنشر هذا الفيديو	Neutral
3814	اتقدم   بأحر التعازي وصادق المواساة الى #الكابتن_يوسف_شفاقه_العنزي وعائلة الجروان الكرام بوفاة والدتهم اثناء قيامه بمهمته الوطنية للصين. نسأل الله لها الرحمة وان يسكنها فسيح جناته ويلهمهم  الصبر والسلوان #اوصف_الشعب_الكويتي_بكلمة #كورونا	Neutral
3815	الشعب كله صايع برة طول اليوم وبليل يروح يشوف نتائج الكورونا ، فاكرينها إنتخابات  أ*اا	Neutral
3816	بعدا السنة بشهرا التاني وهلقد في مصايب ، شو مخبايين الأشهر العشرة يلي جايين؟؟ #سنموت_بعد_قليل #لا_داعي_للهلع #كورونا_لبنان	Neutral
3817	يا ريت 🙈😷😅😂 #فيروس_كورونا #كورونا_لبنان  #لبنان_ينتفض  #لا_ثقة  #انتخابات_نيابية_مبكرة  #لا_داعي_للهلع  #سنموت_بعد_قليل  https://t.co/admRatNhfw	Neutral
3818	الحكمة من إنه أول يوم العيد حظر للسيارات هو عنصر المفاجأة الفيروس بكون لابس أواعي العيد ورايح يعيد على خواته بالمحافظات فمش رح يلقى سيارة يطلع فيها فيضطر يروح مشي هون رح يتعب ويبيت عند دار أخته واحنا بنتحرك بالسيارات ثاني يوم ع نظافة أنتوا بس بدكم تنتقدوا شو بفهمكم بإدارة الأزمات	Neutral
3819	@w17d_ ان شاءالله يروح الوباء ونخلص	Neutral
3820	علاج مرض كورونا؟  بسم الله الذي لا يضر مع اسمه شيء في الأرض ولا في السماء٠  بسم الله الذي لا يضر مع اسمه شيء في الأرض ولا في السماء٠  بسم الله الذي لا يضر مع اسمه شيء في الأرض ولا في السماء ٠ثلاث مرات	Neutral
3821	في وقت يزيد فيه الإقبال على شراء المطهرات في مختلف دول العالم بمستويات قياسية مع تفشي فيروس كورونا..  حذر أطباء يابانيون من أن استخدام معقمات الأيدي القائمة على الكحول لا يحمي من خطر الإصابة بفيروس كورونا، كونها تزيل البكتيريا النافعة التي تلطف الجلد وتصد مسببات الأمراض.  https://t.co/I40PG0YTSR	Neutral
3822	#من_القلب_للقلب| نصائح للمرأة الحامل لتفادي الإصابة بفيروس كورونا  #MBCMASR  https://t.co/zYvQ7d9B1m	Neutral
3823	@PDChina تعالوا ناخذ وصفه طبيعيه خلال ساعه باذن الله تنقذنا وتخلصنا من الكورونا ومن ملبوساتها وتعيد لكم عجله الحياه الطبيعيه وتحرركم من سجن الكورونا تلفون972522878900  جاهز ان اسلمها لكبار علماء الذب بالعالم ليفحصوها  .	Neutral
3824	#الوقايه_من_كورونا هل تعرف متى يجب عليك لبس الكمامة ؟  https://t.co/7pD2uMHnSG	Neutral
3825	عظم الله اجر الجزائر بفقدان الدكتورة المجاهدة في هذه الظروف الصعبة جائحة كورونا  جنازة الطبيبة عفاف بوديسة 28 سنة هي وجنينها في الشهر 7 توفيت متأثرة بمضاعفات فيروس كورونا بمستشفى عين الكبيرة ولاية سطيف  نسأل الله أن يتغمدها برحمته الواسعة وان يلهم أهلها وذويها جميل الصبر والسلوان  https://t.co/FMCxlbi5Hb	Neutral
3826	رحم الله الدكتور #طارق_حسين الذي توفى اليوم بسبب فايروس كورونا نسأل الله ان يغفر له ويتجاوز عنه ويلهم ذوية الصبر والسلوان .	Neutral
3827	إنتقل إلى رحمة الله تعالى العميد ركن مهندس/ #نافع_الخليفة_المطيري حيث كان بالعناية المركزة في مستشفى جابر بسبب إصابته بفايروس #كورونا خلال تواجده بمهمة الواجب العسكرية بــ فرنسا  الله يرحمه ويغفر له ويسكنه فسيح جناته ويلهم أهله الصبر والسلوان  #كورونا_في_الكويت  https://t.co/61U8ypFGqo	Neutral
3828	الحكمة من حظر السيارات يوم العيد هو عنصر المفاجأة الفيروس بكون لابس أواعي العيد ورايح يعيد على خواته بالمحافظات فمش رح يلاقي سيارة توصله فيضطر يروح مشي هون رح يتعب ويبات عند دار أخته ومش رح يصحى ثاني يوم احنا نتحرك بالسيارات ثاني يوم ع نظافة أنتوا بس بدكم تنتقدوا الحكومة #كورونا	Neutral
3829	إنا لله وإنا إليه راجعون   الله يرحمه ويغفر له ويسكنه فسيح جناته ويلهم أهله الصبر والسلوان  المتوفي من محافظة #مسقط و تعتبر ثاني وفاة من نفس المحافظة.    الله يحفظ الجميع   #فيروس_كورونا #كوفيد_19  https://t.co/DRE17xhwGX	Neutral
3830	مقال في صحيفةفرنسية يقول: فيروس كورونا يكره النقاب المنتقبات لن يخفن من العدوى وهن أقل عرضة لكرونا لأنهن لايصافحن بالأيدي ولا يقبلن ولا يعانقن وهذه هي الاحتياطات الموصى بها من طرف العلماء لتفادي الإصابة. إلى نساءالعالم كله ارتدين النقاب فهو أأمن وسيلةضد الكورونا!  الله أكبر	Neutral
3831	#كورونا #تعليم_مكه الكمامة لا تحتاجها في كل وقت.. هل تعرف متى يجب عليك لبسها ؟  https://t.co/zcZu73Fvvk	Neutral
3832	الشعب طول النهار في الشوارع وبالليل يروح يشوف نتايج الكورونا حسبالهم انتخابات 🌚	Neutral
3833	اجرائات مطار بيروت!!! -معك كورونا؟؟؟ -لا -حلوف؟؟؟ وحيات امي!! -اهلا وسهلا نورت لبنان😍🤦‍♀️😂	Neutral
3834	عند الخروج من المنزل اتّبع سبل الوقاية الصحيحة: - اغسل يديك وعقمها باستمرار - ابتعد عن أماكن التجمعات - لا تقترب من أحد واجعل مسافة لا تقل عن مترين وتذكر دائمًا أن كبار السن، وأصحاب الأمراض المزمنة هم الأكثر عرضة للفيروس . #كلنا_مسؤول #فيروس_كورونا  #تعليم_الطائف #مكتب_تعليم_رنيه	Neutral
3835	@abuhilalah فعلا الغباء لا يوجد له علاج الا فيروس كورونا	Neutral
3836	تعلن #وزارة_الصحة عن وفاة مقيم مصاب بمرض كورونا #كوفيد١٩ ويبلغ من العمر ثلاثة وخمسين عاماً. وتعد هذه ثامن وفاة تسجل في #السلطنة لمريض مصاب بهذا المرض. وتتقدم #وزارة_الصحة إلى ذوي الفقيد بخالص العزاء والمواساة سائلة الله سبحانه أن يلهم أهله وذويه الصبر والسلوان. #عمان  https://t.co/4z4z38PZQR	Neutral
3837	مشاهدة باخرة فرنسية ترسوا على ميناء الجزائر البارحة !!  اطلب من الأحرار ان يخافوا على أنفسهم و العزوف عن الخروج كما اطلب من السلطات وقف جميع الرحلات الاوروبية حالا الوضع مخيف...  #تبون_أوقف_الرحلات #اوقفو_رحلات_اوروبا #فيروس_كورونا #Covid_19 #الجزائر #الحراك #لا_تخذلنا_يا_تبون	Neutral
3838	وزارة الصحة: وفاة مقيم مصاب بمرض كورونا #كوفيد١٩ يبلغ من العمر (67)عاماً .. ليبلغ عدد الوفيات من هذا المرض #بالسلطنة (38)وفاة, نسأل الله ان يتغمد الفقيد بواسع رحمته ويلهم أهله وذويه الصبر والسلوان .. #خليك_بالبيت #قروب_دار_السلاطين  #عمان_تواجه_كورونا  #سلطنه_عمان  https://t.co/8OjjgKjLWU	Neutral
3839	#عمان #عمان  اللهم إرفع عنا هذا كورونا وطهر الأرض منه واشفي مرضانا ومرضى البشرية أجمعين إنك أنت الغفور  اللهم قُلت وقولك الحق وما كان الله  معذبهم وهم يستغفرون فاللهم انا   نستغفرك ونتوب اليك من الذنوب والخطايا اللهم بعد التقاعد  المبكر عن المواطنين وأخرج مخرجا نظيفا للبطاله؟	Neutral
3840	مركز ابوظبي للخلايا الجذعيه ابتكر علاج للكورونا باستخدام الخلايا الجذعيه، ونجح في علاج ٧٣ حالة ولله الحمد #الامارات_تطور_علاج_كورونا #لا_تشلون_هم	Neutral
3841	@Mraamy الخطأ هو ان تعطيهم ورقة رسمية من الدولة وعليها ختم تأكد خلوهم من الفيروس بناء على فحص غير معتمد وثبت فشله!  الأولى إن كانت ترغب في ان تعطيهم مثل هذة الشهادة ان يكون فحص PCR أو لا تعطيهم شهادة من الأساس وتطلب من دولهم فحصهم  لا نريد ان نفقد مصداقيتنا	Neutral
3842	@ooeebd يا رب يروح الفيروس ذا بسرعه العالم انهبلت🙆🙆	Neutral
3843	#كلنا_مسؤول 💡متى يجب عليك غسل يديك؟  #الوقاية_من_كورونا   #COVID19  https://t.co/okpR84UATG	Neutral
3844	ما هي #البواسير وما أعراضها وعلاجها؟ الإجابة في الرابط:  https://t.co/Lst64YZm1D  #صحتك_في_رمضان  #رمضان   #السعودية #الامارات #قطر #COVID19  #الجزائر #فيروس_كورونا	Neutral
3845	عند بقائك بالمنزل، متى يجب عليك غسل يديك؟ 🤔 للوقاية من فيروس #كورونا #كلنا_مسؤول  https://t.co/nPQJA9Gpts	Neutral
3846	يقول الشاعر  مالي ارى الناس في رُعبٍ يؤرقهم   من الكورونا كأن الموت قد وصلَ       يا خائفاً من لقاء الموت مرتعداً هل يمنع الخوف أمر الله  إن نزلَ َالموت كأساًُ وحتماً سوف نشربهُ لا شك إنّا سنرحلُ مثل من رحلَ فلا تموتوا بداء الخوف وابتسموا لا ينتهي الـــعمر حتى نَبلُـغ الاجلَ	Neutral
3847	لتحمي نفسك من عدوى #كورونا، تعلم كيف تقلل من لمس وجهك بيديك من خلال هذه النصائح.  https://t.co/4lrUKRasDw   #صحتك #قطر #السعودية #البحرين #الكويت #الجزائر #الأردن #كوفيد19 #كوفيد_19 #فيروس_كورونا	Neutral
3848	@ObservAlgerie الكورونا و الزواف خاوة خاوة .. نشوفوكم نهار الجمعة	Neutral
3849	أفضل طريقة في التسوق لتجنب الإصابة بـ فيروس #كورونا 😂  https://t.co/fkbQT0Lvuy	Neutral
3850	#تأملات_في_أبيات مالي أرى الناس في رُعبٍ يؤرقهم   من الكُورُونا كأن الموت قد وصلَا يا خائفاً من لقاء الموت مرتعداً هل يمنع الخوف أمر الله إن نزلَا َالموت كأساًُ وحتماً سوف نشربهُ  لا شك إنّا سنرحلُ مثل من رحلَا فلا تموتوا بداء الخوف وابتسموا  لا ينتهي العمر حتى نَبلُغ الأجـــلا	Neutral
3851	#لكل_رؤوساء_الوزراء_بالعالم عندي وصفه طبيعيه ناجحه ١٠٠/١٠٠ تقضي على الكورونا بالمهد، انا جاهز ان اسلمها لكبار علماء الطب لكي يفحصوها تلفون للاستفسار 972522878900 انا جاهز ان اعقد صفقه مع العالم كله لاخراجهم من الفيروس بالوصفه الطبيعيه ، مجربه على البشر وعلى الحيوان .	Neutral
3852	(الله يلعن ابو الكورونا اللي قفلت المساجد وحرمتنا من صلاة التراويح)  محمود... 35سنة ما بصلي غير على النبي لمن يشوف بنت حلوة  #الحظر_الكلي  #خليك_بالبيت	Neutral
3853	مول طاكسي لي جيت معاه ممسوقش، كاليا هادي غي سياسة مكينش هادشي، عييت نشرح ليه، بان ليا راسو قاسح وانا نسكت و بقا فيا الحال حيت معرض راسو الخطر، بحال هادو لي غيزيدو الإصابات ليحفظ #فيروس_كورونا #بقا_فدارك_باش_تحمي_بلادك #بقا_فدارك #المغرب #كورونا_المغرب	Neutral
3854	علاج الكورونا موجود منذ عهد رسول الله صلى الله عليه وسلم فقد قال (من قال بسم الله الذى لا يضر مع اسمه شئ فى الارض ولا فى السماء وهو السميع العليم لم يضره شئ حتى يمسى )	Neutral
3855	@KSAMOFA بفضل الله ثم ولاة امرنا اعزهم الله.  سيذهب وباء كورونا وسيذهب معه البلاء بإذن الله  الله يحميهم ويحمي مملكتنا الغاليه من كل مكروه. بلاد المسلمين واحفظنا بحفظك يارب العالمين استودعت الله نفس واهلي والمسلمين جميعاً ورجعنا بسلامة لاهلينا يارب. وحشتيني يا امي  مالي غيرك ربي يحميك😥	Neutral
3856	"لو مضطر تنزل  يبقي تاخد حذرك ومتنساش تقول الدعاء ده وانت خارج:  ""تحصنت بذي العزة والجبروت، واعتصمت برب الملكوت، وتوكلت علي الحي الذي لا يموت، اللهم اصرف عنا هذا الوباء وقنا شر الداء ونجِنا من الطاعون والبلاء بلطفك ومنِك وكرمك يا لطيف يا خبير، إنك على كل شيء قدير"" #كورونا_مصر"	Neutral
3857	#كورونا  مالي أرى الناس في رعب يؤرقهم          من الكرونا كأن الموت قد وصلا    يا خائفاً من لقاء الموت مرتعدا        هل يمنع الخوف أمرالله إن نزلا  الموت كأساً وحتما سوف نشربهُ        لا شك إنا سنرحل مثل من رحلا  فلا تموتوابداء الخوف وابتسموا        لا ينتهي العمر حتى نبلغ الأجلا	Neutral
3858	مالي أرى الناس في رُعبٍ يؤرقهم          من الكُورُونا كأن الموت قد وصلَا يا خائفاً من لقاء الموت مرتعداً        هل يمنع الخوف أمر الله إن نزلَا َالموت كأساًُ وحتماً سوف نشربهُ        لا شك إنّا سنرحلُ مثل من رحلَا فلا تموتوا بداء الخوف وابتسم لا ينتهي العمر حتى نَبلُغ الاجلا	Neutral
3859	منو يبي يروح سينما !؟ ويطلب ببكورن وبيبسي وناتشوز مع تشيز وهالبينو ويشوف فلم حلو مع جمعة حلوة 😍 يدعي الحين معاي يالله يارب يا حبيبي يالله أرفع هذا البلاء عن هذي البلاد وكل دول العالم يارب وأشفي كل المرضى وأحفظنا من كل شر وأغفرلنا خطايانا يالله وأبعد الوباء هذا كورونا عنا يارب 🤲🏻	Neutral
3860	#Free_the_detaines   🔴هل ارجعوا الأموال المنهوبة ولا مزال؟  🔴 القبايل قسموا البلاد ولا مزال؟  🔴 بوناطيرو لقا الدوا ولا مزال؟ 🔴 كورونا راحت في افريل ولا مزال؟ 🔴كليتو اللحم تاع ثمانيين الف ولا مزال؟ 🔴 داوكم اوروبا باش نفيزيتو و نشوفو نسبة الفقر ولا مزال؟.  https://t.co/GxCLmGXKrx	Neutral
3861	بوناطيرو لقالكم دوا ولا مازال الكورونا راحت في أفريل ولا مزال داوكم لأوروبا باش تفيزيتو وتشوفو الفقر ولا مازال كليتو لحم تاع 80 ألف ولا مازال أسترجعولكم الأموال المنهوبة ولا مازال دارولكم أونڨلي في بلاصت الفرونسي ولا مازال يادرا القبايل قسمو البلاد ولا مازال #حررو_المعتقلين	Neutral
3862	@KSA24 - الطوابير منظمة - مستشفيات متأهبة - شباب مسؤول و أعمال خيرية منتشرة - تضامن شعبي -القهاوي مسكرة - الملاعب فاضية -لا اختلاط لا مصافحة  - الكورونا ما جات تقتل جات تربي 👌🏻 (وعسى ان تكرهوا شيئا ويجعل الله فيه خيرا كثيرا)  انا متفأل   ياجماعة أن العواقب  طيبة	Neutral
3863	لكي لا تصاب بالجنون أو الاكتئاب من هذه الأحداث الغريبه المتصاعده، حافظ على أورادك وصلواتك ومناجاتك وثقتك بربك. #الاخبار_الحلوه #كورونا #فيروس_كورونا #رجاء_الجداوي	Neutral
3864	الوقاية ليسَت خير من العِلاج الوقاية إجبارية ، لأنه لا يوجد عِلاج 🙄 #كورونا	Neutral
3865	لتجنب الإصابة بفيروس كورونا.. 5 نصائح للسيدات عند استخدام أدوات المكياج  https://t.co/raRwlqiFaF	Neutral
3866	مواطن ينتقد في فيديو مصور تسيير المسؤولين لعملية توزيع البطاطا في #البليدة   #الجزائر #الحراك_الشعبي #كورونا #كوفيد_19 #ريح_في_دارك #اقعد_في_دارك #الحجر_المنزلي #الحجر_الصحي #Algérie #algeria #corona #covid_19 #confinement #blida  https://t.co/Fl1gKB6015	Neutral
3867	تخيل تبقى مستنى الكورونا تخلص وبعد م تخلص وتيجي تنزل ، تنزل ع دروس ٣ث.	Neutral
3868	#كورونا_المستجد  #الطب #كلنا_مسؤول  ببالغ الحزن والأسى   نتقدم  لأسرة الطبيب د. راجندار ناير (عاشق عمان) الذي توفي جراء الإصابة بفيروس #كورونا  وان يلهم أهله الصبر والسلوان. والذي كان يعمل في احدى المؤسسات الصحية الخاصه.  https://t.co/DcZQMulFwF	Neutral
3869	@SaudiNews50 يارب ان هذا الوباء انتشر بالعالم والأطباء يارب لم يجدو له علاج يارب انت رب الأطباء انت رب كل شي ومليكه ادفعه عنا يارب برحمتك ولطفك يارب واشفي المريض يارب احمي بلاد الحرمين وشعبها من هذا الوباء يارب وكل داء جنبنا يارب مصايب دنيا ونكدها حنا وسائر بلاد المسلمين يارب	Neutral
3870	أسأل الله العظيم رب العرش العظيم * أن يشافي ويعافي أخواننا * ارشيد ابو عبدالله التمياط و حمد علي شويش اللميع و عبدالرحمن مبارك الحضيري * بعد ثبوت اصابتهم بفايروس كورونا والان يحتاجون الدعاء منكم * لا تنسونهم من صالح دعائكم الله يشفيهم ويشفي جميع مرضى المسلمين يارب #الكويت	Neutral
3871	خبر مؤلم ، رحم الله فقيد الوطن / اسأل الله ان يتغمده برحمته ويلهم اهله وذويه الصبر والسلوان   إنا لله وإنا إليه راجعون  #فيروس_كورونا	Neutral
3872	متى يجب عليك غسل اليدين؟  #الوقاية_من_كورونا  https://t.co/bI7oivLUb5	Neutral
3873	"""بِسمِ اللهِ الذي لا يَضُرُّ مَعَ اسمِهِ شَيءٌ في الأرْضِ وَلا في السّماءِ وَهوَ السّميعُ العَليم"" (ثلاثَ مرَّاتٍ)  من قالها ثلاثاً إذا أصبح وثلاثاً إذا أمسى لم يضره شيء.   أخرجه أبو داود 4/323 والترمذي 5/465 وابن ماجه وأحمد. #علاج_كورونا #covid1948 #COVID"	Neutral
3874	@SWKUH3LEONgqTMQ #Algeria #COVID19DZ #CoronaVirusAlgeria  #الجزائر #كورونا_الجزائر  #فيروس_كورونا #كوفيد19  #الحجر_الصحي #وعينا_يحمينا  #اقعد_في_داركم #اقعد_في_دارك #ريح_في_دارك   إجراءات ضد فيروس كورونا عند العودة إلى المنزل.  https://t.co/qi6wzIiw2Q	Neutral
3875	@LiveWellMOH @SABIC إشاعة  البخور يقتل فايروس كورونا  . إشاعة الليمون علاج فعال لفايروس كورونا لا للإشاعات   #فوازير_عش_بصحة	Neutral
3876	إخفاء حسناتنا أشد علينا من أعمالنا .. فاللهم اغفر لنا ما قدمنا وما أخرنا وما أسررنا وما أعلنا وما أسرفنا وما أنت اعلم به منا انت المقدم والمؤخر لا إله إلا أنت . #رمضان_مبارك #كورونا  https://t.co/YeJ1GAVHLV	Neutral
3877	الجانب المشرق ل كوفيد19 1/نسبة وفيات الحوادث 0% 2/لا يوجد حروب ولا عمل إرهابي 3/الشوارع نظيفة و هادئة 4/مأكولات صحية شهية و متنوعة 5/السيارات مركونة للضرورة فقط 6/شعب مسالم خالي من العصبية 7/إنعدام التلوث البيئي 8/مستشفيات متأهبة لكل طارئ 9/شباب مسؤول وأعمال خيرية منتشرة #كورونا	Neutral
3878	تصبحون على خير  ابي مصلحتكم واعطيكم  نصائح لتجنب الاصابة بفيروس كورونا  https://t.co/acDTA9QVSN	Neutral
3879	ما هي #الكلبسيلا_الرئوية؟ وما الأمراض التي تسببها؟ الإجابة في الرابط:  https://t.co/gy4e2rsrrJ  #صحتك_في_رمضان #رمضان #السعودية #الامارات #قطر #COVID19 #الجزائر #فيروس_كورونا #خليك_في_البيت #Ramadan	Neutral
3880	#كورونا_اليوم_الجزائر  الحجر الصحي متواصل ! حافظوا على صحتكم و صحة عائلاتكم.  #a7miniCOVID19 #احمينيCOVID19 #كن_واعيا_واحم_عائلتك #أحميني_واقعد_في_دارك #فلنحم_نظامنا_الصحي  https://t.co/MYEJi0tW4g	Neutral
3881	@ittqz1 @12sfcb انشاءالله وقتها يروح الوباء	Neutral
3882	@Abdulmane @Abdulmane هذا اب عمره 50 عند عياله الان قبل كورونا كان فالسجن وبعد كورونا راح يرجع للسجن والله تكفووون همتكم خلونا نفرحه مع ليلة العيد هو وعياله ♥️♥️♥️ رقم الفاتورة : 197804931  https://t.co/oPmNTxjNC4	Neutral
3883	#فيروس_كورونا 🦠 الدولة تحب ولا تكره تمثلك وتمثلني، الدولة لي راهي تغلي على الناس؟ وهي ليراهي تحتكر فالسلعة في الأزمات و تستغل ضعف الزوالي.   #ريح_في_داركم 🏡 #COVID19dz ☣️ #الجزائر 🇩🇿  #وعينا_يحمينا 🗣 #الحجر_الصحي🧘‍♂️#كلنا_مسؤول ✊  #بيتك_حياتك 🚹 #حظر_التجوال_في_الجزائر 🚷	Neutral
3884	وزير الصحة د.باسل الصباح: إنا لله وإنا إليه راجعون، أعزّي نفسي وكل الزملاء بوفاة الأخ الدكتور طارق حسين مخيمر ، من أطباء الأنف والأذن والحنجرة في مستشفى زين متأثراً بمضاعفات #فيروس_كورونا المستجد.   رحمه الله وألهم أهله ومحبيه الصبر والسلوان.  https://t.co/I6sQnV7s9S	Neutral
3885	@SaudiMOH كورونا القديم له علاج ولا لا	Neutral
3886	كل عام وانتم بخير  العيد الأحد  ولا حد يسلم على أحد  ولاحد يروح عند  أحد  ولاحد يلوم احد  كورونا ما يرحم احد !!! #كورونا #Covid_19 #coronavirus	Neutral
3887	وزارة الصحة بمطار بيروت... معك كورونا ؟ لأ.. حلوف ؟ وحياة إمي..أوكي أهلا وسهلا فيك بلبنان 😂	Neutral
3888	التزموا بيوتكم جيشنا الأبيض يحارب ويعاني في صمت #وعينا_يحمينا #بيتك_حياتك #ريح_في_دارك #خليك_في_البيت #الحجر_المنزلي #الحجر_الصحي #فيروس_كورونا #كورونا  #Covid_19 #COVID2019 #coronavirus #StayAtHome #الحجر_الصحي_المنزلي #covid19dz #Algérie #الجزائر  https://t.co/nG6YPMlVWf	Neutral
3889	تعلن #وزارة_الصحة عن وفاة مقيم مصاب بمرض كورونا #كوفيد١٩ ويبلغ من العمر ستة وستون عاماً ليبلغ عدد الوفيات من هذا المرض #بالسلطنة خمس عشرة وفاة. وتتقدم #وزارة_الصحة إلى ذوي الفقيد بخالص العزاء والمواساة سائلة الله سبحانه أن يلهم أهله وذويه الصبر والسلوان  https://t.co/bSaiyIKucC	Neutral
3890	⠀  اللهم خفف عني ثقل هذه الأيام وازرقني قوة الصبر واشرح صدري وأنزع منه ما استثقلته نفسي وأرح قلبي وارزقني فأنت اعلم بما تحتاجه نفسي♥️.  ⠀#درع_الربيع #دعاء #كورونا_لبنان #نتنياهو #دياب	Neutral
3891	#الوقايه_من_فايروس_كورونا    متى يجب لبس الكمامة؟ 👇🏼  https://t.co/VxRDoQokTL	Neutral
3892	كورونا 🇺🇸 : سنموت جميعًا 🇮🇹 : لا يمكننا النجاة 🇬🇧 : ودعوا احبابكم 🇸🇦 : وين شحنتي ماوصلت  عايشين رغم الظروف	Neutral
3893	"لو مضطر تنزل وتتعامل اليومين دول يبقي تاخد حذرك ومتنساش تقول الدعاء ده وانت خارج: ""تحصنت بذي العزة والجبروت، واعتصمت برب الملكوت، وتوكلت علي الحي الذي لا يموت، اللهم اصرف عنا هذا الوباء وقنا شر الداء ونجِنا من الكورونا والبلاء بلطفك ومنِك وكرمك يا لطيف يا خبير، إنك على كل شئ قدير"	Neutral
3894	@memefh ان شاء الله يروح الوباء ويجون 😔😔😔	Neutral
3895	#نصائح للمسافرين لتجنب الإصابة بـ #فيروس_كورونا القاتل #صحتك_تهمنا التفاصيل:  https://t.co/wtvb9evF6N  https://t.co/TZswmhSGnr	Neutral
3896	ما هي أماكن انتقال عدوى #كورونا؟  تعرف في الرابط:  https://t.co/yaT8Z6Teu6   #صحتك #قطر #السعودية #البحرين #الكويت #الجزائر #الأردن #كوفيد19 #كوفيد_19 #فيروس_كورونا	Neutral
3897	مالي ارى الناس في رُعبٍ يؤرقهم      من الكُورُونا كأن الموت قد وصلَا يا خائفاًمن لقاء الموت مرتعداً       هل يمنع الخوف أمرالله إن نزلَا َالموت كأساًُوحتماًسوف نشربهُ      لا شك إنّا سنرحلُ مثل من رحلَا فلا تموتوا بداء الخوف وابتسموا     لا ينتهي العمر حتى نَبلُغ الأجـــلا	Neutral
3898	#عمان_تواجه_كورونا  وتضيـقُ دُنيانـا فنحسَـبُ أنَّنـا سنَموتُ يأساً أو نَموتُ نَحيبـا  وإذا بلُطـفِ الَّلـهِ يَهطُـلُ فجـأةً يُربي منَ اليبَسِ الفُتاتِ قُلوبـا	Neutral
3899	الوضع بدأ يخرج عن السيطرة في الجزائر  4 حالات وفاة و48 حالة إصابة مؤكدة بفيروس كورونا  #ريح_في_داركم #حالة_طوارئ_يا_تبون  #فيروس_كورونا  #كورونا	Neutral
3900	متى يجب لبس الكمامة ؟ #الوقايه_من_كورونا  #مدارس_المنهل  @Media_M_E @moe_gov_sa  https://t.co/t1uz49We84	Neutral
3901	في كل الأمراض الوقاية خير من العلاج إلا الكورونا الوقاية فقط لا يوجد علاج	Neutral
3902	إنا لله وإنا إليه راجعون  انتقل إلى رحمة الله أخونا وزميلنا في مدرسة عبادة بن الصامت الابتدائية بالخرج الأستاذ/ حسن الكعبي (رحمه الله)  اللهم اغفر له وارحمه وعافه واعف عنه وأكرم نزله... اللهم أرزق أهله وذويه الصبر والسلوان.  #ناصر #خلوكم_قريبن #كورونا #الخطوط_السعودية #الكويت	Neutral
3903	"#فيروس_كورونا 🦠 كورونا ضد ""الإسلاموفوبيا"".. إذاعات #أجنبيه تبث الصلوات وأذان تقريبا في أنحاء #العالم 🌎  #ريح_في_داركم 🏡 #COVID19dz ☣️ #الجزائر 🇩🇿  #وعينا_يحمينا 🗣 #الحجر_الصحي🧘‍♂️#كلنا_مسؤول ✊  #بيتك_حياتك 🚹 #حظر_التجوال_في_الجزائر 🚷"	Neutral
3904	@Wpy8PvCwo5QEFX9 الله يشفيه لا تقلق حسب متابعتي   يؤكد الأطباء في نيويورك أنه يمكن للجسم ذي المناعة القوية التغلب على الإصابة الخفيفة بفيروس كورونا،حتى دون تناول أي أدوية أو تلقي أي علاج  ولتقوية جهازك المناعي في مواجهة الوباء، ينصح الأطباء بتناول الحمضيات واللوز والثوم والبروكلي والكركم والزبادي	Neutral
3905	5 إرشادات هامة لتجنب الإصابة بفيروس «كورونا»  https://t.co/4MYSHHTw1z  https://t.co/LkquznqX1B	Neutral
3906	الحكمة من إنه أول يوم العيد حظر بس للسيارات هو عنصر المفاجأة!   الفيروس بكون لابس أواعي العيد ورايح يعيد على خواته بالمحافظات،فمش رح يلقى سيارة يطلع فيها،فيضطر يروح مشي،هون رح يتعب ويبيت عند دار أخته،مش رح يصحى ثاني يوم احنا بنتحرك بالسيارات ثاني يوم ع نظافة. #وليد_عليمات #الأردن	Neutral
3907	الحين كورونا لقيو له علاج ولا لا ؟؟.  #كورونا	Neutral
3908	مقال في الصحافة الفرنسية : لا خوف على المنقبات لأنّهن الأقل عُرضة لفيروس كورونا. حيث أنهنّ لا يتبادلن القُبل للتحية أو يصافحون بالأيدي أو الأحضان وفوق ذلك كل جسدهن مستور وهي النصائح التي أطلقتها المتخصصون لتفادي العدوى.  لماذا تحاربون النقاب لوقت الشدة اغمد سيفك يا عباس..  https://t.co/CNjhJS5tbk	Neutral
3909	*- تضامن شعبي* *- الحوادث خفت* *- الملاعب فاضية* *- القهاوي مسكرة* *- الطوابير منظمة* *- السيارات مصفوفة* *- تلوث بيئي منخفض* *- مستشفيات متأهبة* *-لا اختلاط لا مصافحة* #كورونا #Corona #ملتزمون_ياوطن #خلك_فالبيت #خلك_في_البيت	Neutral
3910	للوقاية من الإصابة بفيروس كورونا : غسل اليدين باستمرار بالماء والصابون أو استعمال مطهر الأيدي المحتوي على الكحول . عندما تكح أو تعطس لا تضع يدك على فمك أو أنفك ولكن يمكنك استخدام المحارم والتي يجب رميها بنفس الوقت وعدم الاحتفاظ بها . ابتعد عن كل شخص لديه كحة وحرارة . يجب طبخ ١	Neutral
3911	#الصحة_العالمية  سلامتنا سعادتنا وغايتنا الامان لكم لأنكم أنتم أغلى ما نملك نسأل الله الأمن والسلامة   سجل وانشر عروضك مجانا بدون عمولة  سلامتنا  https://t.co/RTTMA31gCp اللاما قد تحمل مفتاح خلاص البشرية من فيروس كورونا  https://t.co/s2D3woOdwd  https://t.co/BTLa2F5n9r	Neutral
3912	@sabqorg اذا جاء قدر لا مفر من كورونا	Neutral
3913	بعض طرق الوقاية من مرض الكورونا :  - غسل اليدين باستمرار بالماء والصابون - تجنب لمس العينين أو الفم في حال عدم القدرة على غسل اليدين - تجنب الأماكن المزدحمة نسبياً ولبس القناع الطبي عند الضرورة - تجنب التعامل مع مرضى الكورونا - إذا شعرت بأعراض المرض يجب الذهاب للطبيب فوراً	Neutral
3914	الكمامة لا تحتاجها في كل وقت.. هل تعرف متى يجب عليك لبسها ؟  #كورونا #تعليم_مكه  https://t.co/RvS1Jg5Gvz	Neutral
3915	#Algeria #COVID19DZ #CoronaVirusAlgeria  #الجزائر #كورونا_الجزائر  #فيروس_كورونا #كوفيد19   #الحجر_الصحي #وعينا_يحمينا  #اقعد_في_داركم #اقعد_في_دارك   وجهها جراد للوزراء والولاة  الحكومة تصدر 4 قرارات جديدة حول تطبيق الحجر الصحي  https://t.co/mG7HSUs99i	Neutral
3916	اتقدم بأحر التعازي وأصدق المواساة للاخ الشيخ فتح على محمد دبايه  وجميع الاصدقاء في عزلة دباية  بوافاه الاخ همام دبايه الذي وافته المنية اليوم في المدينة المنورة  اثر اصابته بجائحة الكورونا أسال الله العلي القدير  ان يتغمده بواسع رحمته وان يلهم اهله الصبر والسلوان  https://t.co/QlDTX6ArHR	Neutral
3917	الشعب طول اليوم في الشوارع وباليل يروح يشوف نتايج الكورونا فاكرينها انتخابات !!	Neutral
3918	نطالب بتعليق الرحلات إلا الضرورية من وإلى الجزائر مع كل الدول التي مؤكد وجود فيروس كورونا بها وخاصة فرنسا التي تأكد أن حالات مصابة كانت قد نقلت العدوى منها لكن حسب علمنا الرحلات لازالت لم تتوقف منها وإليها.	Neutral
3919	الشعب طول النهار في الشوارع وبالليل يروح يشوف نتائج الكورونا   فاكرنها انتخابات	Neutral
3920	والله الواحد مبقاش عارف ده دور برد عادي ولا كورونا	Neutral
3921	متى يجب لبس الكمامة؟  #الوقاية_من_كورونا #كلنا_مسؤولون  https://t.co/WFYXIBHgFx	Neutral
3922	تسجيل أول اصابة بفيروس كورونا في الجزائر من رعية ايطالي دخل البلاد 17فيفري المنصرم كان الاجدر تعليق دخول الطائرات من البلدان التي ظهر فيها الفيروس او تشديد الرقابه على الجهات الوصية استدعاء ركاب الطائرة مخافة اصابتهم  اللهم احفظنا #كورونا_الجديد  #الجزائرْ	Neutral
3923	فيروس الكورونا ما بتروح المولات ولا الأسواق ولا بركب مواصلات ولا بصيب الممثلين ... الفيروس هاد بحب يروح الجيم ويصلي بدور العبادة ... باختصار الفيروس هاد رياضي متدين ملتزم  من المسجد للتمرين ومن التمرين للمسجد 🙄	Neutral
3924	"انا من يوم ما قالوا المسؤولين عن إدارة الأزمة إنو الإتكال على ""وعي المواطن اللبناني""، ساعتها عرفت إنو فتنا بالحيط فوة بنت كلب! 😅 #لا_داعي_للهلع #انضبوا_بالبيت #بلغ_السيل_الزبى #كورونا_لبنان #خليك_بالبيت #سنموت_بعد_قليل"	Neutral
3925	تعرف على أعراض فيروس كورونا الجديد.. أكثر من 250 إصابة خارج الصين  https://t.co/vmmAiD4I53 تنصح منظمة الصحة العالمية، بارتداء الكمامات الطبية لتفادي الإصابة بالمرض، وغسل الأيدي بانتظام وتجنب التواصل القريب مع أي من المصابين بارتفاع في درجة الحرارة والسعال. #أخبارالصحة  https://t.co/6SN0G9vvSi	Neutral
3926	اللهم إنا نسألك باسمك الأعظم الذي إذا دعيت به أجبت وإذا سئلت به أعطيت وبأسمائك الحُسنى كلها ما علمنا منها وما لم نعلم أن تحفظ بلادنا وسائر بلاد المسلمين من شر هذا الوباء الذي هو بلاء وأن تجعله بردا 🤲❤  مساء الخير 🌹  مدينة عنابة 🇩🇿 #الجزائر  https://t.co/S8xqwiZQXF	Neutral
3927	ياجماعة وقت الهزار خلص😷 الفيروس بيتنقل عن طريق الفلوس💵 نناشد كل التجار انها تبيع ( شـــُـكك ) لحد ما نشوف الكورونا دا اخرته ايه؟	Neutral
3928	مالي ارى الناس في رُعبٍ يؤرقهم      من الكورونا كأن الموت قد وصلَ  يا خائفاً من لقاء الموت مرتعداً*       هل يمنع الخوف أمر الله إن نزلَ  َالموت كأساًُ وحتماً سوف نشربهُ*        لا شك إنّا سنرحلُ مثل من رحلَ  فلا تموتوا بداء الخوف وابتسموا       لاينتهي العمر حتى نَبلُـغ الاجلَ.	Neutral
3929	ماذا يجب عليك أن تعرفه عن الكمامة القماشية؟ بناءً على تعليمات وزارة الصحة، يجب لبس الكمامة القماشية دائماً عند الخروج من البيت، وعند الذهاب للأماكن العامة. للمزيد من المعلومات قم بزيارة  https://t.co/y45QRYA1FT #كلنا_مسؤول #الوقايه_من_كورونا @SaudiMOH  https://t.co/ksqpFIUYVd	Neutral
3930	إنا لله و إنا إليه راجعون . توفي إمس الخميس  ياسر صالح ماطر العويري في العاصمة صنعاء اثر اصابته بفيروس #كورونا . رحمه الله والهم اهله و ذويه الصبر والسلوان	Neutral
3931	@NivoDoc الواحد مبقاش عارف إللي عنده ده دور برد ولا كورونا ولا ايه بالظبط	Neutral
3932	«الهياس» طبيب إماراتي يواجه «#كورونا» بـ 10 ساعات عمل يومياً .  #رؤية_الإمارات #عين_في_كل_مكان #كورونا #الجميع_مسؤول_عن_الجميع #معاً_قادرين #خلك_في_البيت #لا_تشلون_هم #ملتزمون_يا_وطن #عطاء_في_عملي_وسلامه_في_بيتي  https://t.co/TIovM2vY07	Neutral
3933	يـعـــز مــن يــشــــاء و لاراد لفضل الـلـــه من شكر الله على نعمه زاده الله من فضله #الإمارات #لا_تشلون_هم #علاج_كورونا  #محمد_بن_زايد #كورونا #كوفيد_19 #الإمارات_وطن_الإنسانية  #مركز_الخلايا_الجذعية_الإماراتي  #الامارات_تطور_علاج_كورونا #الحمدلله_على_نعمة_الامارات  https://t.co/QQY8iXgNgF	Neutral
3934	🔴الحجر الصحي على الافراد ... و ليس على #السميد  #ريح_في_دارك #coronavirusalgerie #كورونا #Algeria #COVIDー19 #فيروس_كورونا #StayAtHome #اقعد_في_دارك #الكورونا #coronavirus	Neutral
3935	بعض الناس : قالولهم ممنوع التجمعات  قالو : لا عادي نحن أهل  كورونا : اهاا خلاص ما جيكم دامكم اهل 🙂	Neutral
3936	#فوازير_عش_بصحة الحمدلله رب العالمين. @Qq_itocv9  @Qq_itocv9  إشاعة ❌❌❌ البخور يقتل فايروس كورونا  إشاعة❌❌❌ الليمون علاج فعال لفايروس كورونا  لا للإشاعات  وخذ العلم من وزارة الصحة وجهة الاختصاص . .. . #فوازير_عش_بصحة	Neutral
3937	علاج مبتكر لفيروس #كورونا طوره #مركز_الخلايا_الجذعية_الإماراتي  عمار يادار زايد عمار يا دار حكمها #خليفة  #بوخالد_الغذاء_والدواء_خط_احمر #لا_تشلون_هم #محمد_بن_زايد_عزنا_وفخرنا  https://t.co/gw5yszkFZR	Neutral
3938	بينان كورونا اليوم الثلاثاء 7 مارس 2020 سجلت الولايات المتحدة وفرنسا كل منهما أكثر من 1400 حالة وفاة في ال24 السابقة اقتربت إسبانيا من ال14 ألف حالة وفاة وإيطاليا 17 ألف  الإمارات هي الثانية عربيا بعد السعودية في عدد الإصابات 2,359 ومصر الثانية عربيا في عدد الوفيات بعد الجزائر  https://t.co/FtIGPkGjn4	Neutral
3939	@Akpartiarabic @rterdogan_ar السلام عليكم ورحمة الله أنا مواطن جزائري من فضلكم قومو بالإتصال بالفريق الطبي الجزائري العراقي الذي أنتج دواء مضاد لفيروس كورونا للأسف حكومتنا البشعة تماطل وطلبت منهم ملف! والفيروس يحصد الموتى كل يوم أملنا أن يتم إستخدام هذا الدواء لعلاج المرضى سأترك لكم رابط الطبيب العراقي	Neutral
3940	-اجراءات من مطار بيروت ! -معك كورونا ؟ -لا -حلوف -وحياة امي -أهلا وسهلا نورت لبنان	Neutral
3941	"#فك_الحظر  سلامتنا سعادتنا وغايتنا الامان لكم لأنكم أنتم أغلى ما نملك نسأل الله الأمن والسلامة  سجل وانشر عروضك مجانا بدون عمولة  سلامتنا  https://t.co/RTTMA2JFdP ""كورونا مصنوع وليس طبيعيا"".. أطباء يراجعون تحليلاتهم السابقة  https://t.co/gC1tSAeaex  https://t.co/dKrPRBD87m"	Neutral
3942	اللهم بشرنا بزوال #فيروس_كورونا وارفع عنّا البلاء .. وطهر الأرض منه واشفي مرضانا ومرضى المسلمين والعالم اجمعين ..  اللهم قلت وقولك الحق وما كان الله معذبهم وهم يستغفرون .. أكثروا من الإستغفار ..  اللهم إنا نستغفرك ونتوب إليك من جميع الذنوب والخطايا..  اللهم صل وسلم على نبينا محمد  https://t.co/x2Lpe1hkLV	Neutral
3943	@_voow وين كورونا طيب ماكتشفوا له علاج لا قبل ولا الحين	Neutral
3944	أول شهيد  للواجب من الاطباء فى مصر   انا لله وانا اليه راجعون ربنا يرحمه ويغفر له ويسكنه فسيح جناته ويلهم أهله وذويه الصبر والسلوان  ا. د احمد اللواح من بورسعيد .. استاذ  ورئيس قسم التحاليل الطبية بجامعة الأزهر ..  في ذمة الله بمستشفى العزل بالاسماعيلية بعد إصابته بفيروس كورونا  https://t.co/WTwBhyoy3G	Neutral
3945	#عيد_الفطر_المبارك  #فرجت  #الحظر_الشامل  @aahm007  @ben_aon  @KhalidAboRashed    هذا اب عمره 50 عند عياله الان قبل كورونا كان فالسجن وبعد كورونا راح يرجع للسجن والله تكفووون همتكم خلونا نفرحه مع ليلة العيد هو وعياله ♥️♥️♥️ رقم الفاتورة : 197804931  https://t.co/Zcf4CwOG5z	Neutral
3946	الغاشي يخرج يدور نهار كامل،والعشية يروح يشوف نسبة الاصابات من الكورونا حاسبينها انتخابات واقيلا😕	Neutral
3947	هيدي سابقة من ٣٠ سنة بكون ليلة السبت قاعد بالبيت و ما عليي حرارة! 😅  #انضبوا_بالبيت #انقبر_انضب_بالبيت #خليك_بالبيت #سنموت_بعد_قليل #كورونا_لبنان #لا_داعي_للهلع	Neutral
3948	يعني جبران و #كورونا ببلد واحد  #سنموت_بعد_قليل #لبنان	Neutral
3949	@News_Ejazah افضل حل للازمه إلي حنا فيها هو إلغاء الترم خاصه أن عدد المصابين بفايروس كورونا في تزايد و البعض ما عنده اجهزه كافيه أو ما عنده مصاريف للنت  فا أفضل حل لجميع الحالتين : إلغاء هذا الترم و اعتماد درجات الفصل الأول .	Neutral
3950	اذا فهمانين #خليك_بالبيت هيك ، ومصدقين  انو #لا_داعي_للهلع وانو #كورونا_لبنان ما بيعدي ، بحب خبركم #سنموت_بعد_قليل #بس_هيك  https://t.co/bOwYKpDNOR	Neutral
3951	"وزيرة الصحة توجه نصائح هامة جدا للمواطنين لتجنب الإصابة بـ""كورونا"" #كورونا   https://t.co/6S2jtZGNX6 عبر @YouTube"	Neutral
3952	علاج #فيروس_كرونا    قال رسول الله( من قال : بسم الله الذي لا يضر مع اسمه شيء في الأرض ولا في السماء وهو السميع العليم ثلاث مرات لم تصبه فجأة بلاء حتى يصبح ومن قالها حين يصبح ثلاث مرات لم تصبه فجأة بلاء حتى يمسي) #كورونا	Neutral
3953	اللهم بقدرتك تجعل اشئ(كن فيكون)  اللهم في اخر الجمعه من شعبان اللهم بشرنا بزوال هذا الوباءّ، وأرفع عنا هذا الإبتلاءّ، وطهَر الأرض منه، واجعلنا نصوم رمضان ونحن في امان وعافيه حنا في وجهك يالله  #يوم_الجمعه #الملكة_نور  https://t.co/VkXgVeQSAf	Neutral
3954	معقول الكورونا يفوت على مجلس النواب؟ ولا الحرس بيمنعوه؟       #كورونا #سنموت_بعد_قليل #لا_داعي_للهلع	Neutral
3955	@Homs_dream ان شاءالله يروح الوباء وترجع الحياه والازدحام🙏🏽	Neutral
3956	تخيل تبقي مستنى الكورونا تخلص وبعد م تخلص وتيجي تنزل تنزل ع دروس ٣ث.	Neutral
3957	"كورونا ومعقمات الأيدي.. ""تحذير"" في أوانه التفاصيل في الرابط https://t.co/tZkj2PQXcZ #YEMEN #اليمن حذر أطباء يابانيون من أن استخدام معقمات الأيدي القائمة على الكحول لا يحمي من خطر الإصابة بفيروس كورونا، كونها تزيل البكتيريا النافعة التي تلطف الجلد وتصد مسببات الأم…"	Neutral
3958	الشعب طول اليوم بالشوارع وبالليل يروح يشوف نتايج الكورونا......!!!!!!	Neutral
3959	انا لله وانا اليه راجعون  توفي ابو بكر محمد الشاب الخلوق المحبوب من الجميع ممرض بالمستشفي الجامعي متأثر بعدوي من مريض (مش كورونا)  نسال الله ان يتقبله بالرحمه والمفغره ويسكنه فسيح جناته وان يلهم اهله الصبر والسلوان🤲🤲🙏🙏  https://t.co/6DM56xaWfK	Neutral
3960	⭕ 54 حالة مؤكدة في الجزائر #فيروس_كورونا #COVIDー19 #اقعد_في_داركم #حالة_الطوارئ_يا_تبون	Neutral
3961	مالي ارى الناس في رعب يؤرقهم من الكورونا كأن الموت قد وصل يا خائفاً من لقاء الموت مرتعداً هل يمنع الخوف أمر الله  إن نزلَ الموت كأساًُ وحتماً سوف نشربهُ لا شك إنّا سنرحلُ مثل من رحلَ فلا تموتوا بداء الخوف وابتسموا لا ينتهي العمر حتى نَبلُغ الاجلَ	Neutral
3962	لتجنب الإصابة بفايروس كورونا : ١- تجنب الامامن المزدحمة مثل مكان العمل. ٢- تجنب الذهاب لمشاوير مالها داعي مثل الذهاب الي العمل. ٣- تحنب الاقتراب من الناس في الاماكن المغلقة مثل مكان العمل. و اسأل الله الصحة و العافية و الوقاية لي و لكم احبتي 💙	Neutral
3963	راني نستنى يتبرع ربراب ب60 مليار لمحاربة وباء  الكورونا في الجزائر  كيما  تبرع للكنيسة تاع فرنسا كي تحرقت. #كورونا	Neutral
3964	مبقاش فارق معايا ترجع حياتنا الطبيعية امته قد ان ربنا ميوجعش قلبي على حد من حبايبنا فاللهم بلغنا نهاية أزمة الكورونا لا فاقدين ولا مفقودين يارب..	Neutral
3965	@NACER544 كورونا ليست وباء فقط بل مدرسة، علينا ان تعلم دروسها، حرصا على البشرية، وعلى حياتنا، ولعلها أكثر من علمنا أن أمر الله يطال العامة والخاصة، وأنه لا مفر منه.🌱	Neutral
3966	مالي أرى الناس في رُعبٍ يؤرقهم          من الكُورُونا كأن الموت قد وصلَا يا خائفاً من لقاء الموت مرتعداًيملمك  هل يمنع الخوف أمر الله إن نزلَا َالموت كأساًُ وحتماً سوف نشربهُ     لا شك إنّا سنرحلُ مثل من رحلَا فلا تموتوا بداء الخوف وابتسموا  لا ينتهي العمر حتى نَبلُغ الأجـــلا	Neutral
3967	@MalakQ8U مساء النور دكتورة  أعلم بعدم دقة الفحص وسبق ان تكلمنا عنه  لكن الخطأ هو ان تعطيهم ورقة رسمية من الدولة وعليها ختم تأكد خلوهم من الفيروس !  الأولى إن كانت ترغب في ان تعطيهم مثل هذة الشهادة ان يكون فحص PCR أو لا تعطيهم شهادة من الأساس وتطلب من دولهم فحصهم  لا نريد ان نفقد مصداقيتنا	Neutral
3968	اجراءات وزارة الصحة عالمطار : معك كورونا ؟ لا  حلوف  وحياة امي اوك اهلا وسهلا نورت لبنان #العهد_اكبر_كورونا #ونحنا_jhonniewalker_رايحين_كوما	Neutral
3969	#فيروس_كورونا  اللهم خفّف عنّا ثقل هذه الأيام ، وارزقنا قوّة الصبر، واشرح صدورنا ، وانزع منّا ما إستثقلته أنفسنا وأرح قلوبنا يارب .	Neutral
3970	🔴-طوابير منظمة 🔴-مستشفيات متأهبة  🔴-اطقم طبية منظبطة و مستعدة  🔴-شباب مسؤول و اعمال خيرية منتشرة  🔴-تضامن شعبي  🔴-ملاعب فارغة  🔴-نقص الالفاظ البذيئة  🔴-مساواة بين الفقراء و الاغنياء  🔴-لا اخزتلاط لا تقبيل لا مصافحة.......  🔴#كورونا لم تأت لتقتل فقط بل نظمت مجتمع	Neutral
3971	#ليلة_القدر  سلامتنا سعادتنا وغايتنا الامان لكم لأنكم أنتم أغلى ما نملك نسأل الله الأمن والسلامة  سجل وانشر عروضك مجانا بدون عمولة  سلامتنا  https://t.co/RTTMA31gCp ما أعراض كورونا عند الأطفال والرضع؟ وكيف نحميهم منه؟  https://t.co/Qu3bUPuYOu  https://t.co/qPR8zp6Wit	Neutral
3972	نشعر بالفخر بالإنجاز الذي حققه مركز أبوظبي للخلايا الجذعية ونجاحه في تطوير علاج بالخلايا الجذعية لفيروس #كورونا المستجد #كوفيد_19.. إنجاز جديد لهذا الوطن الشامخ الذي لا يعرف المستحيل  #الامارات_تطور_علاج_كورونا  https://t.co/z8Cn1ETHfX	Neutral
3973	غدا اول ايام شهر شعبان اللهم لا يأتى شهر رمضان إلا وقد أزلت عنا الوباء والبلاء و الغلاء، اللهم بارك لنا في شعبان وبلغنا رمضان وأكرمنا بصيامه وقيامه. اللهم اكشف عنا البلاء والوباء في #الجزائر وبلاد #العرب وسائر بلاد #المسلمين🙏🙏 💜💙💚💛🧡 #شهر_شعبان💙💙  https://t.co/hIwZSyFYMc	Neutral
3974	مالي ارى الناس في رُعبٍ يؤرقهم   من الكورونا كأن الموت قد وصلَ        يا خائفاً من لقاء الموت مرتعداً هل يمنع الخوف أمر الله  إن نزل  َالموت كأساًُ وحتماً سوف نشربهُ لا شك إنّا سنرحلُ مثل من رحل  فلا تموتوا بداء الخوف وابتسمو لا ينتهي الـــعمر حتى نَبلُـغ الاجل   #كورونا_الكويت	Neutral
3975	#أطباء يحذرون من #الزيارات العائلية ويشددون على ارتداء #الكمامة .  #رؤية_الإمارات #عين_في_كل_مكان #كورونا #الجميع_مسؤول_عن_الجميع #معاً_قادرين #خلك_في_البيت  #لا_تشلون_هم #ملتزمون_يا_وطن #عطاء_في_عملي_وسلامه_في_بيتي  https://t.co/m1HsQ0Vss3	Neutral
3976	"#فيروس_كورونا_الجديد اللهم بشرنا بزوال هذا الوباء وارفع عنّا هذا الإبتلاء  وطهر الأرض منه واشفي مرضانا ومرضى المسلمين اجمعين إنك الغفور الرحيم  اللهم إنك قلت وقولك الحق ""وما كان الله معذبهم وهم يستغفرون""  اللهم إنا نستغفرك ونتوب اليك من كل ذنب وخطيئة ونعود اليك عوداً جميلاً"	Neutral
3977	تخيل تبقاا مستنى الكورونا تخلص وبعد م تخلص وتيجى تنزل،تنزل ع دروس 3ث🌚✅	Neutral
3978	@jnn_33 @roro_757 @7_mutlaq @SaudiNews50 الله يكفينا شر هذا الوباء حنا وجميع مسلم يارب	Neutral
3979	حنا وبفضل الله قاعدين نصوم بعض أيام شعبان إتباع لسنة نبينا محمد صل الله عليه وسلم ونسأله سبحانه القبول وأن يوفقنا لصيام شهر رمضان وجميع المسلمين ونحن في أحسن حال اللهم بارك لنا ما تبقا من شعبان وبلغنا رمضان وأنت راضي عنا وكاشف عنا هذا الوباء #هل_نفطر_رمضان_seha2all	Neutral
3980	اللهم بشرنا بزوال هذا الوباء وارفع عنا هذا الإبتلاء وطهر الأرض منه واشف مرضانا ومرضى العالم أجمعين إنك الغفور الرحيم... اللهم قلت وقولك الحق وما كان الله معذبهم وهم يستغفرون... فاللهم نستغفرك ونتوب إليك من جميع الذنوب والخطايا #كوفيد_19	Neutral
3981	متى يجب لبس الكمامة وطريقة لبسها الصحيحة #الوقايه_من_كورونا  https://t.co/pfeuj3lo20	Neutral
3982	لتجنب الأصابة بفايروس الكورونا   1- تجنب الأماكن المزدحمة مثل مكان العمل   2- تجنب الذهاب للمشاوير اللي مالها داعي مثل الذهاب الى العمل   3- تجنب الأقتراب من الناس في الاماكن المغلقة مثل مكان العمل                          ودمتم سالمين ☺️	Neutral
3983	ارجوكم ساعدوني ولو بالقليل في تسديد ديوننا زوجي بالسجن رقم الفاتوره 2012820324 الله يحفظكم ويرزقكم يارب توفق الى يساهم في السداد  المبلغ 173.000ريال  #سنُاب_شُات #نُصايح_لُتفادي_كُورونا  https://t.co/bnxUKmUNg9	Neutral
3984	العيد الأحد..لااحد يروح عند أحد ..ولااحد يسلم على أحد ولااحد يلوم أحد...فيروس كورونا ما يرحم أحد	Neutral
3985	إنا لله وإنا إليه راجعون  انتقل الى رحمة الله الاستاذ مساعد بن مانع الغامدي مشرف توجيه وارشاد متقاعد من تعليم جدة  بعد معاناة مع المرض بسبب كورونا نسال الله له المغفرة والرحمه وأن يسكنه الفردوس الاعلى كما نسأل الله أن يلهم أهله ومحبيه الصبر والسلوان . #تعليم_جدة #كورونا_الجديد	Neutral
3986	يبحثون عن علاج فيروس كورونا وعجز الطب عن العلاج  والرسول صل  الله عليه وسلم  يقول من صلي الفجر في جماعة فهو ذمة الله حتي يمسي ..امان ووقاية  من قال حين يصبح🌹  ثلاث مرات(بسم الله الذي لا يضر مع اسمه شيء في الارض ولا فى السماء وهو السميع العليم  لم يضره شيء حتي يمسي)🌹 #صلاه_الفجر	Neutral
3987	"الموضوع مبقاش يحتمل اي نوع من الاستخفاف،الزموا بيوتكوا يجماعه ""اللهم اني تحصنت بذي العزة، واعتصمت برب الملكوت، وتوكلت على الحي الذي لا يموت، اللهم اصرف عنا الوباء، بلطفك يا لطيف، إنك على كل شيء قدير""، 💙  https://t.co/VjePxSpwDz"	Neutral
3988	قالوا لهم: اقعدوا في بيوتكم ممنوع التجمعات قالو: لاعادي حنّا أهل كورونا: اهاا خلاص ماجيكم دامكم أهل	Neutral
3989	#فيروس_كورونا اللهم الطف بعبادك ما اصابهم اللهم ان كان وباء فعافنا منه واشفنا منه واصرفه عنا وان كان ابتلاء فارزقنا والهمنا الصبر يا ارحم الراحمين	Neutral
3990	احر التعازي لكابتن الطائره يوسف العنزي الوطني المحترم🌺 بوفاة والدته وهوفي المهمه الرسميه الوطنيه بتوجهه للصين لاستلام المعدات الطبيه لعلاج فايروس كورونا رحمة الله عليه واسكنها فسيح جناته ان شاءالله ..والهمهم الصبر والسلوان  وعظم الله اجرهم واحسن الله عزاهم🙏🏻	Neutral
3991	🇳🇱الرئيس الفرنسي في زيارة لمختبرات البحث عن لقاح كورونا و المفاجأة لما سأل الباحثين عن جنسياتهم كلهم غير فرنسيين من:  (مالي - الجزائر- لبنان-السنغال) و غيرها من الدول ٠ 😀‼️  https://t.co/V36A5RnLIn	Neutral
3992	كن صـــريــح...!! 🤨                 نسبة إلتزامك بـ #الحجر_الصحي المنزلي   #ريح_في_داركم 🏡  #COVID19dz  #الجزائر 🇩🇿 #فيروس_كورونا☣️ #وعينا_يحمينا  #كلنا_مسؤول #بيتك_حياتك #حظر_التجوال_في_الجزائر	Neutral
3993	"""الله يلعن ابو الكورونا اللي قفلت المساجد وحرمتنا من صلاة التراويح "" ابرام .. 21 سنة مش بيصلي غير على النبي لما يشوف بنت حلوه"	Neutral
3994	#فايروس_كورونا اللهم بشرنا بزوال هذا الوباء وارفع عنّا هذا الابتلاء   وطهر الأرض منه واشفي مرضانا ومرضى   العالم اجمعين إنك الغفور الرحيم   اللهم   قلت وقولك الحق وما كان الله معذبهم وهم يستغفرون   فاللهم نستغفرك ونتوب إليك من جميع الذنوب أستغفر_الله_وأتوب_إليه	Neutral
3995	شوارع نظيفة و هادئة وبيوت معقمة  نساء ماكثات بالبيوت  ماكولات شهية و متنوعة مستشفيات متأهبة  أطقم طبية منظبطة و مستعدة  شباب مسؤول و أعمال خيرية منتشرة تضامن شعبي  لا اختلاط لا تقبيل لا مصافحة. الكورونا ماجات تقتل جات لتربي العالم  بأكمله أحيانا بعض المصائب يبعثها الله لتهذبنا..	Neutral
3996	اللهم بشرنا بزوال الوباء وطهر الأرض منه واشفي مرضانا ومرضى العالم أجمعين إنك الغفور الرحيم،، اللهم قلت وقولك الحق: (وما كان الله ليعذبهم وأنت فيهم وما كان الله معذبهم وهم يستغفرون) فاللهم نستغفرك ونتوب إليك من جميع الذنوب،، ونتضرع إليك ان تردنا للطفك ومساجدك رداً جميلاً&amp  #كورونا	Neutral
3997	الكمامة لا تحتاجها في كل وقت.. هل تعرف متى يجب عليك لبسها ؟  #كورونا_الجديد  #تعليم_مكه @mg_shd  @makkah_edu  @Media_M_E  https://t.co/fNCEx099Cz	Neutral
3998	#الوقايه_من_كورونا ليش التشائم والتهويل لن يصيبنا الا ماكتبه الله لنا،افعلو الأسباب حصنو انفسكم ،بإذن الله سيزول هذا الوباء والحياة ترجع لطبيعتها  اللهم أصرف عنا الوباء وقنا شر الداء ونجنا من الطعن والطاعون والبلاء وأنزل رحمتك ولطفك على العباد المسلمين إنك على كل شي قدير.	Neutral
3999	الفيروس مش بيروح المولات ولا بيركب مواصلات ولا بيصيب ممثلين ولا بيدخل مكان تبع الجيش نهائي الفيروس بس بيحب يروح الجيم وبيصلي في المسجد يعني بإختصار كده ده فيروس رياضي متدين .. من المسجد للتمرين ومن التمرين للمسجد🙄	Neutral
4000	@AliZarooq يارب يروح الكورونا 🤲🏻	Neutral
4001	"فرع #مطروح – كلمة مرئية بعنوان ""نصائح لتجنب الإصابة بـ #فيروس_كورونا""  https://t.co/1s2TV1SdPZ"	Neutral
4002	ده مبقاش موسم كورونا بقي موسم تزاوج ف اي مش كده ي جماعههه🤷‍♀️	Neutral
4003	في الصين  أي حيوان يشوفوه يأكلوه..  في الهند أي حيوان يشوفوه يعبدوه..   العرب أي حيوان يشوفوه ينتخبوه.. #كورونا	Neutral
4004	#الصحه_العالميه تقدم 5 نصائح للمسافرين لتجنب الإصابة بـ #فيروس_كورونا #كورونا  https://t.co/3Dbtgiw2Hp  https://t.co/ciByec5LER	Neutral
4005	تنعي النقابة العامة للأطباء بمزيد من الحزن والأسي  الشهيد الدكتور جمال ابو العلا  استشارى أمراض الباطنة والذي توفي متأثرًا بإصابة بفيروس كورونا المستجد  سائلين المولي ان يتقبله من الشهداء ويسكنه فسيح جناته ويلهم أسرته الصبر والسلوان  https://t.co/QCwK4dxPcZ	Neutral
4006	@mn22690 يروح الوباء وترجع حياتنا الطبيعيه	Neutral
4007	كمام العهد القوي🙈😷 #كورونا  #سنموت_بعد_قليل  #لا_داعي_للهلع  #لبنان_ينتفض  #لا_ثقة  https://t.co/lOiqrWzQon	Neutral
4008	لا ما هو أنا مبقاش باكل حواوشي ب ٧ جنية وتقولي حاسب فيه فيروس هيموتك  https://t.co/oOKloictyS	Neutral
4009	مالي أرى الناس في رعب يؤرقهم ::  من الكورونا كان الموت قد وصلا :: يا خائفا من لقاء الموت مرتعدا :: هل يمنع الخوف أمر الله أن نزلا :: الموت كأسا وحتما سوف نشربه :: لا شك انا سنرحل مثل من رحلا :: فلا تموتوا بداء الخوف وابتسموا :: لا ينتهي العمر حتي يبلغ الأجلا . 😷	Neutral
4010	الطفلة مهرة الشحي توجه نصائح لأطفال #الإمارات لتجنب الإصابة بفيروس #كورونا. #وقاية_وأمان  @dubaitv  https://t.co/32sUWjqf6V	Neutral
4011	مالي ارى الناس في رُعبٍ يؤرقهم   من الكورونا كأن الموت قد وصلَ        يا خائفاً من لقاء الموت مرتعداً هل يمنع الخوف أمر الله  إن نزلَ  َالموت كأساًُ وحتماً سوف نشربهُ لا شك إنّا سنرحلُ مثل من رحلَ  فلا تموتوا بداء الخوف وابتسمو ؟ لا ينتهي الـــعمر حتى نَبلُـغ الاجلَ  راقت لي 👌	Neutral
4012	*مالي ارى الناس في رُعبٍ يؤرقهم  *من كورونا كأن الموت قد وصلَ       *يا خائفاً من لقاء الموت مرتعداً *هل يمنع الخوف أمر الله  إن نزلَ *الموت كأساًُ وحتماً سوف نشربهُ *لا شك إننّا سنرحلُ مثل من رحلَ *فلا تموتوا بداء الخوف وابتسموا *لا ينتهي الـــعمر حتى نَبلُـغ الاجلَ  https://t.co/E0ho2VgxYg	Neutral
4013	التفريط في سبل الوقاية #كورونا #Covid_19  #فيروس_كورونا #الجزائر #فرنسا #إيطاليا #الصين #الحجر_الصحي #الحجر_المنزلي #كوفيد١٩ #الزم_بيتك #ريح_في_دارك #خليك_في_بيتك  https://t.co/WHflFreiCh	Neutral
4014	#سنابات_غرفه_المعلمات  سلامتنا سعادتنا وغايتنا الامان لكم لأنكم أنتم أغلى ما نملك نسأل الله الأمن والسلامة  سجل وانشر عروضك مجانا بدون عمولة  سلامتنا  https://t.co/RTTMA2JFdP صحة وسلامة المعتمرين والزوار من فيروس كورونا الجديد  https://t.co/0i9pLBf5XH  https://t.co/6MYqizS8Lu	Neutral
4015	ألوباءُ كالنار... أنتُم وقُودُهاْ تفَرَّقواْ حتىْ لاْ تَجِدَ ما يُشعِلُهاْ فتَنطَفِئ... خلونا ملتزمين ونرجع نشوف الناس يلي إلها مشتاقين  #خليك_بالبيت  https://t.co/6bbuntnxuU	Neutral
4016	@itsJeffTiedrich انت تعجبني كثيرا يا تيدريش ، عندي وصفه طبيعيه تنقذ العالم من الكورونا ومن افاتها ساعدني يا تيدريش ان اسوقها للعالم انا جاهز ان القي محاضره مع كبار علماء الطب للشرح لهم مدى نجاعه ونجاح الوصفه التي تنقذ العالم من المورونا 972522878900 انا مسؤول عما اقول ناجحه ١٠٠/١	Neutral
4017	#كورونا #البدون اللهم بشرنا بزوال هذا الوباء وارفع عنا الظلم وكل هذا الأبتلاء وطهر الارض منه ومن كل بلاء واشفي مرضانا ومرضى جميع المسلمين أجمعين اللهم انك قلت وقولك الحق  وما كان الله معذبهم وهم يستغفرون  اللهم إنَّا نستغفرك ونتوب اليك من كل ذنب عظيم	Neutral
4018	كنت دايماً ردد هالجملة  بتحبل بالصين بتخلِّف عنا مبروك ما إجانا مش مهم صبي أو بنت مهم الخلقة الكاملة #كورونا  #لبنان_الجديد #لبنان #لا_داعي_للهلع  #سنموت_بعد_قليل #اقفلوا_المدارس	Neutral
4019	"قال الصحابي الجليل عمرو بن العاص في طاعون عمواس : "" الوباء كالنّار وأنتم وقودها تفرَّقوا حتى لا تجد النار ما يُشعلها فتنطفىء وحدها "". #الحجر_المنزلي #وعينا_يحمينا #اقعد_في_دارك #StayHome #منع_التجول #Algerie #coronavirusalgerie #ريح_في_دارك #كورونا_الجزائر #كورونا #فيروس_كورونا"	Neutral
4020	عددًا من النصائح لتجنب عدوى الإصابة بفايروس كورونا المستجد .  https://t.co/mA9oDxSfE5	Neutral
4021	تخيل تبقا مستني كورونا تخلص وبعد ماتخلص وتيجي تنزل تنزل دروس ٣ث تعبت من كتر التفكير🌚💔	Neutral
4022	الشعب كله برا طول اليوم  وبليل يروح يشوف نتائج الكورونا بفكروها إنتخابات	Neutral
4023	الشعب كله طالع برا البيت طول النهار وبليل يروح يشوف نتائج الكورونا ،فاكرنها انتخابات.	Neutral
4024	و الله المُستعان ..  #ريح_في_دارك #ريح_في_داركم #Algerie #Algeria  #فيروس_كورونا  #COVIDー19  #coronavirusalgerie  #الحجر_المنزلي   #الجزائر  #فيروس_كورونا  #StayHome #Algeria  https://t.co/taOObWrlvB  https://t.co/j2PrBrEhMc	Neutral
4025	اللهم إنا نستودعك أنفسنا وذريتنا وقيادتنا اللهم أرحم ضعفنا ولاتطردنا عن جنابك يا الله .. يارب أنت أقوى وأعظم من أن تسلط علينا كورونا. انت أعلم بضعف الإنسان يارب المستغفرين والتائبين والمنيبين اشملنا بعفوك ورحمتك.   اللهم صلي وسلم على نبينا محمد  اللهم بك أصبحنا	Neutral
4026	@hyar_24 @alll447 اهم شي يروح الوباء وتعال معي	Neutral
4027	مالي أرى الناس في رعب يؤرقهم 🤔 من كورونا كان الموت قد وصلا. يا خائفاً من لقاء الموت مرتعدا هل يمنع الخوف أمرا الله إن نزلا الموت كأسا وحتماً سوف نشربه لاشك انا سنرحل مثلا من رحلا فلا تموتوا بداء الخوف وأبتسموا لا ينتهي العمر حتى نبلغ الأجلا	Neutral
4028	سما نيوز: أطباء : معقمات الأيدي من الكحول لا تحمي من الإصابة بـ #كورونا  https://t.co/QrAob9Br13	Neutral
4029	مؤلم جداً  عندما تختنق بسبب الكورونا ، سيقومون بإدخال تلك القطعة المعدنية  في حلقك لتوسيع الحلقوم بعدها يدخلون ذلك الأُنبوب ليصل الى رئتيك ويضخون الأُوكسجين البارد فيهما بعدها تصاب بصداع شديد من صوت فلتر الأوكسجين.    لتجنب كل هذا  #اجلس_بالبيت  #عمان_تواجه_كرونا  #عُمان  https://t.co/zejIh7jFKc	Neutral
4030	5 طرق لتجنب الإصابة بفيروس كورونا المستجد بدلا من الكمامات  https://t.co/zLwkn2tVTp  https://t.co/1eJl2VKGpB	Neutral
4031	تخيل تبقي مستني الكورونا تخلص وبعد متخلص وتيجي تنزل ، تنزل علي دروس ٣ ثانوي.	Neutral
4032	الواحد مبيحبش يدي نصايح والله ويكتب حاجات زي كدا بس الموضوع مبقاش هزار خلاص  مش هيحصل حاجه لما نيجي علي نفسنا أسبوعين بس خلي نزولك للضرورة بس رايح شغلك ، هتجيب ادويه ، او اكل للبيت   عشان تساعد علي انحسار الوباء و تمنع انتشاره    #خليك_في_البيت انشرها في كل مكان !  https://t.co/SZj6X5grav	Neutral
4033	إليك هذه النصائح الهامة لتجنب الإصابة بفيروس كورونا في حال كنت تخطط للعمل من المنزل  https://t.co/1kZuyf3WQ1	Neutral
4034	اللهم  بشرنا بزوال هذا الوباء وإرفع عنا هذا الإبتلاء وطهر الأرض منه واشفي مرضانا  إنك أنت الغفور الرحيم  اللهم قُلت وقولك الحق  وما كان الله معذبهم وهم يستغفرون   فاللهم إنا نستغفرك ونتوب اليك من جميع الذنوب والخطايا  وتقبل صالح الاعمال #خليك_في_البيت  Muslims #الوكرة  #كورونا	Neutral
4035	تخيل يجيلك كورونا قبل ما تتجوز دي تبقي مأساة ، بعد إذن نهاية العالم يا شباب ملحقتش اتكاثر.  - الدحيح 28/3/2020  https://t.co/TqVzC2qSgz	Neutral
4036	@llorang98 اللهم امين  بفضل الله ثم ولاة امرنا اعزهم الله سيذهب وباء كورونا وسيذهب معه البلاء بإذن الله  بلاد المسلمين واحفظنا بحفظك يارب العالمين استودعت الله نفس واهلي والمسلمين جميعاً ورجعنا بسلامة لاهلينا يارب وحشتني يا امي  يارب يفتح الرحلات وارجع الله يحميهم ويحمي مملكتنا الغاليه	Neutral
4037	الكورونا متى ناوي يروح ؟	Neutral
4038	#روسيا_بوتين عندي وصفه طبيعيه ناجحه ١٠٠/١٠٠ تقضي على الكورونا بالمهد، انا جاهز ان اسلمها لكبار علماء الطب لكي يفحصوها تلفون للاستفسار 972522878900 انا جاهز ان اعقد صفقه مع العالم كله لاخراجهم من الفيروس بالوصفه الطبيعيه ، مجربه على البشر وعلى الحيوان .	Neutral
4039	@ندائي إلى سيادة الرئيس عبد المجيد تبون، نحن ثلاثة رئساء مصالح مؤسسة المذابح والمسمكة لولاية الجزائر قدمنا شكوى رسمية للنائب العام ضد فساد مدير المؤسسة تم فصلنا نهائيا من العمل منذ سنة ونحن نعيش وباء الفقر أخطر من هاذا الوباء الذي إبتلى به الله العالم، رجائنا بالله ثم عليكم لرد  https://t.co/V217y8QTN1	Neutral
4040	لتجنب الاصابة بفيروس كورونا _تجنب الاماكن المزدحمة مثل الدوام _تجنب الذهاب الى مشاوير مالها داعي مثل الذهاب للدوام _تجنب الاقتراب من الناس في الاماكن المغلقة مثل مكان العمل   ودمتم سالمين  وباجر دوام	Neutral
4041	اذا ذهب كورونا ولم يحرك ضمائرنا فتأكدوا أننا نحن الوباء على هذه الارض لان الفايروس لم يأتي ليقتل فقط ، بل جاء ليوقضنا من غفلتنا   د.علي المشهداني	Neutral
4042	#ريح_في_داركم   #حالة_الطوارئ_يا_تبون اللهم ارفع عن الوباء	Neutral
4043	مستشفيات متأهبة شباب مسؤول و اعمال خيرية منتشرة تضامن شعبي القهاوي مسكرة الملاعب فاضية لا اختلاط لا مصافحة الكورونا ماجتش تقتل جت تربي  اللهم احفظ بلادنا من كل شر يارب	Neutral
4044	الوجـه الاخر لفيروس كورونا   بيوت معقمة ونظيفه ،  رجال ماكثين في بيوتهم مع عوائلهم، اطفال تحت عنايه منزليه منظمه، وسائل نقل دون أكتظاظ، لا يوجد حوادث سير وازدحام خانق، تلوث بيئي قليل مستشفيات منظمة.ملاعب وكوفيات فارغـة اعمال خيريه منتشرة تضامن شعبي دولي	Neutral
4045	طوابير منظمة-مستشفيات متأهبة  -اطقم طبية مستعدة  -شباب مسؤول واعمال خيرية منتشرة  -تضامن شعبي -ملاعب فارغة -نقص الالفاظ البذيئة -مساواة بين الفقراء و الاغنياء -لا اختلاط لا تقبيل لا مصافحة.#كورونا نظمت مجتمع بأكمله. أحيانا بعض المصائب يبعثها الله لتهذبنا فاستقيموا واعتدلوا.  https://t.co/3vLBbV3oS6	Neutral
4046	@amir_3adel لما الفيروس يروح 😷	Neutral
4047	علاج جديد لـ #فيروس_كورونا الإجابة في الرابط:  https://t.co/PWTEgsTTYQ  #صحتك_في_رمضان #خليك_في_البيت #رمضان #السعودية #الامارات #قطر #COVID19  #الجزائر #فيروس_كورونا	Neutral
4048	أطباء إماراتيون يكافحون «#كورونا» في أكبر مستشفيات العالم .  #رؤية_الإمارات #عين_في_كل_مكان #كورونا #الجميع_مسؤول_عن_الجميع #معاً_قادرين #خلك_في_البيت #لا_تشلون_هم #ملتزمون_يا_وطن #عطاء_في_عملي_وسلامه_في_بيتي  https://t.co/k5lLj7c89z	Neutral
4049	@TebbouneAmadjid #نداء_وطني نطلب من السيد الرئيس عبد المجيد تبون  نريد تطبيق الحجر الصحي الشامل علي كامل التراب الوطني أي في 48 ولاية وذلك بعد عيد الفطر المبارك لمدة 15 أيام للخروج من أزمة فيروس كورونا بأخف الأضرار والانتهاء من هذا الكابوس الذي ارهق كل طبقات المجتمع  وتوفير كل الاحتياجات للعائلات	Neutral
4050	كن حذر 🙌  🔴نصيحة اليوم لتجنب الإصابة بـ #فيروس_كورونا  https://t.co/DepuIMqhy6	Neutral
4051	"""الله يلعن أبو الكورونا اللي قفلت المساجد و حرمتنا من صلاة التراويح."" محمود .. 35 سنة مش بيصلي غير على النبي لما يشوف بنت حلوة.🙂"	Neutral
4052	@TebbouneAmadjid سيادة الرئيس من حقنا توجيه السؤال لحضرتكم، و نحن نحلم بجزائر جديدة، جزائر تبنى بالعلم، و يقومها العدل، جزائر العمائم فيها تحط على رؤوس الأتقياء المخلصين،  العالم بوناطيرو و هو يحمل بين جعبته و داخل محفظته العلمية، دواء 💊 من صنع اياد جزائرية عراقية، يقول أنها تعالج بما الوباء	Neutral
4053	#العرب #اللندنيه _عندي وصفه تخلص العالم كله من فيروس الكورونا للاستفسار تلفون 972522878900 وصفه ناجحه ١٠٠/١٠٠ مجربه على البشر وعلى الحيوانات ، انا جاهز ان اسلمها لكبار علماء الطب والشرح لهم بموتمر صحفي عن الوصفه وكيفيه الاستعمال بعد اخذها بساعه يشفى المصاب بالكورونا باذن الله .	Neutral
4054	إيقاف جميع الرحلات الجوية و البحرية و البرية و غلق جميع المنافذ بات أولوية قصوى فرض حظر التجول و التجمع و التجمهر هي اول الخطوات الفعالة التي ستلجا لها السلطات الجزائرية وفق المستجدات المتسارعة. #كورونا #الجزائر	Neutral
4055	#من_تصدق_منكم_اليوم36  اللهم بقدرتك تجعل اشئ(كن فيكون) اللهم في اخر الجمعه من شعبان اللهم بشرنا بزوال هذا الوباءّ، وأرفع عنا هذا الإبتلاءّ، وطهَر الأرض منه، واجعلنا نصوم رمضان ونحن في امان وعافيه حنا في وجهك يالله  https://t.co/0LSVKwbLLG	Neutral
4056	سيادة الوزير الأول ، بعد التحية والتقدير، نحن ثلاثة رئساء مصالح مؤسسة المذابح والمسمكة لولاية الجزائر قدمنا شكوى رسمية للنائب العام ضد فساد مدير المؤسسة تم فصلنا نهائيا من العمل منذ سنة ونحن نعيش وباء الفقر أخطر من هاذا الوباء رجائنا بالله ثم عليكم لرد الإعتبار لناوإعادةإدماجنا  https://t.co/NwCh05HzyH	Neutral
4057	متى يجب لبس الكمامة لتقليل العدوى من فيروس #كورونا_الجديد .  #الوقاية_من_كورونا. #مرابحة_مرنة.  https://t.co/wsAPSzDHdn  https://t.co/hfO89iBdIY	Neutral
4058	"""الله يلعن ابو الكورونا اللي قفلت المساجد وحرمتنا من صلاة التراويح ""  محمود .. ٣٥ سنة ما يصلي غير على النبي لما يشوف بنت حلوه"	Neutral
4059	لماذا الناس تخاف من كورونا ؟؟؟ لا مفر من الموت ولابد منه....	Neutral
4060	أصوات الإسعاف عم تلعلع جنب #مستشفى_رفيق_الحريري، الحلو إني من سكان منطقة ما بين السفارة الإيرانية و المستشفى يعني كورونا أينما تولينا! 😅 #لا_داعي_للهلع #سنموت_بعد_قليل #كورونا_لبنان	Neutral
4061	"اقوال للتاريخ ""الليرة بخير"" ""لا داعي للهلع من الكورونا"" #كورونا #سنموت_بعد_قليل"	Neutral
4062	🕌🌹 همسةالجمعة والعشر المغفرة 🌹🕌  مالي أرى الناس في رُعبٍ يؤرقهم   من الكورونا كأن الموت قد وصلَ       يا خائفاً من لقاء الموت مرتعداً هل يمنع الخوف أمر الله  إن نزلَ َالموت كأساًُ وحتماً سوف نشربهُ لا شك إنّا سنرحلُ مثل من رحلَ فلاتموتوا بداء الخوف وابتسموا  لا ينتهي العمرحتى	Neutral
4063	@icardi_psg @haftaha_ الله ىلعن الكورونا حرمتنا من مشاهدة كرة القدم - واحد يشجع العربي ١٧ سنه مو شايف الدوري  https://t.co/wKwZwEK2KT	Neutral
4064	الله يلعن ابو الكورونا اللي حرمتنا من صلاة التراويح  - مهند 23 سنة مايصلي الا على النبي لما يشوف بنت حلوه	Neutral
4065	@Mahmoud_Alaaser @Turki_alalshikh باذن الله يروح الوباء	Neutral
4066	تخيل يجيلك كورونا قبل ما تتجوز دي تبقي مأساه ، بعد إذن نهاية العالم ياشباب ملحقتش أتكاثر .  _ الدحيح	Neutral
4067	@UDHMED يعطيكم العافيه على معلوماتكم   هناك عدة تدابير يمكنك تطبيقها لحماية نفسك من فيروس كورونا الجديد. ابدأ بتنظيف يديك بشكل منتظم بفركهما بمطهر كحولي أو بغسلهما بالماء والصابون	Neutral
4068	هسا سفت ان بروسيا ٦٠٦٠ اصابه جديديه عندي وصفه تخرج روسيا من الكورونا وترجع الحياه الى حالتها الطبيعيه وذلك خلال ساعه باذن الله مجربه وناجحه ١٠٠/١٠٠  تلفوني 9722878900	Neutral
4069	#كورونا_الجديد .  اللهم بشرنا بزوال هذا الوباء وارفع عنّا هذا الابتلاء وطهر الأرض منه واشفي مرضانا ومرضى العالم اجمعين إنك الغفور الرحيم    اللهم قلت وقولك الحق وما كان الله معذبهم وهم يستغفرون فاللهم نستغفرك ونتوب إليك من جميع الذنوب .      حفظكم الله أينما كنتم	Neutral
4070	#بريد_الصفحة : عائلة تبيت في العراء بسبب #الحجر_الصحي  #الجزائر #كورونا #كوفيد_19 #ريح_في_دارك #اقعد_في_دارك #الحجر_المنزلي #الحجر_الصحي #Algérie #algeria #corona #covid_19 #confinement  https://t.co/Fc1E35NGuX	Neutral
4071	ارشادات من منظمة الصحة العالمية لتجنب الإصابة بفيروس كورونا  https://t.co/U02VGwk8bt  https://t.co/L8mLYc58oy	Neutral
4072	وتضيق دنيانا فنحسب أننا,,, سنموت يأسا أو نموت نحيبا,,, وإذا بلطف الله يهطل فجأة,,, يربي من اليبس الفتات قلوبا,,, ستفرج ولو بعد حين 🌿🌿🌿  #العراق_كورونا #مساء_الخير #أنت_بخير  https://t.co/D6CUX04fAT	Neutral
4073	🔸الحوادث خفت 🔹تلوث بيئي منخفض 🔸الطوابير منظمة 🔹مستشفيات متأهبة 🔸شباب مسؤول و أعمال خيرية منتشرة 🔹تضامن شعبي 🔸القهاوي مسكره 🔹الملاعب فاضية 🔸لا اختلاط  لا مصافحة  💡الكورونا ما جات تقتل ، جات تربي	Neutral
4074	أمانة اللي بضل مش منصاب بالكورونا خلال ال٤٨ ساعة الجاي، ياخد القرار اللي رح يصدر بي عين الإعتبار و شكراً 😷(انا عم إضحك خلف الكمامة) #لا_داعي_للهلع #سنموت_بعد_قليل #كورونا_لبنان	Neutral
4075	@TheTopVideo الهروب من كورونا ولا الهروب من ايران	Neutral
4076	بسبب كورونا الصين لاخروج من المنزل ايطاليا لادراسه لاعمل السعوديه لاحج لا عمره  ليبيا خالق الراس قاطعه😁	Neutral
4077	متى يجب لبس الكمامة ☑️  #كلنا_مسؤول  #كورونا  #وزارة_التعليم  #تعليم_الطائف  https://t.co/NR0tKb4njE	Neutral
4078	قال رسول الله صلى الله عليه وسلم ما من عبد يقول في صباح كل يوم ومساء كل ليلة بسم الله الذي لا يضر مع اسمه شيء في الأرض ولا في السماء وهو السميع العليم ثلاث مرات لم يضره شيء  هذا علاج الكورونا بإذن الله	Neutral
4079	"سلامتنا سعادتنا وغايتنا الامان لكم لأنكم أنتم أغلى ما نملك نسأل الله الأمن والسلامة   سجل وانشر عروضك مجانا بدون عمولة  سلامتنا  https://t.co/RTTMA31gCp لقاح ""أوكسفورد"" ضد كورونا.. 6 معلومات أساسية  https://t.co/uyw76NvwrB  https://t.co/nJjjCDo1vM"	Neutral
4080	الشعب الكويتي طول اليوم بالشوارع وبالليل يروح يشوف احصائيات الكورونا  حسبالهم انتخابات	Neutral
4081	Melania Trump sends 150 boxed lunches to children's research hospital  https://t.co/KLcdfQgtrnانا املك وصفه تنجي العالم من الكورونا وتعيد الحياه الى طبيعتها خلال ساعه باذن الله تعالي لنعقد صفقه الفتح وتنجي اميريكا صحيا واقتصاديا تلفون وويتس اب 972522878900 انا جاهز ان اسلمها لكم .	Neutral
4082	مع #حضر_التجول ،و #الحجر_الصحي ،أحكولنا كيفاش راكم تفوتوا يومكم؟  #ريح_في_داركم 🏡  #الجزائر 🇩🇿 #فيروس_كورونا  #كلنا_مسؤول #بيتك_حياتك #حظر_التجوال_في_الجزائر	Neutral
4083	مالي أرى الناس في رُعبٍ يؤرقهم   من الكُرُونا كأن الموت قد وصلَا  يا خائفاً من لقاء الموت مرتعداً هل يمنع الخوف أمر الله إن نزلَا  َالموت كأساًُ وحتماً سوف نشربهُ لا شك إنّا سنرحلُ مثل من رحلَا  فلا تموتوا بداء الخوف وابتسموا لا ينتهي العمر حتى نبلغ الاجلا  #مما_راق_لي   #كورونا	Neutral
4084	#النصر_النادي_الجماهيري_الاول  الجلوس في المنزل وعدم الخروج الا لضرورة والابتعاد عن اماكن التجمعات والمخالطات وترك مسافة لا تقل عن متر ونص بينك وبين الاخرين في المحلات التجاريه والمدامه على غسل اليدين بالماء والصابون سيحميك ويحمي عائلتك واطفالك ومجتمعك من فيروس كورونا باذن الله  https://t.co/W3roObkigV	Neutral
4085	شكله النيزك إجا على لبنان على شكل كورونا❤  #سنموت_بعد_قليل #كورونا	Neutral
4086	#نصيحه_مصاب_بفيروس_كورونا  اللهم بشرنا بزوال هذا الوباء وارفع عنّا هذا الابتلاء  وطهر الأرض منه واشفي مرضانا ومرضى  العالم اجمعين إنك الغفور الرحيم  اللهم  قلت وقولك الحق وما كان الله معذبهم وهم يستغفرون  فاللهم نستغفرك ونتوب إليك من جميع الذنوب🥀	Neutral
4087	بعد رفع منع التجول الجزئي ..  وزارة الصحة :  - اغسل يديك وعقمها باستمرار.  - ابتعد عن أماكن التجمعات.  - لا تقترب من أحد واجعل مسافة. - وتذكر دائمًا أن كبار السن، وأصحاب الأمراض المزمنة هم الأكثر عرضة للفيروس  . . #الوقاية_من_كورونا  #كلنا_مسؤول #رفع_الحظر  #منع_التجول	Neutral
4088	"#تصدق_ليلة_القدر  سلامتنا سعادتنا وغايتنا الامان لكم لأنكم أنتم أغلى ما نملك نسأل الله الأمن والسلامة  سجل وانشر عروضك مجانا بدون عمولة  سلامتنا  https://t.co/RTTMA2JFdP دراسة أخرى مزعجة: كورونا يمكنه الانتشار عن طريق ""التكلم""  https://t.co/bDK25RROY1  https://t.co/uLrqlTW6bE"	Neutral
4089	#فحص_كورونا اذا قالو لك نزلي نقابك نبي نفحصك  https://t.co/wgXq5vPrPP	Neutral
4090	قالوا لهم : ممنوع التجمعات  قالو : لا عادي احنا اهل  كورونا : اهاا خلاص ماجيكم دامكم اهل	Neutral
4091	حدث | مرزوق الغانم: خالص العزاء وصادق المواساة لعائلة الخليفة المطيري بوفاة ابنهم العميد ركن المهندس نافع الخليفة المطيري بعد إصابته بفيروس كورونا، ونسأل الله جلت قدرته ان يرحم الفقيد برحمته ويلهم ذويه الصبر والسلوان.  https://t.co/W085FWG8uD	Neutral
4092	#حالة_طوارىء_يا_تبون قاعدة الإنتصار على الكورونا: أن تتعامل مع أي شخص على أنه مصاب وتتصرف أنت مع كل الأشخاص على أنك مصاب. (وزير الصحة الصيني)	Neutral
4093	يتّخذ #مطار #بيروت إجراءات لمكافحة #كورونا_لبنان ؛ تأتي على الشّكل التّالي: -معك كورونا؟                  -لا                                  -حلوف                                -وحيات إمّي                    -تفضّل حبيبي نوّرت لبنان	Neutral
4094	"علاج الكورونا  ""بسم الله الذي لا يضر مع اسمه شيء في الارض او السماء وهو السميع العليم"" ثلاث مرات"	Neutral
4095	الشعب كله صايع برة طول اليوم وبليل يروح يشوف نتائج الكورونا ،فاكرها انتخابات	Neutral
4096	@Ibrahim_q8 الخطأ اخي العزيز هو ان تعطيهم ورقة رسمية من الدولة وعليها ختم تأكد خلوهم من الفيروس بناء على فحص غير معتمد وثبت فشله!  الأولى إن كانت ترغب في ان تعطيهم مثل هذة الشهادة ان يكون فحص PCR أو لا تعطيهم شهادة من الأساس وتطلب من دولهم فحصهم  لا نريد ان نفقد مصداقيتنا	Neutral
4097	أتقدم باسمي وباسم كل اطارات و عمال #الوكالة_الوطنية_للنفايات @ANDalgerie بأخلص التعازي لكل من الإطارين #صابرين_بقار و #أميرة_شعباني اثر وفات أفراد من عائلتهما تأثرًا ب #فيروس_كورونا. داعين الله عز وجل ان يلهمهما الصبر والسلوان وان يتغمد الفقيدان برحمته الواسعة	Neutral
4098	#فايروس_كورونا  اللهم بشرنا بزوال هذا الوباء وارفع عنّا هذا الابتلاء  وطهر الأرض منه واشفي مرضانا ومرضى  العالم اجمعين إنك الغفور الرحيم  اللهم  قلت وقولك الحق وما كان الله معذبهم وهم يستغفرون  فاللهم نستغفرك ونتوب إليك من جميع الذنوب🥀	Neutral
4099	من الاخطر؟ ؟؟ #كورونا_لبنان  #mtvlebanon  #سنموت_بعد_قليل  #كورونا #لبنان	Neutral
4100	رحمه الله واسكنه فسيح جناته والهم ذويه وأصدقائه و محبيه الصبر والسلوان #فيروس_كورونا_المستجدّ	Neutral
4101	🇺🇸 : سنموت جميعًا 🇮🇹 : لا يمكننا النجاة 🇬🇧 : ودعوا احبابكم 🇸🇦 : وين شحننننتتي #كورونا	Neutral
4102	@drissawaked @Eyaaaad @om83ar @sabqorg @makkahnp @makkahhealth1 @Jeddah_Radio @altamauz2011 @VexA2LfIQl68m3Z @tfrabiah إنا لله وإنا إليه راجعون نسأل الله له الرحمة والمغفرة وأجر الشهداء ونسأل الله الصبر والسلوان والأجر لزوجته وأهله. ورحم الله موتى المسلمين في كورونا وشفى الله المرضى.	Neutral
4103	اليانسون عنا واصل للركب.. 🤭 #كورونا #كورونا_لبنان  #سنموت_بعد_قليل	Neutral
4104	"#الامارات_تطور_علاج_كورونا: مشاعر الفخر تسيطر على مغردي ""تويتر"".. #الإمارات بلد اللا مستحيل .  #رؤية_الإمارات #عين_في_كل_مكان #كورونا #الجميع_مسؤول_عن_الجميع #معاً_قادرين #خلك_في_البيت #لا_تشلون_هم #ملتزمون_يا_وطن #عطاء_في_عملي_وسلامه_في_بيتي  https://t.co/A1d2LTbsmj"	Neutral
4105	طبيب مغربي يُقدم نصائح ذهبية لتفادي الإصابة بفيروس كورونا  https://t.co/2VXIOIisKD	Neutral
4106	اللهم ربي انت اعلم ما بقلوبنا من خوفٍ ورعب اللهم اذهب عنا البلاء واشفي كل مريض اللهم ياقوي ياعزيز ياجبار يارحيم اللهم دعوتك باسمائك الحسنى ففرج عنا كربتنا وارفع عنا البلاء  #كورونا_فيروس #كوفيد_19 #رمضان #كورونا	Neutral
4107	شوارع فاضية و هادئة البيوت نظيفة و معقمة مأكولات شهية الاولاد تحت العناية المنزلية المركزة السيارات مصفوفة الحوادث اختفت تلوث بيئي منخفض الطوابير منظمة محلات ومصاعد وسلات معقمة مستشفيات متأهبة تضامن شعبي القهاوي مسكرة لا اختلاط لا مصافحة #الكورونا ما إجت تقتل إجت تربي👌	Neutral
4108	"""الوباء كالنار و أنتم وقودها، تفرقوا حتى لاتجد مايشعلها؛ فتنطفىء."" #عمرو_بن_العاص لأهل الشام عند ظهور الطاعون  #خليك_في_حوشك #خلونا_أقوى_كورونا"	Neutral
4109	#ساعة_استجابه اللهم اغفر لنا ما قدّمنا وما أخّرنا  وما أسررنا وما أعلنا وما أنت أعلم به منا ،  أنت المقدم وأنت المؤخر  وأنت على كل شيء قدير .. #اللهم_ارفع_عنا_البلاء_والوباء  #لاتخرجون_الا_للضروره #كورونا_كوفيد19يجتاح_العالم #مكة_المكرمة #الكارثه #اللهم_صل_وسلم_على_نبينا_محمد  https://t.co/8qKtkb5PKJ	Neutral
4110	ما هي استراتيجيات #الصيام الصحي في #رمضان؟ الإجابة في الرابط:  https://t.co/HL7Vy52Bru  #صحتك_في_رمضان #StayHome #رمضان #السعودية #الامارات #قطر #COVID19  #الجزائر #فيروس_كورونا	Neutral
4111	مبقاش فارق معايا ترجع حياتنا الطبيعية إمتى قد ما فارق معايا إن ربنا ميوجعش قلبي على حد من اهلى  يارب بلغنا نهاية أزمة الكورونا لا فاقدين ولا مفقودين ياالله🤲🏻	Neutral
4112	@fromwaterofAlg @AlarabyTV هههههههه..... تخمام نتاع زيطوط.... يخي قلتو الكورونا مكاش منها..... انتم و الكورونا خاوة خاوة	Neutral
4113	#العلاوه_السنويه276 - الحوادث خفّت - تلوث بيئي منخفض - الطوابير منظمة - مستشفيات متأهبة - شباب مسؤول و أعمال خيرية منتشرة - تضامن شعبي -القهاوي مسكره - الملاعب فاضية -لا اختلاط  لا مصافحة  #كورونا ما جات تقتل، جات تربي👌	Neutral
4114	"هذ رمضان إن شاء الله   مغاديش نتفرجو  فالحموضة ديال ""مشيتي فيها ""راه حنا إلي غادين نمشيو فيها ......😂😂😂😂 #فيروس_كورونا  #بقا_فدارك_باش_تحمي_بلادك"	Neutral
4115	إن هذه الأيام تطلب الكثير من الصبر!   #كورونا	Neutral
4116	من أول الإجرائات التي اخذتها #بريطانيا إيقاف العيادات في المستشفيات العامة. أما توجيه الحالات المستعجلة فيكون عبر الاتصالات عبر رقم خاص. بذلك ضمنوا أن لا تكون المستشفيات بؤر نقل عدوى. #الصين جمعت مصابي كورونا في مستشفيات خاصة. أرجو أن تكون تونس قد انتبهت لهذا الأمر. #كورونا	Neutral
4117	- مستشفيات متأهبة - شباب مسؤول و أعمال خيرية منتشرة - تضامن شعبي -القهاوي مسكرة - الملاعب فاضية -لا اختلاط لا مصافحة  - الكورونا ما جات تقتل جات تربي 👌🏻 #حظر_كامل #منع_التجول #خلك_في_البيت #كوفيد_19 #كورونا	Neutral
4118	لا داعي للهلع  #فيروس_كورونا سنموت بعد قليل 🤦‍♀️ شعب طريش 🤷‍♀️  https://t.co/9I59Xd1D6D	Neutral
4119	#العوده_بعد_كورونا  🇺🇸 : سنموت جميعًا 🇮🇹 : لا يمكننا النجاة 🇸🇦 : أبي شحننننتتي	Neutral
4120	متى يجب عليك لبس الكمامة لـ #الوقايه_من_كورونا ؟ .. #كورونا_الجديد  #كورونا  https://t.co/DVK2Etga6F	Neutral
4121	يارب تكون شكوكي بغير محل ربي يسترنا  فاكثرو من هذا الدعاء : ((  اللَّهمَّ إنِّي أعوذُ بِكَ منَ البرصِ والجنونِ والجذامِ ومن سيِّئِ الأسقامِ ))  لن يصيبنا الا ماكتبه الله لنا   #كورونا  #الجزاير	Neutral
4122	الشعب كله صايع برة طول النهار وبالليل يروح يشوف نتيجة الكورونا 🙄فاكرينها إنتخابات	Neutral
4123	@abdulkarimss @almaswuwl هذا وباء كيف توزعه على المستشفيات ؟  وزارة الصحة محدده مستشفيات للحجر الصحي تكون الحالات فيها حتى لا ينتشر ويتم السيطره عليه حتى مستشفيات الوزارة اذا كشفت حاله يتم تحويله للمستشفى المحدده من قبل الوزارة لمعالجة الكورونا	Neutral
4124	@ALG_Presidency سيادة الرئيس:في لقاء الصحافة اليوم أثلجتا صدورنا، نستحلفك بالله أن تعيد فتح ملف قضيتنا ،نحن ثلاثة رئساء مصالح مؤسسة تابعة لولاية الجزائر قدمنا شكوى رسمية للنائب العام ضد فساد مدير المؤسسة تم فصلنا نهائيا من العمل منذ سنة ونحن نعيش وباء الفقر، نستحلفك بالله  https://t.co/sCANgrVwCy	Neutral
4125	ده مبقاش موسم كورونا بقا موسم تزاوج.	Neutral
4126	. رجل أعمال #إماراتي يتبرع بـ15 مليون جنيه لحملة #علاج غير القادرين بمستشفى #وادي_النيل في #مصر  #رؤية_الإمارات #عين_في_كل_مكان #كورونا #الجميع_مسؤول_عن_الجميع #معاً_قادرين #خلك_في_البيت #لا_تشلون_هم #ملتزمون_يا_وطن #عطاء_في_عملي_وسلامه_في_بيتي  https://t.co/6iUwOkMain	Neutral
4127	نصائح لأصحاب الأمراض المزمنة لتجنب الإصابة بفيروس #كورونا  #وقاية_وأمان  #انت_مسؤول  #YouAreResponsible  https://t.co/YtgLtAMHx5	Neutral
